  0
SECTION
  2
HEADER
  9
$ACADVER
  1
AC1032
  9
$ACADMAINTVER
 90
       55
  9
$DWGCODEPAGE
  3
ANSI_1252
  9
$LASTSAVEDBY
  1
luchi
  9
$REQUIREDVERSIONS
160
                 0
  9
$INSBASE
 10
0.0
 20
0.0
 30
0.0
  9
$EXTMIN
 10
327740.0670602583
 20
1631660.65503043
 30
0.0
  9
$EXTMAX
 10
328152.2830957463
 20
1631913.772596861
 30
1667.218431579319
  9
$LIMMIN
 10
0.0
 20
0.0
  9
$LIMMAX
 10
420.0
 20
297.0
  9
$ORTHOMODE
 70
     0
  9
$REGENMODE
 70
     1
  9
$FILLMODE
 70
     1
  9
$QTEXTMODE
 70
     0
  9
$MIRRTEXT
 70
     0
  9
$LTSCALE
 40
1.0
  9
$ATTMODE
 70
     1
  9
$TEXTSIZE
 40
2.5
  9
$TRACEWID
 40
1.0
  9
$TEXTSTYLE
  7
Standard
  9
$CLAYER
  8
0
  9
$CELTYPE
  6
ByLayer
  9
$CECOLOR
 62
   256
  9
$CELTSCALE
 40
1.0
  9
$DISPSILH
 70
     0
  9
$DIMSCALE
 40
1.0
  9
$DIMASZ
 40
2.5
  9
$DIMEXO
 40
0.625
  9
$DIMDLI
 40
3.75
  9
$DIMRND
 40
0.0
  9
$DIMDLE
 40
0.0
  9
$DIMEXE
 40
1.25
  9
$DIMTP
 40
0.0
  9
$DIMTM
 40
0.0
  9
$DIMTXT
 40
2.5
  9
$DIMCEN
 40
2.5
  9
$DIMTSZ
 40
0.0
  9
$DIMTOL
 70
     0
  9
$DIMLIM
 70
     0
  9
$DIMTIH
 70
     0
  9
$DIMTOH
 70
     0
  9
$DIMSE1
 70
     0
  9
$DIMSE2
 70
     0
  9
$DIMTAD
 70
     1
  9
$DIMZIN
 70
     0
  9
$DIMBLK
  1

  9
$DIMASO
 70
     1
  9
$DIMSHO
 70
     1
  9
$DIMPOST
  1

  9
$DIMAPOST
  1

  9
$DIMALT
 70
     0
  9
$DIMALTD
 70
     3
  9
$DIMALTF
 40
0.03937007874016
  9
$DIMLFAC
 40
1.0
  9
$DIMTOFL
 70
     1
  9
$DIMTVP
 40
0.0
  9
$DIMTIX
 70
     0
  9
$DIMSOXD
 70
     0
  9
$DIMSAH
 70
     0
  9
$DIMBLK1
  1

  9
$DIMBLK2
  1

  9
$DIMSTYLE
  2
ISO-25
  9
$DIMCLRD
 70
     0
  9
$DIMCLRE
 70
     0
  9
$DIMCLRT
 70
     0
  9
$DIMTFAC
 40
1.0
  9
$DIMGAP
 40
0.625
  9
$DIMJUST
 70
     0
  9
$DIMSD1
 70
     0
  9
$DIMSD2
 70
     0
  9
$DIMTOLJ
 70
     0
  9
$DIMTZIN
 70
     8
  9
$DIMALTZ
 70
     0
  9
$DIMALTTZ
 70
     0
  9
$DIMUPT
 70
     0
  9
$DIMDEC
 70
     2
  9
$DIMTDEC
 70
     2
  9
$DIMALTU
 70
     2
  9
$DIMALTTD
 70
     3
  9
$DIMTXSTY
  7
Standard
  9
$DIMAUNIT
 70
     0
  9
$DIMADEC
 70
     0
  9
$DIMALTRND
 40
0.0
  9
$DIMAZIN
 70
     0
  9
$DIMDSEP
 70
    44
  9
$DIMATFIT
 70
     3
  9
$DIMFRAC
 70
     0
  9
$DIMLDRBLK
  1

  9
$DIMLUNIT
 70
     2
  9
$DIMLWD
 70
    -2
  9
$DIMLWE
 70
    -2
  9
$DIMTMOVE
 70
     0
  9
$DIMFXL
 40
1.0
  9
$DIMFXLON
 70
     0
  9
$DIMJOGANG
 40
0.7853981633974483
  9
$DIMTFILL
 70
     0
  9
$DIMTFILLCLR
 70
     0
  9
$DIMARCSYM
 70
     0
  9
$DIMLTYPE
  6

  9
$DIMLTEX1
  6

  9
$DIMLTEX2
  6

  9
$DIMTXTDIRECTION
 70
     0
  9
$LUNITS
 70
     2
  9
$LUPREC
 70
     4
  9
$SKETCHINC
 40
1.0
  9
$FILLETRAD
 40
0.0
  9
$AUNITS
 70
     0
  9
$AUPREC
 70
     0
  9
$MENU
  1
.
  9
$ELEVATION
 40
0.0
  9
$PELEVATION
 40
0.0
  9
$THICKNESS
 40
0.0
  9
$LIMCHECK
 70
     0
  9
$CHAMFERA
 40
0.0
  9
$CHAMFERB
 40
0.0
  9
$CHAMFERC
 40
0.0
  9
$CHAMFERD
 40
0.0
  9
$SKPOLY
 70
     0
  9
$TDCREATE
 40
2457216.992370579
  9
$TDUCREATE
 40
2457217.200703912
  9
$TDUPDATE
 40
2461265.863981042
  9
$TDUUPDATE
 40
2461266.072314375
  9
$TDINDWG
 40
5.3400038889
  9
$TDUSRTIMER
 40
5.3399957292
  9
$USRTIMER
 70
     1
  9
$ANGBASE
 50
0.0
  9
$ANGDIR
 70
     0
  9
$PDMODE
 70
    32
  9
$PDSIZE
 40
1.5
  9
$PLINEWID
 40
0.0
  9
$SPLFRAME
 70
     0
  9
$SPLINETYPE
 70
     6
  9
$SPLINESEGS
 70
     8
  9
$HANDSEED
  5
E14
  9
$SURFTAB1
 70
     6
  9
$SURFTAB2
 70
     6
  9
$SURFTYPE
 70
     6
  9
$SURFU
 70
     6
  9
$SURFV
 70
     6
  9
$UCSBASE
  2

  9
$UCSNAME
  2

  9
$UCSORG
 10
0.0
 20
0.0
 30
0.0
  9
$UCSXDIR
 10
1.0
 20
0.0
 30
0.0
  9
$UCSYDIR
 10
0.0
 20
1.0
 30
0.0
  9
$UCSORTHOREF
  2

  9
$UCSORTHOVIEW
 70
     0
  9
$UCSORGTOP
 10
0.0
 20
0.0
 30
0.0
  9
$UCSORGBOTTOM
 10
0.0
 20
0.0
 30
0.0
  9
$UCSORGLEFT
 10
0.0
 20
0.0
 30
0.0
  9
$UCSORGRIGHT
 10
0.0
 20
0.0
 30
0.0
  9
$UCSORGFRONT
 10
0.0
 20
0.0
 30
0.0
  9
$UCSORGBACK
 10
0.0
 20
0.0
 30
0.0
  9
$PUCSBASE
  2

  9
$PUCSNAME
  2

  9
$PUCSORG
 10
0.0
 20
0.0
 30
0.0
  9
$PUCSXDIR
 10
1.0
 20
0.0
 30
0.0
  9
$PUCSYDIR
 10
0.0
 20
1.0
 30
0.0
  9
$PUCSORTHOREF
  2

  9
$PUCSORTHOVIEW
 70
     0
  9
$PUCSORGTOP
 10
0.0
 20
0.0
 30
0.0
  9
$PUCSORGBOTTOM
 10
0.0
 20
0.0
 30
0.0
  9
$PUCSORGLEFT
 10
0.0
 20
0.0
 30
0.0
  9
$PUCSORGRIGHT
 10
0.0
 20
0.0
 30
0.0
  9
$PUCSORGFRONT
 10
0.0
 20
0.0
 30
0.0
  9
$PUCSORGBACK
 10
0.0
 20
0.0
 30
0.0
  9
$USERI1
 70
     0
  9
$USERI2
 70
     0
  9
$USERI3
 70
     0
  9
$USERI4
 70
     0
  9
$USERI5
 70
     0
  9
$USERR1
 40
0.0
  9
$USERR2
 40
0.0
  9
$USERR3
 40
0.0
  9
$USERR4
 40
0.0
  9
$USERR5
 40
0.0
  9
$WORLDVIEW
 70
     1
  9
$SHADEDGE
 70
     3
  9
$SHADEDIF
 70
    70
  9
$TILEMODE
 70
     0
  9
$MAXACTVP
 70
    64
  9
$PINSBASE
 10
0.0
 20
0.0
 30
0.0
  9
$PLIMCHECK
 70
     0
  9
$PEXTMIN
 10
29.69895019531249
 20
20.99098358154296
 30
0.0
  9
$PEXTMAX
 10
267.2905517578125
 20
188.9188522338867
 30
0.0
  9
$PLIMMIN
 10
29.69895019531249
 20
20.92861979414774
  9
$PLIMMAX
 10
267.2905517578126
 20
188.9812160212819
  9
$UNITMODE
 70
     0
  9
$VISRETAIN
 70
     1
  9
$PLINEGEN
 70
     0
  9
$PSLTSCALE
 70
     1
  9
$TREEDEPTH
 70
  3020
  9
$CMLSTYLE
  2
Standard
  9
$CMLJUST
 70
     0
  9
$CMLSCALE
 40
20.0
  9
$PROXYGRAPHICS
 70
     1
  9
$MEASUREMENT
 70
     1
  9
$CELWEIGHT
370
    -1
  9
$ENDCAPS
280
     0
  9
$JOINSTYLE
280
     0
  9
$LWDISPLAY
290
     0
  9
$INSUNITS
 70
     4
  9
$HYPERLINKBASE
  1

  9
$STYLESHEET
  1

  9
$XEDIT
290
     1
  9
$CEPSNTYPE
380
     0
  9
$PSTYLEMODE
290
     1
  9
$FINGERPRINTGUID
  2
{116D2666-40A3-4DBA-83E5-DA732556A27B}
  9
$VERSIONGUID
  2
{EA956544-DA3A-9E45-A51C-FDFB2696F18C}
  9
$EXTNAMES
290
     1
  9
$PSVPSCALE
 40
0.0
  9
$OLESTARTUP
290
     0
  9
$SORTENTS
280
   127
  9
$INDEXCTL
280
     0
  9
$HIDETEXT
280
     1
  9
$XCLIPFRAME
280
     2
  9
$HALOGAP
280
     0
  9
$OBSCOLOR
 70
   257
  9
$OBSLTYPE
280
     0
  9
$INTERSECTIONDISPLAY
280
     0
  9
$INTERSECTIONCOLOR
 70
   257
  9
$DIMASSOC
280
     2
  9
$PROJECTNAME
  1

  9
$CAMERADISPLAY
290
     0
  9
$LENSLENGTH
 40
50.0
  9
$CAMERAHEIGHT
 40
0.0
  9
$STEPSPERSEC
 40
2.0
  9
$STEPSIZE
 40
6.0
  9
$3DDWFPREC
 40
2.0
  9
$PSOLWIDTH
 40
5.0
  9
$PSOLHEIGHT
 40
80.0
  9
$LOFTANG1
 40
1.570796326794897
  9
$LOFTANG2
 40
1.570796326794897
  9
$LOFTMAG1
 40
0.0
  9
$LOFTMAG2
 40
0.0
  9
$LOFTPARAM
 70
     7
  9
$LOFTNORMALS
280
     1
  9
$LATITUDE
 40
37.795
  9
$LONGITUDE
 40
-122.394
  9
$NORTHDIRECTION
 40
0.0
  9
$TIMEZONE
 70
 -8000
  9
$LIGHTGLYPHDISPLAY
280
     1
  9
$TILEMODELIGHTSYNCH
280
     1
  9
$CMATERIAL
347
EC
  9
$SOLIDHIST
280
     0
  9
$SHOWHIST
280
     1
  9
$DWFFRAME
280
     2
  9
$DGNFRAME
280
     0
  9
$REALWORLDSCALE
290
     1
  9
$INTERFERECOLOR
 62
     1
  9
$INTERFEREOBJVS
345
F9
  9
$INTERFEREVPVS
346
F6
  9
$CSHADOW
280
     0
  9
$SHADOWPLANELOCATION
 40
0.0
  0
ENDSEC
  0
SECTION
  2
CLASSES
  0
CLASS
  1
ACDBDICTIONARYWDFLT
  2
AcDbDictionaryWithDefault
  3
ObjectDBX Classes
 90
        0
 91
        3
280
     0
281
     0
  0
CLASS
  1
ACDBPLACEHOLDER
  2
AcDbPlaceHolder
  3
ObjectDBX Classes
 90
        0
 91
        1
280
     0
281
     0
  0
CLASS
  1
LAYOUT
  2
AcDbLayout
  3
ObjectDBX Classes
 90
        0
 91
        1
280
     0
281
     0
  0
CLASS
  1
DICTIONARYVAR
  2
AcDbDictionaryVar
  3
ObjectDBX Classes
 90
        0
 91
        3
280
     0
281
     0
  0
CLASS
  1
TABLESTYLE
  2
AcDbTableStyle
  3
ObjectDBX Classes
 90
     4095
 91
        3
280
     0
281
     0
  0
CLASS
  1
MATERIAL
  2
AcDbMaterial
  3
ObjectDBX Classes
 90
     1153
 91
        3
280
     0
281
     0
  0
CLASS
  1
VISUALSTYLE
  2
AcDbVisualStyle
  3
ObjectDBX Classes
 90
     4095
 91
        3
280
     0
281
     0
  0
CLASS
  1
SCALE
  2
AcDbScale
  3
ObjectDBX Classes
 90
     1153
 91
        3
280
     0
281
     0
  0
CLASS
  1
MLEADERSTYLE
  2
AcDbMLeaderStyle
  3
ACDB_MLEADERSTYLE_CLASS
 90
     4095
 91
        3
280
     0
281
     0
  0
CLASS
  1
CELLSTYLEMAP
  2
AcDbCellStyleMap
  3
ObjectDBX Classes
 90
     1152
 91
        3
280
     0
281
     0
  0
CLASS
  1
EXACXREFPANELOBJECT
  2
ExAcXREFPanelObject
  3
EXAC_ESW
 90
     1025
 91
        1
280
     1
281
     0
  0
CLASS
  1
NPOCOLLECTION
  2
AcDbImpNonPersistentObjectsCollection
  3
ObjectDBX Classes
 90
     1153
 91
        1
280
     1
281
     0
  0
CLASS
  1
LAYER_INDEX
  2
AcDbLayerIndex
  3
ObjectDBX Classes
 90
        0
 91
        3
280
     0
281
     0
  0
CLASS
  1
SPATIAL_INDEX
  2
AcDbSpatialIndex
  3
AutoCAD 2000
 90
        0
 91
        3
280
     0
281
     0
  0
CLASS
  1
IDBUFFER
  2
AcDbIdBuffer
  3
ObjectDBX Classes
 90
        0
 91
        3
280
     0
281
     0
  0
CLASS
  1
ACDBSECTIONVIEWSTYLE
  2
AcDbSectionViewStyle
  3
ObjectDBX Classes
 90
     1025
 91
        3
280
     0
281
     0
  0
CLASS
  1
ACDBDETAILVIEWSTYLE
  2
AcDbDetailViewStyle
  3
ObjectDBX Classes
 90
     1025
 91
        3
280
     0
281
     0
  0
CLASS
  1
SORTENTSTABLE
  2
AcDbSortentsTable
  3
ObjectDBX Classes
 90
        0
 91
        3
280
     0
281
     0
  0
CLASS
  1
IMAGE
  2
AcDbRasterImage
  3
ISM
 90
      127
 91
        4
280
     0
281
     1
  0
CLASS
  1
IMAGEDEF_REACTOR
  2
AcDbRasterImageDefReactor
  3
ISM
 90
        1
 91
        3
280
     0
281
     0
  0
CLASS
  1
IMAGEDEF
  2
AcDbRasterImageDef
  3
ISM
 90
        0
 91
        3
280
     0
281
     0
  0
CLASS
  1
RASTERVARIABLES
  2
AcDbRasterVariables
  3
ISM
 90
        0
 91
        3
280
     0
281
     0
  0
ENDSEC
  0
SECTION
  2
TABLES
  0
TABLE
  2
VPORT
  5
8
330
0
100
AcDbSymbolTable
 70
     1
  0
VPORT
  5
EA
330
8
100
AcDbSymbolTableRecord
100
AcDbViewportTableRecord
  2
*Active
 70
     0
 10
0.0
 20
0.0
 11
1.0
 21
1.0
 12
327946.1750780023
 22
1631787.213813646
 13
0.0
 23
0.0
 14
10.0
 24
10.0
 15
10.0
 25
10.0
 16
0.0
 26
0.0
 36
1.0
 17
0.0
 27
0.0
 37
0.0
 40
255.2535796496086
 41
1.922535211267606
 42
50.0
 43
0.0
 44
0.0
 50
0.0
 51
0.0
 71
     0
 72
  5000
 73
     1
 74
     3
 75
     0
 76
     1
 77
     0
 78
     0
281
     0
 65
     1
110
0.0
120
0.0
130
0.0
111
1.0
121
0.0
131
0.0
112
0.0
122
1.0
132
0.0
 79
     0
146
0.0
348
F5
 60
     3
 61
     5
292
     1
282
     1
141
0.0
142
0.0
 63
   250
421
  3355443
1001
ACAD_NAV_VCDISPLAY
1070
     3
  0
ENDTAB
  0
TABLE
  2
LTYPE
  5
5
330
0
100
AcDbSymbolTable
 70
    35
  0
LTYPE
  5
14
330
5
100
AcDbSymbolTableRecord
100
AcDbLinetypeTableRecord
  2
ByBlock
 70
     0
  3

 72
    65
 73
     0
 40
0.0
  0
LTYPE
  5
15
330
5
100
AcDbSymbolTableRecord
100
AcDbLinetypeTableRecord
  2
ByLayer
 70
     0
  3

 72
    65
 73
     0
 40
0.0
  0
LTYPE
  5
16
330
5
100
AcDbSymbolTableRecord
100
AcDbLinetypeTableRecord
  2
Continuous
 70
     0
  3
Solid line
 72
    65
 73
     0
 40
0.0
  0
LTYPE
  5
242
330
5
100
AcDbSymbolTableRecord
100
AcDbLinetypeTableRecord
  2
CENTRO1
 70
     0
  3
-- - -- - -- - -- - -- - -- - -- - -- - -- - --
 72
    65
 73
     4
 40
0.44
 49
0.2
 74
     0
 49
-0.08
 74
     0
 49
0.08
 74
     0
 49
-0.08
 74
     0
  0
LTYPE
  5
243
330
5
100
AcDbSymbolTableRecord
100
AcDbLinetypeTableRecord
  2
CENTRO2
 70
     0
  3
___ _ ___ _ ___ _ ___ _ ___ _ ___ _ ___ _ ___ _
 72
    65
 73
     4
 40
0.9
 49
0.6
 74
     0
 49
-0.1
 74
     0
 49
0.1
 74
     0
 49
-0.1
 74
     0
  0
LTYPE
  5
244
330
5
100
AcDbSymbolTableRecord
100
AcDbLinetypeTableRecord
  2
CENTRO3
 70
     0
  3
________  __  ________  __  ________  __  _____
 72
    65
 73
     4
 40
1.3
 49
0.9
 74
     0
 49
-0.1
 74
     0
 49
0.2
 74
     0
 49
-0.1
 74
     0
  0
LTYPE
  5
245
330
5
100
AcDbSymbolTableRecord
100
AcDbLinetypeTableRecord
  2
LIMITE1
 70
     0
  3
__..__..__..__..__..__..__..__..__..__..__..__.
 72
    65
 73
     6
 40
0.54
 49
0.3
 74
     0
 49
-0.08
 74
     0
 49
0.0
 74
     0
 49
-0.08
 74
     0
 49
0.0
 74
     0
 49
-0.08
 74
     0
  0
LTYPE
  5
246
330
5
100
AcDbSymbolTableRecord
100
AcDbLinetypeTableRecord
  2
LIMITE2
 70
     0
  3
____ . . ____ . . ____ . . ____ . . ____ . . __
 72
    65
 73
     6
 40
1.08
 49
0.6
 74
     0
 49
-0.16
 74
     0
 49
0.0
 74
     0
 49
-0.16
 74
     0
 49
0.0
 74
     0
 49
-0.16
 74
     0
  0
LTYPE
  5
247
330
5
100
AcDbSymbolTableRecord
100
AcDbLinetypeTableRecord
  2
LIMITE3
 70
     0
  3
________  .  .  ________  .  .  ________  .  . 
 72
    65
 73
     6
 40
1.62
 49
0.9
 74
     0
 49
-0.24
 74
     0
 49
0.0
 74
     0
 49
-0.24
 74
     0
 49
0.0
 74
     0
 49
-0.24
 74
     0
  0
LTYPE
  5
248
330
5
100
AcDbSymbolTableRecord
100
AcDbLinetypeTableRecord
  2
PUNTOS1
 70
     0
  3
...............................................
 72
    65
 73
     2
 40
0.05
 49
0.0
 74
     0
 49
-0.05
 74
     0
  0
LTYPE
  5
249
330
5
100
AcDbSymbolTableRecord
100
AcDbLinetypeTableRecord
  2
PUNTOS2
 70
     0
  3
. . . . . . . . . . . . . . . . . . . . . . . .
 72
    65
 73
     2
 40
0.1
 49
0.0
 74
     0
 49
-0.1
 74
     0
  0
LTYPE
  5
24A
330
5
100
AcDbSymbolTableRecord
100
AcDbLinetypeTableRecord
  2
PUNTOS3
 70
     0
  3
.  .  .  .  .  .  .  .  .  .  .  .  .  .  .  . 
 72
    65
 73
     2
 40
0.2
 49
0.0
 74
     0
 49
-0.2
 74
     0
  0
LTYPE
  5
24B
330
5
100
AcDbSymbolTableRecord
100
AcDbLinetypeTableRecord
  2
OCULTA1
 70
     0
  3
_ _ _ _ _ _ _ _ _ _ _ _ _ _ _ _ _ _ _ _ _ _ _ _
 72
    65
 73
     2
 40
0.15
 49
0.1
 74
     0
 49
-0.05
 74
     0
  0
LTYPE
  5
24C
330
5
100
AcDbSymbolTableRecord
100
AcDbLinetypeTableRecord
  2
OCULTA2
 70
     0
  3
__ __ __ __ __ __ __ __ __ __ __ __ __ __ __ __
 72
    65
 73
     2
 40
0.3
 49
0.2
 74
     0
 49
-0.1
 74
     0
  0
LTYPE
  5
24D
330
5
100
AcDbSymbolTableRecord
100
AcDbLinetypeTableRecord
  2
OCULTA3
 70
     0
  3
____ ____ ____ ____ ____ ____ ____ ____ ____ __
 72
    65
 73
     2
 40
0.45
 49
0.3
 74
     0
 49
-0.15
 74
     0
  0
LTYPE
  5
24E
330
5
100
AcDbSymbolTableRecord
100
AcDbLinetypeTableRecord
  2
INVISIBLE
 70
     0
  3

 72
    65
 73
     2
 40
1000000.0
 49
0.0
 74
     0
 49
-1000000.0
 74
     0
  0
LTYPE
  5
24F
330
5
100
AcDbSymbolTableRecord
100
AcDbLinetypeTableRecord
  2
SECCION1
 70
     0
  3
___ _ _ ___ _ _ ___ _ _ ___ _ _ ___ _ _ ___ _ _
 72
    65
 73
     6
 40
0.895
 49
0.45
 74
     0
 49
-0.095
 74
     0
 49
0.08
 74
     0
 49
-0.095
 74
     0
 49
0.08
 74
     0
 49
-0.095
 74
     0
  0
LTYPE
  5
250
330
5
100
AcDbSymbolTableRecord
100
AcDbLinetypeTableRecord
  2
SECCION2
 70
     0
  3
______  __  __  ______  __  __  ______  __  __ 
 72
    65
 73
     6
 40
1.3425
 49
0.675
 74
     0
 49
-0.1425
 74
     0
 49
0.12
 74
     0
 49
-0.1425
 74
     0
 49
0.12
 74
     0
 49
-0.1425
 74
     0
  0
LTYPE
  5
251
330
5
100
AcDbSymbolTableRecord
100
AcDbLinetypeTableRecord
  2
SECCION3
 70
     0
  3
____________    ____    ____    ____________   
 72
    65
 73
     6
 40
1.79
 49
0.9
 74
     0
 49
-0.19
 74
     0
 49
0.16
 74
     0
 49
-0.19
 74
     0
 49
0.16
 74
     0
 49
-0.19
 74
     0
  0
LTYPE
  5
252
330
5
100
AcDbSymbolTableRecord
100
AcDbLinetypeTableRecord
  2
RAYA3P1
 70
     0
  3
__... __...__...__...__...__...__...__...__..._
 72
    65
 73
     8
 40
0.62
 49
0.3
 74
     0
 49
-0.08
 74
     0
 49
0.0
 74
     0
 49
-0.08
 74
     0
 49
0.0
 74
     0
 49
-0.08
 74
     0
 49
0.0
 74
     0
 49
-0.08
 74
     0
  0
LTYPE
  5
253
330
5
100
AcDbSymbolTableRecord
100
AcDbLinetypeTableRecord
  2
RAYA3P2
 70
     0
  3
____ . . . ____ . . . ____ . . . ____ . . . ___
 72
    65
 73
     8
 40
1.24
 49
0.6
 74
     0
 49
-0.16
 74
     0
 49
0.0
 74
     0
 49
-0.16
 74
     0
 49
0.0
 74
     0
 49
-0.16
 74
     0
 49
0.0
 74
     0
 49
-0.16
 74
     0
  0
LTYPE
  5
254
330
5
100
AcDbSymbolTableRecord
100
AcDbLinetypeTableRecord
  2
RAYA3P3
 70
     0
  3
________  .  .  .  ________  .  .  .  ________ 
 72
    65
 73
     8
 40
1.86
 49
0.9
 74
     0
 49
-0.24
 74
     0
 49
0.0
 74
     0
 49
-0.24
 74
     0
 49
0.0
 74
     0
 49
-0.24
 74
     0
 49
0.0
 74
     0
 49
-0.24
 74
     0
  0
LTYPE
  5
255
330
5
100
AcDbSymbolTableRecord
100
AcDbLinetypeTableRecord
  2
RAYAXXI
 70
     0
  3
______XXI_______XXI_______XXI_______XXI
 72
    65
 73
     2
 40
0.98
 49
0.8
 74
     2
 75
     0
340
11
 46
0.08
 50
0.0
 44
0.0
 45
-0.04
  9
XX|
 49
-0.18
 74
     0
  0
LTYPE
  5
256
330
5
100
AcDbSymbolTableRecord
100
AcDbLinetypeTableRecord
  2
RAYAXXX
 70
     0
  3
______XXX______XXX______XXX______XXX______XXX
 72
    65
 73
     2
 40
1.02
 49
0.8
 74
     2
 75
     0
340
11
 46
0.08
 50
0.0
 44
0.0
 45
-0.04
  9
XXX
 49
-0.22
 74
     0
  0
LTYPE
  5
257
330
5
100
AcDbSymbolTableRecord
100
AcDbLinetypeTableRecord
  2
RAYAXX
 70
     0
  3
______XX______XX______XX______XX______XX______X
 72
    65
 73
     2
 40
0.935
 49
0.8
 74
     2
 75
     0
340
11
 46
0.08
 50
0.0
 44
0.0
 45
-0.04
  9
XX
 49
-0.135
 74
     0
  0
LTYPE
  5
258
330
5
100
AcDbSymbolTableRecord
100
AcDbLinetypeTableRecord
  2
RAYAXI
 70
     0
  3
______XI______XI______XI______XI______XI______X
 72
    65
 73
     2
 40
0.9
 49
0.8
 74
     2
 75
     0
340
11
 46
0.08
 50
0.0
 44
0.0
 45
-0.04
  9
X|
 49
-0.1
 74
     0
  0
LTYPE
  5
259
330
5
100
AcDbSymbolTableRecord
100
AcDbLinetypeTableRecord
  2
RAYAX
 70
     0
  3
______  X  ______  X  ______  X  ______  X  ___
 72
    65
 73
     2
 40
0.9
 49
0.8
 74
     2
 75
     0
340
11
 46
0.08
 50
0.0
 44
0.025
 45
-0.04
  9
X
 49
-0.1
 74
     0
  0
LTYPE
  5
25A
330
5
100
AcDbSymbolTableRecord
100
AcDbLinetypeTableRecord
  2
RAYARAYAMAS
 70
     0
  3
____ ____ +____ ____ +____ ____ +____ ____ +
 72
    65
 73
     4
 40
1.49
 49
0.6
 74
     0
 49
-0.15
 74
     0
 49
0.6
 74
     2
 75
     0
340
11
 46
0.12
 50
0.0
 44
0.035
 45
-0.06
  9
+
 49
-0.14
 74
     0
  0
LTYPE
  5
25B
330
5
100
AcDbSymbolTableRecord
100
AcDbLinetypeTableRecord
  2
RAYARAYA1G
 70
     0
  3
____ ____ _ ____ ____ _ ____ ____ _ ____
 72
    65
 73
     6
 40
1.34
 49
0.5
 74
     0
 49
-0.08
 74
     0
 49
0.5
 74
     0
 49
-0.08
 74
     0
 49
0.1
 74
     0
 49
-0.08
 74
     0
  0
LTYPE
  5
25C
330
5
100
AcDbSymbolTableRecord
100
AcDbLinetypeTableRecord
  2
RAYARAYA2G
 70
     0
  3
____ ____ _ _ ____ ____ _ _ ____ ____ _ _
 72
    65
 73
     8
 40
1.52
 49
0.5
 74
     0
 49
-0.08
 74
     0
 49
0.5
 74
     0
 49
-0.08
 74
     0
 49
0.1
 74
     0
 49
-0.08
 74
     0
 49
0.1
 74
     0
 49
-0.08
 74
     0
  0
LTYPE
  5
25D
330
5
100
AcDbSymbolTableRecord
100
AcDbLinetypeTableRecord
  2
RAYARAYAMASI
 70
     0
  3
____ ____ +I ____ ____ +I ____ ____
 72
    65
 73
     4
 40
1.265
 49
0.5
 74
     0
 49
-0.08
 74
     0
 49
0.5
 74
     2
 75
     0
340
11
 46
0.12
 50
90.0
 44
0.165
 45
-0.04
  9
%%P
 49
-0.185
 74
     0
  0
LTYPE
  5
25E
330
5
100
AcDbSymbolTableRecord
100
AcDbLinetypeTableRecord
  2
RAYAMAS
 70
     0
  3
____ + ____ +____ + ____ + ____ + ____ + ____ +
 72
    65
 73
     2
 40
0.75
 49
0.6
 74
     2
 75
     0
340
11
 46
0.12
 50
0.0
 44
0.035
 45
-0.06
  9
+
 49
-0.15
 74
     0
  0
LTYPE
  5
25F
330
5
100
AcDbSymbolTableRecord
100
AcDbLinetypeTableRecord
  2
RAYAI
 70
     0
  3
_____ | _____ | _____ | _____ | _____ | _____ |
 72
    65
 73
     2
 40
0.7
 49
0.6
 74
     2
 75
     0
340
11
 46
0.08
 50
0.0
 44
0.05
 45
-0.04
  9
|
 49
-0.1
 74
     0
  0
LTYPE
  5
260
330
5
100
AcDbSymbolTableRecord
100
AcDbLinetypeTableRecord
  2
RAYACONTX
 70
     0
  3
_______X_______X_______X_______X_______X_______
 72
    65
 73
     2
 40
0.8
 49
0.8
 74
     2
 75
     0
340
11
 46
0.08
 50
0.0
 44
0.025
 45
-0.04
  9
X
 49
0.0
 74
     0
  0
LTYPE
  5
261
330
5
100
AcDbSymbolTableRecord
100
AcDbLinetypeTableRecord
  2
RAYACONTDIAG
 70
     0
  3
______/______/______/______/______/______/_____
 72
    65
 73
     2
 40
0.8
 49
0.8
 74
     2
 75
     0
340
11
 46
0.08
 50
0.0
 44
0.025
 45
-0.04
  9
/
 49
0.0
 74
     0
  0
LTYPE
  5
262
330
5
100
AcDbSymbolTableRecord
100
AcDbLinetypeTableRecord
  2
RAYARAYADIAG2P
 70
     0
  3
____/___ .. ____/___ .. ____/___ .. ____/___ ..
 72
    65
 73
     8
 40
1.08
 49
0.3
 74
     2
 75
     0
340
11
 46
0.08
 50
0.0
 44
0.025
 45
-0.04
  9
/
 49
0.0
 74
     0
 49
0.3
 74
     0
 49
-0.16
 74
     0
 49
0.0
 74
     0
 49
-0.16
 74
     0
 49
0.0
 74
     0
 49
-0.16
 74
     0
  0
LTYPE
  5
263
330
5
100
AcDbSymbolTableRecord
100
AcDbLinetypeTableRecord
  2
RAYADIAG1P
 70
     0
  3
____/___ . ____/___ . ____/___ . ____/___ . ___
 72
    65
 73
     6
 40
0.8
 49
0.3
 74
     2
 75
     0
340
11
 46
0.08
 50
0.0
 44
0.025
 45
-0.04
  9
/
 49
0.0
 74
     0
 49
0.3
 74
     0
 49
-0.1
 74
     0
 49
0.0
 74
     0
 49
-0.1
 74
     0
  0
ENDTAB
  0
TABLE
  2
LAYER
  5
2
102
{ACAD_XDICTIONARY
360
1FF
102
}
330
0
100
AcDbSymbolTable
 70
     6
  0
LAYER
  5
10
102
{ACAD_XDICTIONARY
360
13C
102
}
330
2
100
AcDbSymbolTableRecord
100
AcDbLayerTableRecord
  2
0
 70
     0
 62
     7
  6
Continuous
370
    -3
390
F
347
EE
348
0
  0
LAYER
  5
267
102
{ACAD_XDICTIONARY
360
E01
102
}
330
2
100
AcDbSymbolTableRecord
100
AcDbLayerTableRecord
  2
CVL_PUNTO
 70
     0
 62
     2
  6
Continuous
370
    -3
390
F
347
EE
348
0
  0
LAYER
  5
268
102
{ACAD_XDICTIONARY
360
E03
102
}
330
2
100
AcDbSymbolTableRecord
100
AcDbLayerTableRecord
  2
CVL_PUNTO_NUM
 70
     0
 62
     2
  6
Continuous
370
    -3
390
F
347
EE
348
0
  0
LAYER
  5
269
102
{ACAD_XDICTIONARY
360
E05
102
}
330
2
100
AcDbSymbolTableRecord
100
AcDbLayerTableRecord
  2
CVL_RAD
 70
     0
 62
     8
  6
Continuous
370
    -3
390
F
347
EE
348
0
  0
LAYER
  5
A45
102
{ACAD_XDICTIONARY
360
E07
102
}
330
2
100
AcDbSymbolTableRecord
100
AcDbLayerTableRecord
  2
CVL_CURV_D
 70
     0
 62
    94
  6
Continuous
370
    -3
390
F
347
EE
348
0
  0
LAYER
  5
A46
102
{ACAD_XDICTIONARY
360
A47
102
}
330
2
100
AcDbSymbolTableRecord
100
AcDbLayerTableRecord
  2
TEXTO
 70
     0
 62
   110
  6
Continuous
370
    25
390
F
347
EE
348
0
1001
AcAecLayerStandard
1000

1000

  0
ENDTAB
  0
TABLE
  2
STYLE
  5
3
330
0
100
AcDbSymbolTable
 70
     8
  0
STYLE
  5
11
330
3
100
AcDbSymbolTableRecord
100
AcDbTextStyleTableRecord
  2
Standard
 70
     0
 40
0.0
 41
1.0
 50
0.0
 71
     0
 42
2.5
  3
arial.ttf
  4

1001
ACAD
1000
Arial
1071
       34
  0
STYLE
  5
132
330
3
100
AcDbSymbolTableRecord
100
AcDbTextStyleTableRecord
  2
Anotativo
 70
     0
 40
0.0
 41
1.0
 50
0.0
 71
     0
 42
2.5
  3
arial.ttf
  4

1001
AcadAnnotative
1000
AnnotativeData
1002
{
1070
     1
1070
     1
1002
}
1001
ACAD
1000
Arial
1071
       34
  0
STYLE
  5
265
330
3
100
AcDbSymbolTableRecord
100
AcDbTextStyleTableRecord
  2
MONOTXT4
 70
     0
 40
0.0
 41
1.0
 50
0.0
 71
     0
 42
2.5
  3
monotxt4.shx
  4

  0
STYLE
  5
A48
330
3
100
AcDbSymbolTableRecord
100
AcDbTextStyleTableRecord
  2
MANOTEX2
 70
     0
 40
0.0
 41
1.0
 50
0.0
 71
     0
 42
2.5
  3
manotex2.shx
  4

  0
STYLE
  5
A49
330
3
100
AcDbSymbolTableRecord
100
AcDbTextStyleTableRecord
  2
GOTHICE
 70
     0
 40
0.0
 41
1.0
 50
0.0
 71
     0
 42
0.6997664634814651
  3
gothice
  4

  0
STYLE
  5
A4A
330
3
100
AcDbSymbolTableRecord
100
AcDbTextStyleTableRecord
  2
Estilo2
 70
     0
 40
0.0
 41
1.0
 50
0.0
 71
     0
 42
2.0
  3
verdana.ttf
  4

1001
ACAD
1000
Verdana
1071
       34
  0
STYLE
  5
A4B
330
3
100
AcDbSymbolTableRecord
100
AcDbTextStyleTableRecord
  2
Estilo4
 70
     0
 40
0.0
 41
1.0
 50
0.0
 71
     0
 42
1.5
  3
verdana.ttf
  4

1001
ACAD
1000
Verdana
1071
       34
  0
STYLE
  5
A4C
330
3
100
AcDbSymbolTableRecord
100
AcDbTextStyleTableRecord
  2
Estilo8
 70
     0
 40
0.0
 41
1.0
 50
0.0
 71
     0
 42
2.0
  3
verdanai.ttf
  4

1001
ACAD
1000
Verdana
1071
 16777250
  0
ENDTAB
  0
TABLE
  2
VIEW
  5
6
330
0
100
AcDbSymbolTable
 70
     0
  0
ENDTAB
  0
TABLE
  2
UCS
  5
7
330
0
100
AcDbSymbolTable
 70
     0
  0
ENDTAB
  0
TABLE
  2
APPID
  5
9
330
0
100
AcDbSymbolTable
 70
    13
  0
APPID
  5
12
330
9
100
AcDbSymbolTableRecord
100
AcDbRegAppTableRecord
  2
ACAD
 70
     0
  0
APPID
  5
9E
330
9
100
AcDbSymbolTableRecord
100
AcDbRegAppTableRecord
  2
ACAD_PSEXT
 70
     0
  0
APPID
  5
133
330
9
100
AcDbSymbolTableRecord
100
AcDbRegAppTableRecord
  2
AcadAnnoPO
 70
     0
  0
APPID
  5
134
330
9
100
AcDbSymbolTableRecord
100
AcDbRegAppTableRecord
  2
AcadAnnotative
 70
     0
  0
APPID
  5
135
330
9
100
AcDbSymbolTableRecord
100
AcDbRegAppTableRecord
  2
ACAD_DSTYLE_DIMJAG
 70
     0
  0
APPID
  5
136
330
9
100
AcDbSymbolTableRecord
100
AcDbRegAppTableRecord
  2
ACAD_DSTYLE_DIMTALN
 70
     0
  0
APPID
  5
165
330
9
100
AcDbSymbolTableRecord
100
AcDbRegAppTableRecord
  2
ACAD_MLEADERVER
 70
     0
  0
APPID
  5
217
330
9
100
AcDbSymbolTableRecord
100
AcDbRegAppTableRecord
  2
ACAD_NAV_VCDISPLAY
 70
     0
  0
APPID
  5
264
330
9
100
AcDbSymbolTableRecord
100
AcDbRegAppTableRecord
  2
CVL_PUNTO
 70
     0
  0
APPID
  5
2E2
330
9
100
AcDbSymbolTableRecord
100
AcDbRegAppTableRecord
  2
ACAD_EXEMPT_FROM_CAD_STANDARDS
 70
     0
  0
APPID
  5
A4D
330
9
100
AcDbSymbolTableRecord
100
AcDbRegAppTableRecord
  2
GradientColor1ACI
 70
     0
  0
APPID
  5
A4E
330
9
100
AcDbSymbolTableRecord
100
AcDbRegAppTableRecord
  2
GradientColor2ACI
 70
     0
  0
APPID
  5
A4F
330
9
100
AcDbSymbolTableRecord
100
AcDbRegAppTableRecord
  2
AcAecLayerStandard
 70
     0
  0
ENDTAB
  0
TABLE
  2
DIMSTYLE
  5
A
330
0
100
AcDbSymbolTable
 70
     3
100
AcDbDimStyleTable
  0
DIMSTYLE
105
1B0
330
A
100
AcDbSymbolTableRecord
100
AcDbDimStyleTableRecord
  2
Standard
 70
     0
178
     0
340
11
  0
DIMSTYLE
105
137
330
A
100
AcDbSymbolTableRecord
100
AcDbDimStyleTableRecord
  2
Anotativo
 70
     0
 40
0.0
 41
2.5
 42
0.625
 43
3.75
 44
1.25
 73
     0
 74
     0
 77
     1
 78
     8
140
2.5
141
2.5
143
0.03937007874016
147
0.625
171
     3
172
     1
178
     0
271
     2
272
     2
274
     3
278
    44
283
     0
284
     8
340
11
1001
AcadAnnotative
1000
AnnotativeData
1002
{
1070
     1
1070
     1
1002
}
1001
ACAD_DSTYLE_DIMJAG
1070
   388
1040
1.5
1001
ACAD_DSTYLE_DIMTALN
1070
   392
1070
     0
  0
DIMSTYLE
105
27
330
A
100
AcDbSymbolTableRecord
100
AcDbDimStyleTableRecord
  2
ISO-25
 70
     0
 41
2.5
 42
0.625
 43
3.75
 44
1.25
 73
     0
 74
     0
 77
     1
 78
     8
140
2.5
141
2.5
143
0.03937007874016
147
0.625
171
     3
172
     1
178
     0
271
     2
272
     2
274
     3
278
    44
283
     0
284
     8
340
11
  0
ENDTAB
  0
TABLE
  2
BLOCK_RECORD
  5
1
330
0
100
AcDbSymbolTable
 70
     9
  0
BLOCK_RECORD
  5
1F
102
{ACAD_XDICTIONARY
360
1CE
102
}
330
1
100
AcDbSymbolTableRecord
100
AcDbBlockTableRecord
  2
*Model_Space
340
22
 70
     0
280
     1
281
     0
  0
BLOCK_RECORD
  5
DF2
330
1
100
AcDbSymbolTableRecord
100
AcDbBlockTableRecord
  2
*Paper_Space
340
DF3
 70
     0
280
     1
281
     0
  0
BLOCK_RECORD
  5
804
330
1
100
AcDbSymbolTableRecord
100
AcDbBlockTableRecord
  2
*X0
340
0
102
{BLKREFS
331
A23
102
}
 70
     0
280
     1
281
     0
  0
BLOCK_RECORD
  5
856
330
1
100
AcDbSymbolTableRecord
100
AcDbBlockTableRecord
  2
*X1
340
0
102
{BLKREFS
331
A22
102
}
 70
     0
280
     1
281
     0
  0
BLOCK_RECORD
  5
8A8
330
1
100
AcDbSymbolTableRecord
100
AcDbBlockTableRecord
  2
*X2
340
0
102
{BLKREFS
331
A21
102
}
 70
     0
280
     1
281
     0
  0
BLOCK_RECORD
  5
8FA
330
1
100
AcDbSymbolTableRecord
100
AcDbBlockTableRecord
  2
*X3
340
0
102
{BLKREFS
331
A20
102
}
 70
     0
280
     1
281
     0
  0
BLOCK_RECORD
  5
90D
330
1
100
AcDbSymbolTableRecord
100
AcDbBlockTableRecord
  2
*X4
340
0
102
{BLKREFS
331
A1F
102
}
 70
     0
280
     1
281
     0
  0
BLOCK_RECORD
  5
95F
330
1
100
AcDbSymbolTableRecord
100
AcDbBlockTableRecord
  2
*X5
340
0
102
{BLKREFS
331
A1E
102
}
 70
     0
280
     1
281
     0
  0
BLOCK_RECORD
  5
9B1
330
1
100
AcDbSymbolTableRecord
100
AcDbBlockTableRecord
  2
*X6
340
0
102
{BLKREFS
331
A1D
102
}
 70
     0
280
     1
281
     0
  0
BLOCK_RECORD
  5
A03
330
1
100
AcDbSymbolTableRecord
100
AcDbBlockTableRecord
  2
*X7
340
0
102
{BLKREFS
331
A1C
102
}
 70
     0
280
     1
281
     0
  0
BLOCK_RECORD
  5
A16
330
1
100
AcDbSymbolTableRecord
100
AcDbBlockTableRecord
  2
NORT2
340
0
 70
     0
280
     1
281
     0
  0
ENDTAB
  0
ENDSEC
  0
SECTION
  2
BLOCKS
  0
BLOCK
  5
20
330
1F
100
AcDbEntity
  8
0
100
AcDbBlockBegin
  2
*Model_Space
 70
     0
 10
0.0
 20
0.0
 30
0.0
  3
*Model_Space
  1

  0
ENDBLK
  5
21
330
1F
100
AcDbEntity
  8
0
100
AcDbBlockEnd
  0
BLOCK
  5
DF4
330
DF2
100
AcDbEntity
 67
     1
  8
0
100
AcDbBlockBegin
  2
*Paper_Space
 70
     0
 10
0.0
 20
0.0
 30
0.0
  3
*Paper_Space
  1

  0
ENDBLK
  5
DF5
330
DF2
100
AcDbEntity
 67
     1
  8
0
100
AcDbBlockEnd
  0
BLOCK
  5
805
330
804
100
AcDbEntity
  8
0
100
AcDbBlockBegin
  2
*X0
 70
     1
 10
0.0
 20
0.0
 30
0.0
  3
*X0
  1

  0
LINE
  5
806
330
804
100
AcDbEntity
  8
0
 62
     0
100
AcDbLine
 10
15.14647635569893
 20
10.85080265999065
 30
0.0
 11
15.31468531468531
 21
11.01901161897703
 31
0.0
  0
LINE
  5
807
330
804
100
AcDbEntity
  8
0
 62
     0
100
AcDbLine
 10
15.15151272938274
 20
10.87351670320412
 30
0.0
 11
15.31468531468531
 21
11.0366892885067
 31
0.0
  0
LINE
  5
808
330
804
100
AcDbEntity
  8
0
 62
     0
100
AcDbLine
 10
15.15654910306655
 20
10.89623074641759
 30
0.0
 11
15.31468531468531
 21
11.05436695803636
 31
0.0
  0
LINE
  5
809
330
804
100
AcDbEntity
  8
0
 62
     0
100
AcDbLine
 10
15.16158547675035
 20
10.91894478963106
 30
0.0
 11
15.31468531468531
 21
11.07204462756602
 31
0.0
  0
LINE
  5
80A
330
804
100
AcDbEntity
  8
0
 62
     0
100
AcDbLine
 10
15.16662185043416
 20
10.94165883284453
 30
0.0
 11
15.31468531468531
 21
11.08972229709569
 31
0.0
  0
LINE
  5
80B
330
804
100
AcDbEntity
  8
0
 62
     0
100
AcDbLine
 10
15.17165822411796
 20
10.96437287605801
 30
0.0
 11
15.31468531468531
 21
11.10739996662535
 31
0.0
  0
LINE
  5
80C
330
804
100
AcDbEntity
  8
0
 62
     0
100
AcDbLine
 10
15.17669459780177
 20
10.98708691927147
 30
0.0
 11
15.31468531468531
 21
11.12507763615502
 31
0.0
  0
LINE
  5
80D
330
804
100
AcDbEntity
  8
0
 62
     0
100
AcDbLine
 10
15.18173097148558
 20
11.00980096248495
 30
0.0
 11
15.31468531468531
 21
11.14275530568468
 31
0.0
  0
LINE
  5
80E
330
804
100
AcDbEntity
  8
0
 62
     0
100
AcDbLine
 10
15.18676734516938
 20
11.03251500569842
 30
0.0
 11
15.31468531468531
 21
11.16043297521434
 31
0.0
  0
LINE
  5
80F
330
804
100
AcDbEntity
  8
0
 62
     0
100
AcDbLine
 10
15.19180371885319
 20
11.05522904891189
 30
0.0
 11
15.31468531468531
 21
11.17811064474401
 31
0.0
  0
LINE
  5
810
330
804
100
AcDbEntity
  8
0
 62
     0
100
AcDbLine
 10
15.196840092537
 20
11.07794309212536
 30
0.0
 11
15.31468531468531
 21
11.19578831427367
 31
0.0
  0
LINE
  5
811
330
804
100
AcDbEntity
  8
0
 62
     0
100
AcDbLine
 10
15.2018764662208
 20
11.10065713533883
 30
0.0
 11
15.31468531468531
 21
11.21346598380333
 31
0.0
  0
LINE
  5
812
330
804
100
AcDbEntity
  8
0
 62
     0
100
AcDbLine
 10
15.20691283990461
 20
11.1233711785523
 30
0.0
 11
15.31468531468531
 21
11.231143653333
 31
0.0
  0
LINE
  5
813
330
804
100
AcDbEntity
  8
0
 62
     0
100
AcDbLine
 10
15.21194921358842
 20
11.14608522176577
 30
0.0
 11
15.31468531468531
 21
11.24882132286266
 31
0.0
  0
LINE
  5
814
330
804
100
AcDbEntity
  8
0
 62
     0
100
AcDbLine
 10
15.21698558727222
 20
11.16879926497924
 30
0.0
 11
15.31468531468531
 21
11.26649899239233
 31
0.0
  0
LINE
  5
815
330
804
100
AcDbEntity
  8
0
 62
     0
100
AcDbLine
 10
15.22202196095603
 20
11.19151330819271
 30
0.0
 11
15.31468531468531
 21
11.28417666192199
 31
0.0
  0
LINE
  5
816
330
804
100
AcDbEntity
  8
0
 62
     0
100
AcDbLine
 10
15.22705833463984
 20
11.21422735140618
 30
0.0
 11
15.31468531468531
 21
11.30185433145165
 31
0.0
  0
LINE
  5
817
330
804
100
AcDbEntity
  8
0
 62
     0
100
AcDbLine
 10
15.23209470832365
 20
11.23694139461965
 30
0.0
 11
15.31468531468531
 21
11.31953200098132
 31
0.0
  0
LINE
  5
818
330
804
100
AcDbEntity
  8
0
 62
     0
100
AcDbLine
 10
15.23713108200745
 20
11.25965543783312
 30
0.0
 11
15.31468531468531
 21
11.33720967051098
 31
0.0
  0
LINE
  5
819
330
804
100
AcDbEntity
  8
0
 62
     0
100
AcDbLine
 10
15.24216745569126
 20
11.28236948104659
 30
0.0
 11
15.31468531468531
 21
11.35488734004064
 31
0.0
  0
LINE
  5
81A
330
804
100
AcDbEntity
  8
0
 62
     0
100
AcDbLine
 10
15.24720382937507
 20
11.30508352426006
 30
0.0
 11
15.31468531468531
 21
11.37256500957031
 31
0.0
  0
LINE
  5
81B
330
804
100
AcDbEntity
  8
0
 62
     0
100
AcDbLine
 10
15.25224020305887
 20
11.32779756747353
 30
0.0
 11
15.31468531468531
 21
11.39024267909997
 31
0.0
  0
LINE
  5
81C
330
804
100
AcDbEntity
  8
0
 62
     0
100
AcDbLine
 10
15.25727657674268
 20
11.350511610687
 30
0.0
 11
15.31468531468531
 21
11.40792034862963
 31
0.0
  0
LINE
  5
81D
330
804
100
AcDbEntity
  8
0
 62
     0
100
AcDbLine
 10
15.26231295042649
 20
11.37322565390047
 30
0.0
 11
15.31468531468531
 21
11.4255980181593
 31
0.0
  0
LINE
  5
81E
330
804
100
AcDbEntity
  8
0
 62
     0
100
AcDbLine
 10
15.26734932411029
 20
11.39593969711394
 30
0.0
 11
15.31468531468531
 21
11.44327568768896
 31
0.0
  0
LINE
  5
81F
330
804
100
AcDbEntity
  8
0
 62
     0
100
AcDbLine
 10
15.2723856977941
 20
11.41865374032741
 30
0.0
 11
15.31468531468531
 21
11.46095335721863
 31
0.0
  0
LINE
  5
820
330
804
100
AcDbEntity
  8
0
 62
     0
100
AcDbLine
 10
15.2774220714779
 20
11.44136778354088
 30
0.0
 11
15.31468531468531
 21
11.47863102674829
 31
0.0
  0
LINE
  5
821
330
804
100
AcDbEntity
  8
0
 62
     0
100
AcDbLine
 10
15.28245844516171
 20
11.46408182675435
 30
0.0
 11
15.31468531468531
 21
11.49630869627795
 31
0.0
  0
LINE
  5
822
330
804
100
AcDbEntity
  8
0
 62
     0
100
AcDbLine
 10
15.28749481884552
 20
11.48679586996782
 30
0.0
 11
15.31468531468531
 21
11.51398636580762
 31
0.0
  0
LINE
  5
823
330
804
100
AcDbEntity
  8
0
 62
     0
100
AcDbLine
 10
15.29253119252932
 20
11.50950991318129
 30
0.0
 11
15.31468531468531
 21
11.53166403533728
 31
0.0
  0
LINE
  5
824
330
804
100
AcDbEntity
  8
0
 62
     0
100
AcDbLine
 10
15.29756756621313
 20
11.53222395639476
 30
0.0
 11
15.31468531468531
 21
11.54934170486694
 31
0.0
  0
LINE
  5
825
330
804
100
AcDbEntity
  8
0
 62
     0
100
AcDbLine
 10
15.30260393989694
 20
11.55493799960823
 30
0.0
 11
15.31468531468531
 21
11.56701937439661
 31
0.0
  0
LINE
  5
826
330
804
100
AcDbEntity
  8
0
 62
     0
100
AcDbLine
 10
15.30764031358074
 20
11.5776520428217
 30
0.0
 11
15.31468531468531
 21
11.58469704392627
 31
0.0
  0
LINE
  5
827
330
804
100
AcDbEntity
  8
0
 62
     0
100
AcDbLine
 10
15.31267668726455
 20
11.60036608603517
 30
0.0
 11
15.31468531468531
 21
11.60237471345594
 31
0.0
  0
LINE
  5
828
330
804
100
AcDbEntity
  8
0
 62
     0
100
AcDbLine
 10
15.14143998201513
 20
10.82808861677718
 30
0.0
 11
15.31468531468531
 21
11.00133394944737
 31
0.0
  0
LINE
  5
829
330
804
100
AcDbEntity
  8
0
 62
     0
100
AcDbLine
 10
15.13640360833132
 20
10.80537457356371
 30
0.0
 11
15.31468531468531
 21
10.9836562799177
 31
0.0
  0
LINE
  5
82A
330
804
100
AcDbEntity
  8
0
 62
     0
100
AcDbLine
 10
15.13136723464751
 20
10.78266053035024
 30
0.0
 11
15.31468531468531
 21
10.96597861038804
 31
0.0
  0
LINE
  5
82B
330
804
100
AcDbEntity
  8
0
 62
     0
100
AcDbLine
 10
15.12633086096371
 20
10.75994648713677
 30
0.0
 11
15.31468531468531
 21
10.94830094085838
 31
0.0
  0
LINE
  5
82C
330
804
100
AcDbEntity
  8
0
 62
     0
100
AcDbLine
 10
15.1212944872799
 20
10.7372324439233
 30
0.0
 11
15.31468531468531
 21
10.93062327132871
 31
0.0
  0
LINE
  5
82D
330
804
100
AcDbEntity
  8
0
 62
     0
100
AcDbLine
 10
15.11625811359609
 20
10.71451840070983
 30
0.0
 11
15.31468531468531
 21
10.91294560179905
 31
0.0
  0
LINE
  5
82E
330
804
100
AcDbEntity
  8
0
 62
     0
100
AcDbLine
 10
15.11590525800711
 20
10.69648787559119
 30
0.0
 11
15.31468531468531
 21
10.89526793226939
 31
0.0
  0
LINE
  5
82F
330
804
100
AcDbEntity
  8
0
 62
     0
100
AcDbLine
 10
15.12108292753678
 20
10.68398787559119
 30
0.0
 11
15.31468531468531
 21
10.87759026273972
 31
0.0
  0
LINE
  5
830
330
804
100
AcDbEntity
  8
0
 62
     0
100
AcDbLine
 10
15.12626059706644
 20
10.67148787559119
 30
0.0
 11
15.31468531468531
 21
10.85991259321006
 31
0.0
  0
LINE
  5
831
330
804
100
AcDbEntity
  8
0
 62
     0
100
AcDbLine
 10
15.1314382665961
 20
10.65898787559119
 30
0.0
 11
15.31468531468531
 21
10.8422349236804
 31
0.0
  0
LINE
  5
832
330
804
100
AcDbEntity
  8
0
 62
     0
100
AcDbLine
 10
15.13661593612577
 20
10.64648787559119
 30
0.0
 11
15.31468531468531
 21
10.82455725415073
 31
0.0
  0
LINE
  5
833
330
804
100
AcDbEntity
  8
0
 62
     0
100
AcDbLine
 10
15.14179360565543
 20
10.63398787559119
 30
0.0
 11
15.31468531468531
 21
10.80687958462107
 31
0.0
  0
LINE
  5
834
330
804
100
AcDbEntity
  8
0
 62
     0
100
AcDbLine
 10
15.14697127518509
 20
10.62148787559119
 30
0.0
 11
15.31468531468531
 21
10.78920191509141
 31
0.0
  0
LINE
  5
835
330
804
100
AcDbEntity
  8
0
 62
     0
100
AcDbLine
 10
15.15214894471476
 20
10.60898787559119
 30
0.0
 11
15.31468531468531
 21
10.77152424556174
 31
0.0
  0
LINE
  5
836
330
804
100
AcDbEntity
  8
0
 62
     0
100
AcDbLine
 10
15.15732661424442
 20
10.59648787559119
 30
0.0
 11
15.31468531468531
 21
10.75384657603208
 31
0.0
  0
LINE
  5
837
330
804
100
AcDbEntity
  8
0
 62
     0
100
AcDbLine
 10
15.16250428377409
 20
10.58398787559119
 30
0.0
 11
15.31468531468531
 21
10.73616890650241
 31
0.0
  0
LINE
  5
838
330
804
100
AcDbEntity
  8
0
 62
     0
100
AcDbLine
 10
15.16768195330375
 20
10.57148787559119
 30
0.0
 11
15.31468531468531
 21
10.71849123697275
 31
0.0
  0
LINE
  5
839
330
804
100
AcDbEntity
  8
0
 62
     0
100
AcDbLine
 10
15.17285962283341
 20
10.55898787559119
 30
0.0
 11
15.31468531468531
 21
10.70081356744309
 31
0.0
  0
LINE
  5
83A
330
804
100
AcDbEntity
  8
0
 62
     0
100
AcDbLine
 10
15.17803729236308
 20
10.54648787559119
 30
0.0
 11
15.31468531468531
 21
10.68313589791342
 31
0.0
  0
LINE
  5
83B
330
804
100
AcDbEntity
  8
0
 62
     0
100
AcDbLine
 10
15.18321496189274
 20
10.53398787559119
 30
0.0
 11
15.31468531468531
 21
10.66545822838376
 31
0.0
  0
LINE
  5
83C
330
804
100
AcDbEntity
  8
0
 62
     0
100
AcDbLine
 10
15.1883926314224
 20
10.52148787559119
 30
0.0
 11
15.31468531468531
 21
10.6477805588541
 31
0.0
  0
LINE
  5
83D
330
804
100
AcDbEntity
  8
0
 62
     0
100
AcDbLine
 10
15.19357030095207
 20
10.50898787559119
 30
0.0
 11
15.31468531468531
 21
10.63010288932443
 31
0.0
  0
LINE
  5
83E
330
804
100
AcDbEntity
  8
0
 62
     0
100
AcDbLine
 10
15.19874797048173
 20
10.49648787559119
 30
0.0
 11
15.31468531468531
 21
10.61242521979477
 31
0.0
  0
LINE
  5
83F
330
804
100
AcDbEntity
  8
0
 62
     0
100
AcDbLine
 10
15.20392564001139
 20
10.48398787559119
 30
0.0
 11
15.31468531468531
 21
10.5947475502651
 31
0.0
  0
LINE
  5
840
330
804
100
AcDbEntity
  8
0
 62
     0
100
AcDbLine
 10
15.20910330954106
 20
10.47148787559119
 30
0.0
 11
15.31468531468531
 21
10.57706988073544
 31
0.0
  0
LINE
  5
841
330
804
100
AcDbEntity
  8
0
 62
     0
100
AcDbLine
 10
15.21428097907072
 20
10.45898787559119
 30
0.0
 11
15.31468531468531
 21
10.55939221120578
 31
0.0
  0
LINE
  5
842
330
804
100
AcDbEntity
  8
0
 62
     0
100
AcDbLine
 10
15.21945864860039
 20
10.44648787559119
 30
0.0
 11
15.31468531468531
 21
10.54171454167611
 31
0.0
  0
LINE
  5
843
330
804
100
AcDbEntity
  8
0
 62
     0
100
AcDbLine
 10
15.22463631813005
 20
10.43398787559119
 30
0.0
 11
15.31468531468531
 21
10.52403687214645
 31
0.0
  0
LINE
  5
844
330
804
100
AcDbEntity
  8
0
 62
     0
100
AcDbLine
 10
15.22981398765971
 20
10.42148787559119
 30
0.0
 11
15.31468531468531
 21
10.50635920261679
 31
0.0
  0
LINE
  5
845
330
804
100
AcDbEntity
  8
0
 62
     0
100
AcDbLine
 10
15.23499165718938
 20
10.40898787559119
 30
0.0
 11
15.31468531468531
 21
10.48868153308712
 31
0.0
  0
LINE
  5
846
330
804
100
AcDbEntity
  8
0
 62
     0
100
AcDbLine
 10
15.24016932671904
 20
10.39648787559119
 30
0.0
 11
15.31468531468531
 21
10.47100386355746
 31
0.0
  0
LINE
  5
847
330
804
100
AcDbEntity
  8
0
 62
     0
100
AcDbLine
 10
15.2453469962487
 20
10.38398787559119
 30
0.0
 11
15.31468531468531
 21
10.4533261940278
 31
0.0
  0
LINE
  5
848
330
804
100
AcDbEntity
  8
0
 62
     0
100
AcDbLine
 10
15.25052466577837
 20
10.37148787559119
 30
0.0
 11
15.31468531468531
 21
10.43564852449813
 31
0.0
  0
LINE
  5
849
330
804
100
AcDbEntity
  8
0
 62
     0
100
AcDbLine
 10
15.25570233530803
 20
10.35898787559119
 30
0.0
 11
15.31468531468531
 21
10.41797085496847
 31
0.0
  0
LINE
  5
84A
330
804
100
AcDbEntity
  8
0
 62
     0
100
AcDbLine
 10
15.2608800048377
 20
10.34648787559119
 30
0.0
 11
15.31468531468531
 21
10.40029318543881
 31
0.0
  0
LINE
  5
84B
330
804
100
AcDbEntity
  8
0
 62
     0
100
AcDbLine
 10
15.26605767436736
 20
10.33398787559119
 30
0.0
 11
15.31468531468531
 21
10.38261551590914
 31
0.0
  0
LINE
  5
84C
330
804
100
AcDbEntity
  8
0
 62
     0
100
AcDbLine
 10
15.27123534389702
 20
10.32148787559119
 30
0.0
 11
15.31468531468531
 21
10.36493784637948
 31
0.0
  0
LINE
  5
84D
330
804
100
AcDbEntity
  8
0
 62
     0
100
AcDbLine
 10
15.27641301342669
 20
10.30898787559119
 30
0.0
 11
15.31468531468531
 21
10.34726017684981
 31
0.0
  0
LINE
  5
84E
330
804
100
AcDbEntity
  8
0
 62
     0
100
AcDbLine
 10
15.28159068295635
 20
10.29648787559119
 30
0.0
 11
15.31468531468531
 21
10.32958250732015
 31
0.0
  0
LINE
  5
84F
330
804
100
AcDbEntity
  8
0
 62
     0
100
AcDbLine
 10
15.28676835248601
 20
10.28398787559119
 30
0.0
 11
15.31468531468531
 21
10.31190483779049
 31
0.0
  0
LINE
  5
850
330
804
100
AcDbEntity
  8
0
 62
     0
100
AcDbLine
 10
15.29194602201568
 20
10.27148787559119
 30
0.0
 11
15.31468531468531
 21
10.29422716826082
 31
0.0
  0
LINE
  5
851
330
804
100
AcDbEntity
  8
0
 62
     0
100
AcDbLine
 10
15.29712369154534
 20
10.25898787559119
 30
0.0
 11
15.31468531468531
 21
10.27654949873116
 31
0.0
  0
LINE
  5
852
330
804
100
AcDbEntity
  8
0
 62
     0
100
AcDbLine
 10
15.30230136107501
 20
10.24648787559119
 30
0.0
 11
15.31468531468531
 21
10.25887182920149
 31
0.0
  0
LINE
  5
853
330
804
100
AcDbEntity
  8
0
 62
     0
100
AcDbLine
 10
15.30747903060467
 20
10.23398787559119
 30
0.0
 11
15.31468531468531
 21
10.24119415967183
 31
0.0
  0
LINE
  5
854
330
804
100
AcDbEntity
  8
0
 62
     0
100
AcDbLine
 10
15.31265670013433
 20
10.22148787559119
 30
0.0
 11
15.31468531468531
 21
10.22351649014217
 31
0.0
  0
ENDBLK
  5
855
330
804
100
AcDbEntity
  8
0
100
AcDbBlockEnd
  0
BLOCK
  5
857
330
856
100
AcDbEntity
  8
0
100
AcDbBlockBegin
  2
*X1
 70
     1
 10
0.0
 20
0.0
 30
0.0
  3
*X1
  1

  0
LINE
  5
858
330
856
100
AcDbEntity
  8
0
 62
     0
100
AcDbLine
 10
14.82089548881681
 20
10.43683344546021
 30
0.0
 11
14.95766886243565
 21
10.57360681907905
 31
0.0
  0
LINE
  5
859
330
856
100
AcDbEntity
  8
0
 62
     0
100
AcDbLine
 10
14.81560142490093
 20
10.44921705107399
 30
0.0
 11
14.94883002767082
 21
10.58244565384388
 31
0.0
  0
LINE
  5
85A
330
856
100
AcDbEntity
  8
0
 62
     0
100
AcDbLine
 10
14.81030736098504
 20
10.46160065668778
 30
0.0
 11
14.93999119290598
 21
10.59128448860871
 31
0.0
  0
LINE
  5
85B
330
856
100
AcDbEntity
  8
0
 62
     0
100
AcDbLine
 10
14.80501329706916
 20
10.47398426230156
 30
0.0
 11
14.93115235814115
 21
10.60012332337355
 31
0.0
  0
LINE
  5
85C
330
856
100
AcDbEntity
  8
0
 62
     0
100
AcDbLine
 10
14.79971923315328
 20
10.48636786791534
 30
0.0
 11
14.92231352337632
 21
10.60896215813838
 31
0.0
  0
LINE
  5
85D
330
856
100
AcDbEntity
  8
0
 62
     0
100
AcDbLine
 10
14.7944251692374
 20
10.49875147352912
 30
0.0
 11
14.91347468861149
 21
10.61780099290321
 31
0.0
  0
LINE
  5
85E
330
856
100
AcDbEntity
  8
0
 62
     0
100
AcDbLine
 10
14.78913110532152
 20
10.51113507914291
 30
0.0
 11
14.90463585384666
 21
10.62663982766804
 31
0.0
  0
LINE
  5
85F
330
856
100
AcDbEntity
  8
0
 62
     0
100
AcDbLine
 10
14.78383704140564
 20
10.52351868475669
 30
0.0
 11
14.89579701908182
 21
10.63547866243287
 31
0.0
  0
LINE
  5
860
330
856
100
AcDbEntity
  8
0
 62
     0
100
AcDbLine
 10
14.77854297748976
 20
10.53590229037047
 30
0.0
 11
14.88695818431699
 21
10.6443174971977
 31
0.0
  0
LINE
  5
861
330
856
100
AcDbEntity
  8
0
 62
     0
100
AcDbLine
 10
14.77324891357388
 20
10.54828589598425
 30
0.0
 11
14.87811934955216
 21
10.65315633196254
 31
0.0
  0
LINE
  5
862
330
856
100
AcDbEntity
  8
0
 62
     0
100
AcDbLine
 10
14.767954849658
 20
10.56066950159803
 30
0.0
 11
14.86928051478733
 21
10.66199516672737
 31
0.0
  0
LINE
  5
863
330
856
100
AcDbEntity
  8
0
 62
     0
100
AcDbLine
 10
14.76266078574211
 20
10.57305310721182
 30
0.0
 11
14.8604416800225
 21
10.6708340014922
 31
0.0
  0
LINE
  5
864
330
856
100
AcDbEntity
  8
0
 62
     0
100
AcDbLine
 10
14.75736672182623
 20
10.5854367128256
 30
0.0
 11
14.85160284525766
 21
10.67967283625703
 31
0.0
  0
LINE
  5
865
330
856
100
AcDbEntity
  8
0
 62
     0
100
AcDbLine
 10
14.75207265791035
 20
10.59782031843938
 30
0.0
 11
14.84276401049283
 21
10.68851167102186
 31
0.0
  0
LINE
  5
866
330
856
100
AcDbEntity
  8
0
 62
     0
100
AcDbLine
 10
14.74677859399447
 20
10.61020392405316
 30
0.0
 11
14.833925175728
 21
10.6973505057867
 31
0.0
  0
LINE
  5
867
330
856
100
AcDbEntity
  8
0
 62
     0
100
AcDbLine
 10
14.74148453007859
 20
10.62258752966695
 30
0.0
 11
14.82508634096317
 21
10.70618934055153
 31
0.0
  0
LINE
  5
868
330
856
100
AcDbEntity
  8
0
 62
     0
100
AcDbLine
 10
14.73619046616271
 20
10.63497113528073
 30
0.0
 11
14.81624750619834
 21
10.71502817531636
 31
0.0
  0
LINE
  5
869
330
856
100
AcDbEntity
  8
0
 62
     0
100
AcDbLine
 10
14.73089640224683
 20
10.64735474089451
 30
0.0
 11
14.80740867143351
 21
10.72386701008119
 31
0.0
  0
LINE
  5
86A
330
856
100
AcDbEntity
  8
0
 62
     0
100
AcDbLine
 10
14.72560233833095
 20
10.65973834650829
 30
0.0
 11
14.79856983666867
 21
10.73270584484602
 31
0.0
  0
LINE
  5
86B
330
856
100
AcDbEntity
  8
0
 62
     0
100
AcDbLine
 10
14.72030827441506
 20
10.67212195212208
 30
0.0
 11
14.78973100190384
 21
10.74154467961086
 31
0.0
  0
LINE
  5
86C
330
856
100
AcDbEntity
  8
0
 62
     0
100
AcDbLine
 10
14.71501421049918
 20
10.68450555773586
 30
0.0
 11
14.78089216713901
 21
10.75038351437569
 31
0.0
  0
LINE
  5
86D
330
856
100
AcDbEntity
  8
0
 62
     0
100
AcDbLine
 10
14.7097201465833
 20
10.69688916334964
 30
0.0
 11
14.77205333237418
 21
10.75922234914052
 31
0.0
  0
LINE
  5
86E
330
856
100
AcDbEntity
  8
0
 62
     0
100
AcDbLine
 10
14.70442608266742
 20
10.70927276896342
 30
0.0
 11
14.76321449760935
 21
10.76806118390535
 31
0.0
  0
LINE
  5
86F
330
856
100
AcDbEntity
  8
0
 62
     0
100
AcDbLine
 10
14.69913201875154
 20
10.72165637457721
 30
0.0
 11
14.75437566284451
 21
10.77690001867018
 31
0.0
  0
LINE
  5
870
330
856
100
AcDbEntity
  8
0
 62
     0
100
AcDbLine
 10
14.69383795483566
 20
10.73403998019099
 30
0.0
 11
14.74553682807968
 21
10.78573885343502
 31
0.0
  0
LINE
  5
871
330
856
100
AcDbEntity
  8
0
 62
     0
100
AcDbLine
 10
14.68854389091978
 20
10.74642358580477
 30
0.0
 11
14.73669799331485
 21
10.79457768819985
 31
0.0
  0
LINE
  5
872
330
856
100
AcDbEntity
  8
0
 62
     0
100
AcDbLine
 10
14.6832498270039
 20
10.75880719141855
 30
0.0
 11
14.72785915855002
 21
10.80341652296468
 31
0.0
  0
LINE
  5
873
330
856
100
AcDbEntity
  8
0
 62
     0
100
AcDbLine
 10
14.67795576308801
 20
10.77119079703234
 30
0.0
 11
14.71902032378519
 21
10.81225535772951
 31
0.0
  0
LINE
  5
874
330
856
100
AcDbEntity
  8
0
 62
     0
100
AcDbLine
 10
14.67266169917213
 20
10.78357440264612
 30
0.0
 11
14.71018148902036
 21
10.82109419249434
 31
0.0
  0
LINE
  5
875
330
856
100
AcDbEntity
  8
0
 62
     0
100
AcDbLine
 10
14.66736763525625
 20
10.7959580082599
 30
0.0
 11
14.70134265425552
 21
10.82993302725917
 31
0.0
  0
LINE
  5
876
330
856
100
AcDbEntity
  8
0
 62
     0
100
AcDbLine
 10
14.66207357134037
 20
10.80834161387368
 30
0.0
 11
14.69250381949069
 21
10.83877186202401
 31
0.0
  0
LINE
  5
877
330
856
100
AcDbEntity
  8
0
 62
     0
100
AcDbLine
 10
14.65677950742449
 20
10.82072521948747
 30
0.0
 11
14.68366498472586
 21
10.84761069678884
 31
0.0
  0
LINE
  5
878
330
856
100
AcDbEntity
  8
0
 62
     0
100
AcDbLine
 10
14.65148544350861
 20
10.83310882510125
 30
0.0
 11
14.67482614996103
 21
10.85644953155367
 31
0.0
  0
LINE
  5
879
330
856
100
AcDbEntity
  8
0
 62
     0
100
AcDbLine
 10
14.64619137959273
 20
10.84549243071503
 30
0.0
 11
14.6659873151962
 21
10.8652883663185
 31
0.0
  0
LINE
  5
87A
330
856
100
AcDbEntity
  8
0
 62
     0
100
AcDbLine
 10
14.64089731567685
 20
10.85787603632881
 30
0.0
 11
14.65714848043137
 21
10.87412720108333
 31
0.0
  0
LINE
  5
87B
330
856
100
AcDbEntity
  8
0
 62
     0
100
AcDbLine
 10
14.63560325176097
 20
10.8702596419426
 30
0.0
 11
14.64830964566653
 21
10.88296603584817
 31
0.0
  0
LINE
  5
87C
330
856
100
AcDbEntity
  8
0
 62
     0
100
AcDbLine
 10
14.63030918784509
 20
10.88264324755638
 30
0.0
 11
14.6394708109017
 21
10.891804870613
 31
0.0
  0
LINE
  5
87D
330
856
100
AcDbEntity
  8
0
 62
     0
100
AcDbLine
 10
14.6250151239292
 20
10.89502685317016
 30
0.0
 11
14.63063197613687
 21
10.90064370537783
 31
0.0
  0
LINE
  5
87E
330
856
100
AcDbEntity
  8
0
 62
     0
100
AcDbLine
 10
14.61972106001332
 20
10.90741045878395
 30
0.0
 11
14.62179314137204
 21
10.90948254014266
 31
0.0
  0
LINE
  5
87F
330
856
100
AcDbEntity
  8
0
 62
     0
100
AcDbLine
 10
14.82618955273269
 20
10.42444983984643
 30
0.0
 11
14.96650769720048
 21
10.56476798431422
 31
0.0
  0
LINE
  5
880
330
856
100
AcDbEntity
  8
0
 62
     0
100
AcDbLine
 10
14.83478780592351
 20
10.41537042350758
 30
0.0
 11
14.97534653196531
 21
10.55592914954939
 31
0.0
  0
LINE
  5
881
330
856
100
AcDbEntity
  8
0
 62
     0
100
AcDbLine
 10
14.84728780592351
 20
10.41019275397792
 30
0.0
 11
14.98418536673014
 21
10.54709031478455
 31
0.0
  0
LINE
  5
882
330
856
100
AcDbEntity
  8
0
 62
     0
100
AcDbLine
 10
14.85978780592351
 20
10.40501508444826
 30
0.0
 11
14.99302420149498
 21
10.53825148001972
 31
0.0
  0
LINE
  5
883
330
856
100
AcDbEntity
  8
0
 62
     0
100
AcDbLine
 10
14.87228780592351
 20
10.39983741491859
 30
0.0
 11
15.00186303625981
 21
10.52941264525489
 31
0.0
  0
LINE
  5
884
330
856
100
AcDbEntity
  8
0
 62
     0
100
AcDbLine
 10
14.88478780592351
 20
10.39465974538893
 30
0.0
 11
15.01070187102464
 21
10.52057381049006
 31
0.0
  0
LINE
  5
885
330
856
100
AcDbEntity
  8
0
 62
     0
100
AcDbLine
 10
14.89728780592351
 20
10.38948207585926
 30
0.0
 11
15.01954070578947
 21
10.51173497572523
 31
0.0
  0
LINE
  5
886
330
856
100
AcDbEntity
  8
0
 62
     0
100
AcDbLine
 10
14.90978780592351
 20
10.3843044063296
 30
0.0
 11
15.0283795405543
 21
10.5028961409604
 31
0.0
  0
LINE
  5
887
330
856
100
AcDbEntity
  8
0
 62
     0
100
AcDbLine
 10
14.92228780592351
 20
10.37912673679994
 30
0.0
 11
15.03721837531914
 21
10.49405730619556
 31
0.0
  0
LINE
  5
888
330
856
100
AcDbEntity
  8
0
 62
     0
100
AcDbLine
 10
14.93478780592351
 20
10.37394906727027
 30
0.0
 11
15.04605721008397
 21
10.48521847143073
 31
0.0
  0
LINE
  5
889
330
856
100
AcDbEntity
  8
0
 62
     0
100
AcDbLine
 10
14.94728780592351
 20
10.36877139774061
 30
0.0
 11
15.0548960448488
 21
10.4763796366659
 31
0.0
  0
LINE
  5
88A
330
856
100
AcDbEntity
  8
0
 62
     0
100
AcDbLine
 10
14.95978780592351
 20
10.36359372821095
 30
0.0
 11
15.06373487961363
 21
10.46754080190107
 31
0.0
  0
LINE
  5
88B
330
856
100
AcDbEntity
  8
0
 62
     0
100
AcDbLine
 10
14.97228780592351
 20
10.35841605868128
 30
0.0
 11
15.07257371437846
 21
10.45870196713624
 31
0.0
  0
LINE
  5
88C
330
856
100
AcDbEntity
  8
0
 62
     0
100
AcDbLine
 10
14.98478780592351
 20
10.35323838915162
 30
0.0
 11
15.08141254914329
 21
10.44986313237141
 31
0.0
  0
LINE
  5
88D
330
856
100
AcDbEntity
  8
0
 62
     0
100
AcDbLine
 10
14.99728780592351
 20
10.34806071962196
 30
0.0
 11
15.09025138390813
 21
10.44102429760657
 31
0.0
  0
LINE
  5
88E
330
856
100
AcDbEntity
  8
0
 62
     0
100
AcDbLine
 10
15.00978780592351
 20
10.34288305009229
 30
0.0
 11
15.09909021867296
 21
10.43218546284174
 31
0.0
  0
LINE
  5
88F
330
856
100
AcDbEntity
  8
0
 62
     0
100
AcDbLine
 10
15.02228780592351
 20
10.33770538056263
 30
0.0
 11
15.10792905343779
 21
10.42334662807691
 31
0.0
  0
LINE
  5
890
330
856
100
AcDbEntity
  8
0
 62
     0
100
AcDbLine
 10
15.03478780592351
 20
10.33252771103296
 30
0.0
 11
15.11676788820262
 21
10.41450779331208
 31
0.0
  0
LINE
  5
891
330
856
100
AcDbEntity
  8
0
 62
     0
100
AcDbLine
 10
15.04728780592351
 20
10.3273500415033
 30
0.0
 11
15.12560672296745
 21
10.40566895854725
 31
0.0
  0
LINE
  5
892
330
856
100
AcDbEntity
  8
0
 62
     0
100
AcDbLine
 10
15.05978780592351
 20
10.32217237197364
 30
0.0
 11
15.13444555773228
 21
10.39683012378241
 31
0.0
  0
LINE
  5
893
330
856
100
AcDbEntity
  8
0
 62
     0
100
AcDbLine
 10
15.07228780592351
 20
10.31699470244397
 30
0.0
 11
15.14328439249712
 21
10.38799128901758
 31
0.0
  0
LINE
  5
894
330
856
100
AcDbEntity
  8
0
 62
     0
100
AcDbLine
 10
15.08478780592351
 20
10.31181703291431
 30
0.0
 11
15.15212322726195
 21
10.37915245425275
 31
0.0
  0
LINE
  5
895
330
856
100
AcDbEntity
  8
0
 62
     0
100
AcDbLine
 10
15.09728780592351
 20
10.30663936338465
 30
0.0
 11
15.16096206202678
 21
10.37031361948792
 31
0.0
  0
LINE
  5
896
330
856
100
AcDbEntity
  8
0
 62
     0
100
AcDbLine
 10
15.10978780592351
 20
10.30146169385498
 30
0.0
 11
15.16980089679161
 21
10.36147478472309
 31
0.0
  0
LINE
  5
897
330
856
100
AcDbEntity
  8
0
 62
     0
100
AcDbLine
 10
15.12228780592351
 20
10.29628402432532
 30
0.0
 11
15.17863973155644
 21
10.35263594995826
 31
0.0
  0
LINE
  5
898
330
856
100
AcDbEntity
  8
0
 62
     0
100
AcDbLine
 10
15.13478780592351
 20
10.29110635479565
 30
0.0
 11
15.18747856632128
 21
10.34379711519342
 31
0.0
  0
LINE
  5
899
330
856
100
AcDbEntity
  8
0
 62
     0
100
AcDbLine
 10
15.14728780592351
 20
10.28592868526599
 30
0.0
 11
15.19631740108611
 21
10.33495828042859
 31
0.0
  0
LINE
  5
89A
330
856
100
AcDbEntity
  8
0
 62
     0
100
AcDbLine
 10
15.15978780592351
 20
10.28075101573633
 30
0.0
 11
15.20515623585094
 21
10.32611944566376
 31
0.0
  0
LINE
  5
89B
330
856
100
AcDbEntity
  8
0
 62
     0
100
AcDbLine
 10
15.17228780592351
 20
10.27557334620666
 30
0.0
 11
15.21399507061577
 21
10.31728061089893
 31
0.0
  0
LINE
  5
89C
330
856
100
AcDbEntity
  8
0
 62
     0
100
AcDbLine
 10
15.18478780592351
 20
10.270395676677
 30
0.0
 11
15.2228339053806
 21
10.3084417761341
 31
0.0
  0
LINE
  5
89D
330
856
100
AcDbEntity
  8
0
 62
     0
100
AcDbLine
 10
15.19728780592351
 20
10.26521800714734
 30
0.0
 11
15.23167274014543
 21
10.29960294136926
 31
0.0
  0
LINE
  5
89E
330
856
100
AcDbEntity
  8
0
 62
     0
100
AcDbLine
 10
15.20978780592351
 20
10.26004033761767
 30
0.0
 11
15.24051157491027
 21
10.29076410660443
 31
0.0
  0
LINE
  5
89F
330
856
100
AcDbEntity
  8
0
 62
     0
100
AcDbLine
 10
15.22228780592351
 20
10.25486266808801
 30
0.0
 11
15.2493504096751
 21
10.2819252718396
 31
0.0
  0
LINE
  5
8A0
330
856
100
AcDbEntity
  8
0
 62
     0
100
AcDbLine
 10
15.23478780592351
 20
10.24968499855834
 30
0.0
 11
15.25818924443993
 21
10.27308643707477
 31
0.0
  0
LINE
  5
8A1
330
856
100
AcDbEntity
  8
0
 62
     0
100
AcDbLine
 10
15.24728780592351
 20
10.24450732902868
 30
0.0
 11
15.26702807920476
 21
10.26424760230994
 31
0.0
  0
LINE
  5
8A2
330
856
100
AcDbEntity
  8
0
 62
     0
100
AcDbLine
 10
15.25978780592351
 20
10.23932965949902
 30
0.0
 11
15.27586691396959
 21
10.2554087675451
 31
0.0
  0
LINE
  5
8A3
330
856
100
AcDbEntity
  8
0
 62
     0
100
AcDbLine
 10
15.27228780592351
 20
10.23415198996935
 30
0.0
 11
15.28470574873443
 21
10.24656993278027
 31
0.0
  0
LINE
  5
8A4
330
856
100
AcDbEntity
  8
0
 62
     0
100
AcDbLine
 10
15.28478780592351
 20
10.22897432043969
 30
0.0
 11
15.29354458349926
 21
10.23773109801544
 31
0.0
  0
LINE
  5
8A5
330
856
100
AcDbEntity
  8
0
 62
     0
100
AcDbLine
 10
15.29728780592351
 20
10.22379665091003
 30
0.0
 11
15.30238341826409
 21
10.22889226325061
 31
0.0
  0
LINE
  5
8A6
330
856
100
AcDbEntity
  8
0
 62
     0
100
AcDbLine
 10
15.30978780592351
 20
10.21861898138036
 30
0.0
 11
15.31122225302892
 21
10.22005342848578
 31
0.0
  0
ENDBLK
  5
8A7
330
856
100
AcDbEntity
  8
0
100
AcDbBlockEnd
  0
BLOCK
  5
8A9
330
8A8
100
AcDbEntity
  8
0
100
AcDbBlockBegin
  2
*X2
 70
     1
 10
0.0
 20
0.0
 30
0.0
  3
*X2
  1

  0
LINE
  5
8AA
330
8A8
100
AcDbEntity
  8
0
 62
     0
100
AcDbLine
 10
14.56427418051769
 20
10.07414611998311
 30
0.0
 11
14.70671842736396
 21
10.21659036682938
 31
0.0
  0
LINE
  5
8AB
330
8A8
100
AcDbEntity
  8
0
 62
     0
100
AcDbLine
 10
14.54980479971175
 20
10.07735440870684
 30
0.0
 11
14.6890407578343
 21
10.21659036682938
 31
0.0
  0
LINE
  5
8AC
330
8A8
100
AcDbEntity
  8
0
 62
     0
100
AcDbLine
 10
14.53533541890581
 20
10.08056269743056
 30
0.0
 11
14.67136308830463
 21
10.21659036682938
 31
0.0
  0
LINE
  5
8AD
330
8A8
100
AcDbEntity
  8
0
 62
     0
100
AcDbLine
 10
14.52086603809988
 20
10.08377098615429
 30
0.0
 11
14.65368541877497
 21
10.21659036682938
 31
0.0
  0
LINE
  5
8AE
330
8A8
100
AcDbEntity
  8
0
 62
     0
100
AcDbLine
 10
14.50639665729394
 20
10.08697927487801
 30
0.0
 11
14.63600774924531
 21
10.21659036682938
 31
0.0
  0
LINE
  5
8AF
330
8A8
100
AcDbEntity
  8
0
 62
     0
100
AcDbLine
 10
14.491927276488
 20
10.09018756360174
 30
0.0
 11
14.61833007971564
 21
10.21659036682938
 31
0.0
  0
LINE
  5
8B0
330
8A8
100
AcDbEntity
  8
0
 62
     0
100
AcDbLine
 10
14.47745789568206
 20
10.09339585232547
 30
0.0
 11
14.60065241018598
 21
10.21659036682938
 31
0.0
  0
LINE
  5
8B1
330
8A8
100
AcDbEntity
  8
0
 62
     0
100
AcDbLine
 10
14.46298851487613
 20
10.09660414104919
 30
0.0
 11
14.58297474065632
 21
10.21659036682938
 31
0.0
  0
LINE
  5
8B2
330
8A8
100
AcDbEntity
  8
0
 62
     0
100
AcDbLine
 10
14.44851913407019
 20
10.09981242977292
 30
0.0
 11
14.56529707112665
 21
10.21659036682938
 31
0.0
  0
LINE
  5
8B3
330
8A8
100
AcDbEntity
  8
0
 62
     0
100
AcDbLine
 10
14.43404975326425
 20
10.10302071849664
 30
0.0
 11
14.54761940159699
 21
10.21659036682938
 31
0.0
  0
LINE
  5
8B4
330
8A8
100
AcDbEntity
  8
0
 62
     0
100
AcDbLine
 10
14.41958037245831
 20
10.10622900722037
 30
0.0
 11
14.52994173206732
 21
10.21659036682938
 31
0.0
  0
LINE
  5
8B5
330
8A8
100
AcDbEntity
  8
0
 62
     0
100
AcDbLine
 10
14.40511099165237
 20
10.1094372959441
 30
0.0
 11
14.51226406253766
 21
10.21659036682938
 31
0.0
  0
LINE
  5
8B6
330
8A8
100
AcDbEntity
  8
0
 62
     0
100
AcDbLine
 10
14.39064161084644
 20
10.11264558466782
 30
0.0
 11
14.494586393008
 21
10.21659036682938
 31
0.0
  0
LINE
  5
8B7
330
8A8
100
AcDbEntity
  8
0
 62
     0
100
AcDbLine
 10
14.3761722300405
 20
10.11585387339155
 30
0.0
 11
14.47690872347833
 21
10.21659036682938
 31
0.0
  0
LINE
  5
8B8
330
8A8
100
AcDbEntity
  8
0
 62
     0
100
AcDbLine
 10
14.36170284923456
 20
10.11906216211528
 30
0.0
 11
14.45923105394867
 21
10.21659036682938
 31
0.0
  0
LINE
  5
8B9
330
8A8
100
AcDbEntity
  8
0
 62
     0
100
AcDbLine
 10
14.34723346842862
 20
10.122270450839
 30
0.0
 11
14.44155338441901
 21
10.21659036682938
 31
0.0
  0
LINE
  5
8BA
330
8A8
100
AcDbEntity
  8
0
 62
     0
100
AcDbLine
 10
14.33276408762269
 20
10.12547873956273
 30
0.0
 11
14.42387571488934
 21
10.21659036682938
 31
0.0
  0
LINE
  5
8BB
330
8A8
100
AcDbEntity
  8
0
 62
     0
100
AcDbLine
 10
14.31829470681675
 20
10.12868702828645
 30
0.0
 11
14.40619804535968
 21
10.21659036682938
 31
0.0
  0
LINE
  5
8BC
330
8A8
100
AcDbEntity
  8
0
 62
     0
100
AcDbLine
 10
14.30382532601081
 20
10.13189531701018
 30
0.0
 11
14.38852037583002
 21
10.21659036682938
 31
0.0
  0
LINE
  5
8BD
330
8A8
100
AcDbEntity
  8
0
 62
     0
100
AcDbLine
 10
14.28935594520487
 20
10.13510360573391
 30
0.0
 11
14.37084270630035
 21
10.21659036682938
 31
0.0
  0
LINE
  5
8BE
330
8A8
100
AcDbEntity
  8
0
 62
     0
100
AcDbLine
 10
14.27488656439894
 20
10.13831189445763
 30
0.0
 11
14.35316503677069
 21
10.21659036682938
 31
0.0
  0
LINE
  5
8BF
330
8A8
100
AcDbEntity
  8
0
 62
     0
100
AcDbLine
 10
14.260417183593
 20
10.14152018318136
 30
0.0
 11
14.33548736724102
 21
10.21659036682938
 31
0.0
  0
LINE
  5
8C0
330
8A8
100
AcDbEntity
  8
0
 62
     0
100
AcDbLine
 10
14.24594780278706
 20
10.14472847190508
 30
0.0
 11
14.31780969771136
 21
10.21659036682938
 31
0.0
  0
LINE
  5
8C1
330
8A8
100
AcDbEntity
  8
0
 62
     0
100
AcDbLine
 10
14.23147842198112
 20
10.14793676062881
 30
0.0
 11
14.3001320281817
 21
10.21659036682938
 31
0.0
  0
LINE
  5
8C2
330
8A8
100
AcDbEntity
  8
0
 62
     0
100
AcDbLine
 10
14.21700904117519
 20
10.15114504935254
 30
0.0
 11
14.28245435865203
 21
10.21659036682938
 31
0.0
  0
LINE
  5
8C3
330
8A8
100
AcDbEntity
  8
0
 62
     0
100
AcDbLine
 10
14.20253966036925
 20
10.15435333807626
 30
0.0
 11
14.26477668912237
 21
10.21659036682938
 31
0.0
  0
LINE
  5
8C4
330
8A8
100
AcDbEntity
  8
0
 62
     0
100
AcDbLine
 10
14.18807027956331
 20
10.15756162679999
 30
0.0
 11
14.24709901959271
 21
10.21659036682938
 31
0.0
  0
LINE
  5
8C5
330
8A8
100
AcDbEntity
  8
0
 62
     0
100
AcDbLine
 10
14.17360089875737
 20
10.16076991552372
 30
0.0
 11
14.22942135006304
 21
10.21659036682938
 31
0.0
  0
LINE
  5
8C6
330
8A8
100
AcDbEntity
  8
0
 62
     0
100
AcDbLine
 10
14.15913151795144
 20
10.16397820424744
 30
0.0
 11
14.21174368053338
 21
10.21659036682938
 31
0.0
  0
LINE
  5
8C7
330
8A8
100
AcDbEntity
  8
0
 62
     0
100
AcDbLine
 10
14.1446621371455
 20
10.16718649297117
 30
0.0
 11
14.19406601100371
 21
10.21659036682938
 31
0.0
  0
LINE
  5
8C8
330
8A8
100
AcDbEntity
  8
0
 62
     0
100
AcDbLine
 10
14.13019275633956
 20
10.17039478169489
 30
0.0
 11
14.17638834147405
 21
10.21659036682938
 31
0.0
  0
LINE
  5
8C9
330
8A8
100
AcDbEntity
  8
0
 62
     0
100
AcDbLine
 10
14.11572337553362
 20
10.17360307041862
 30
0.0
 11
14.15871067194439
 21
10.21659036682938
 31
0.0
  0
LINE
  5
8CA
330
8A8
100
AcDbEntity
  8
0
 62
     0
100
AcDbLine
 10
14.10125399472769
 20
10.17681135914235
 30
0.0
 11
14.14103300241472
 21
10.21659036682938
 31
0.0
  0
LINE
  5
8CB
330
8A8
100
AcDbEntity
  8
0
 62
     0
100
AcDbLine
 10
14.08678461392175
 20
10.18001964786607
 30
0.0
 11
14.12335533288506
 21
10.21659036682938
 31
0.0
  0
LINE
  5
8CC
330
8A8
100
AcDbEntity
  8
0
 62
     0
100
AcDbLine
 10
14.07231523311581
 20
10.1832279365898
 30
0.0
 11
14.1056776633554
 21
10.21659036682938
 31
0.0
  0
LINE
  5
8CD
330
8A8
100
AcDbEntity
  8
0
 62
     0
100
AcDbLine
 10
14.05784585230987
 20
10.18643622531352
 30
0.0
 11
14.08799999382573
 21
10.21659036682938
 31
0.0
  0
LINE
  5
8CE
330
8A8
100
AcDbEntity
  8
0
 62
     0
100
AcDbLine
 10
14.04337647150394
 20
10.18964451403725
 30
0.0
 11
14.07032232429607
 21
10.21659036682938
 31
0.0
  0
LINE
  5
8CF
330
8A8
100
AcDbEntity
  8
0
 62
     0
100
AcDbLine
 10
14.028907090698
 20
10.19285280276098
 30
0.0
 11
14.05264465476641
 21
10.21659036682938
 31
0.0
  0
LINE
  5
8D0
330
8A8
100
AcDbEntity
  8
0
 62
     0
100
AcDbLine
 10
14.01443770989206
 20
10.1960610914847
 30
0.0
 11
14.03496698523674
 21
10.21659036682938
 31
0.0
  0
LINE
  5
8D1
330
8A8
100
AcDbEntity
  8
0
 62
     0
100
AcDbLine
 10
13.99996832908612
 20
10.19926938020843
 30
0.0
 11
14.01728931570708
 21
10.21659036682938
 31
0.0
  0
LINE
  5
8D2
330
8A8
100
AcDbEntity
  8
0
 62
     0
100
AcDbLine
 10
13.98549894828019
 20
10.20247766893216
 30
0.0
 11
13.99961164617742
 21
10.21659036682938
 31
0.0
  0
LINE
  5
8D3
330
8A8
100
AcDbEntity
  8
0
 62
     0
100
AcDbLine
 10
13.97102956747425
 20
10.20568595765588
 30
0.0
 11
13.98193397664775
 21
10.21659036682938
 31
0.0
  0
LINE
  5
8D4
330
8A8
100
AcDbEntity
  8
0
 62
     0
100
AcDbLine
 10
13.95656018666831
 20
10.20889424637961
 30
0.0
 11
13.96425630711809
 21
10.21659036682938
 31
0.0
  0
LINE
  5
8D5
330
8A8
100
AcDbEntity
  8
0
 62
     0
100
AcDbLine
 10
13.94209080586237
 20
10.21210253510333
 30
0.0
 11
13.94657863758842
 21
10.21659036682938
 31
0.0
  0
LINE
  5
8D6
330
8A8
100
AcDbEntity
  8
0
 62
     0
100
AcDbLine
 10
13.92762142505644
 20
10.21531082382706
 30
0.0
 11
13.92890096805876
 21
10.21659036682938
 31
0.0
  0
LINE
  5
8D7
330
8A8
100
AcDbEntity
  8
0
 62
     0
100
AcDbLine
 10
14.57874356132363
 20
10.07093783125938
 30
0.0
 11
14.72439609689363
 21
10.21659036682938
 31
0.0
  0
LINE
  5
8D8
330
8A8
100
AcDbEntity
  8
0
 62
     0
100
AcDbLine
 10
14.59321294212956
 20
10.06772954253566
 30
0.0
 11
14.74207376642329
 21
10.21659036682938
 31
0.0
  0
LINE
  5
8D9
330
8A8
100
AcDbEntity
  8
0
 62
     0
100
AcDbLine
 10
14.6076823229355
 20
10.06452125381193
 30
0.0
 11
14.75975143595295
 21
10.21659036682938
 31
0.0
  0
LINE
  5
8DA
330
8A8
100
AcDbEntity
  8
0
 62
     0
100
AcDbLine
 10
14.62215170374144
 20
10.0613129650882
 30
0.0
 11
14.77742910548262
 21
10.21659036682938
 31
0.0
  0
LINE
  5
8DB
330
8A8
100
AcDbEntity
  8
0
 62
     0
100
AcDbLine
 10
14.63662108454738
 20
10.05810467636448
 30
0.0
 11
14.79510677501228
 21
10.21659036682938
 31
0.0
  0
LINE
  5
8DC
330
8A8
100
AcDbEntity
  8
0
 62
     0
100
AcDbLine
 10
14.65109046535331
 20
10.05489638764075
 30
0.0
 11
14.81278444454195
 21
10.21659036682938
 31
0.0
  0
LINE
  5
8DD
330
8A8
100
AcDbEntity
  8
0
 62
     0
100
AcDbLine
 10
14.66555984615925
 20
10.05168809891703
 30
0.0
 11
14.83046211407161
 21
10.21659036682938
 31
0.0
  0
LINE
  5
8DE
330
8A8
100
AcDbEntity
  8
0
 62
     0
100
AcDbLine
 10
14.68002922696519
 20
10.0484798101933
 30
0.0
 11
14.84813978360127
 21
10.21659036682938
 31
0.0
  0
LINE
  5
8DF
330
8A8
100
AcDbEntity
  8
0
 62
     0
100
AcDbLine
 10
14.69449860777113
 20
10.04527152146957
 30
0.0
 11
14.86581745313094
 21
10.21659036682938
 31
0.0
  0
LINE
  5
8E0
330
8A8
100
AcDbEntity
  8
0
 62
     0
100
AcDbLine
 10
14.70896798857706
 20
10.04206323274585
 30
0.0
 11
14.8834951226606
 21
10.21659036682938
 31
0.0
  0
LINE
  5
8E1
330
8A8
100
AcDbEntity
  8
0
 62
     0
100
AcDbLine
 10
14.723437369383
 20
10.03885494402212
 30
0.0
 11
14.90117279219026
 21
10.21659036682938
 31
0.0
  0
LINE
  5
8E2
330
8A8
100
AcDbEntity
  8
0
 62
     0
100
AcDbLine
 10
14.73790675018894
 20
10.03564665529839
 30
0.0
 11
14.91885046171993
 21
10.21659036682938
 31
0.0
  0
LINE
  5
8E3
330
8A8
100
AcDbEntity
  8
0
 62
     0
100
AcDbLine
 10
14.75237613099488
 20
10.03243836657467
 30
0.0
 11
14.93652813124959
 21
10.21659036682938
 31
0.0
  0
LINE
  5
8E4
330
8A8
100
AcDbEntity
  8
0
 62
     0
100
AcDbLine
 10
14.76684551180081
 20
10.02923007785094
 30
0.0
 11
14.95420580077925
 21
10.21659036682938
 31
0.0
  0
LINE
  5
8E5
330
8A8
100
AcDbEntity
  8
0
 62
     0
100
AcDbLine
 10
14.78131489260675
 20
10.02602178912722
 30
0.0
 11
14.97188347030892
 21
10.21659036682938
 31
0.0
  0
LINE
  5
8E6
330
8A8
100
AcDbEntity
  8
0
 62
     0
100
AcDbLine
 10
14.79578427341269
 20
10.02281350040349
 30
0.0
 11
14.98956113983858
 21
10.21659036682938
 31
0.0
  0
LINE
  5
8E7
330
8A8
100
AcDbEntity
  8
0
 62
     0
100
AcDbLine
 10
14.81025365421863
 20
10.01960521167976
 30
0.0
 11
15.00723880936824
 21
10.21659036682938
 31
0.0
  0
LINE
  5
8E8
330
8A8
100
AcDbEntity
  8
0
 62
     0
100
AcDbLine
 10
14.82472303502456
 20
10.01639692295604
 30
0.0
 11
15.02491647889791
 21
10.21659036682938
 31
0.0
  0
LINE
  5
8E9
330
8A8
100
AcDbEntity
  8
0
 62
     0
100
AcDbLine
 10
14.85019663966576
 20
10.02419285806758
 30
0.0
 11
15.04259414842757
 21
10.21659036682938
 31
0.0
  0
LINE
  5
8EA
330
8A8
100
AcDbEntity
  8
0
 62
     0
100
AcDbLine
 10
14.88037430919543
 20
10.03669285806758
 30
0.0
 11
15.06027181795724
 21
10.21659036682938
 31
0.0
  0
LINE
  5
8EB
330
8A8
100
AcDbEntity
  8
0
 62
     0
100
AcDbLine
 10
14.91055197872509
 20
10.04919285806758
 30
0.0
 11
15.0779494874869
 21
10.21659036682938
 31
0.0
  0
LINE
  5
8EC
330
8A8
100
AcDbEntity
  8
0
 62
     0
100
AcDbLine
 10
14.94072964825476
 20
10.06169285806758
 30
0.0
 11
15.09562715701656
 21
10.21659036682938
 31
0.0
  0
LINE
  5
8ED
330
8A8
100
AcDbEntity
  8
0
 62
     0
100
AcDbLine
 10
14.97090731778442
 20
10.07419285806758
 30
0.0
 11
15.11330482654623
 21
10.21659036682938
 31
0.0
  0
LINE
  5
8EE
330
8A8
100
AcDbEntity
  8
0
 62
     0
100
AcDbLine
 10
15.00108498731408
 20
10.08669285806758
 30
0.0
 11
15.13098249607589
 21
10.21659036682938
 31
0.0
  0
LINE
  5
8EF
330
8A8
100
AcDbEntity
  8
0
 62
     0
100
AcDbLine
 10
15.03126265684375
 20
10.09919285806758
 30
0.0
 11
15.14866016560555
 21
10.21659036682938
 31
0.0
  0
LINE
  5
8F0
330
8A8
100
AcDbEntity
  8
0
 62
     0
100
AcDbLine
 10
15.06144032637341
 20
10.11169285806758
 30
0.0
 11
15.16633783513522
 21
10.21659036682938
 31
0.0
  0
LINE
  5
8F1
330
8A8
100
AcDbEntity
  8
0
 62
     0
100
AcDbLine
 10
15.09161799590307
 20
10.12419285806758
 30
0.0
 11
15.18401550466488
 21
10.21659036682938
 31
0.0
  0
LINE
  5
8F2
330
8A8
100
AcDbEntity
  8
0
 62
     0
100
AcDbLine
 10
15.12179566543274
 20
10.13669285806758
 30
0.0
 11
15.20169317419455
 21
10.21659036682938
 31
0.0
  0
LINE
  5
8F3
330
8A8
100
AcDbEntity
  8
0
 62
     0
100
AcDbLine
 10
15.1519733349624
 20
10.14919285806758
 30
0.0
 11
15.21937084372421
 21
10.21659036682938
 31
0.0
  0
LINE
  5
8F4
330
8A8
100
AcDbEntity
  8
0
 62
     0
100
AcDbLine
 10
15.18215100449207
 20
10.16169285806758
 30
0.0
 11
15.23704851325387
 21
10.21659036682938
 31
0.0
  0
LINE
  5
8F5
330
8A8
100
AcDbEntity
  8
0
 62
     0
100
AcDbLine
 10
15.21232867402173
 20
10.17419285806758
 30
0.0
 11
15.25472618278354
 21
10.21659036682938
 31
0.0
  0
LINE
  5
8F6
330
8A8
100
AcDbEntity
  8
0
 62
     0
100
AcDbLine
 10
15.24250634355139
 20
10.18669285806758
 30
0.0
 11
15.2724038523132
 21
10.21659036682938
 31
0.0
  0
LINE
  5
8F7
330
8A8
100
AcDbEntity
  8
0
 62
     0
100
AcDbLine
 10
15.27268401308106
 20
10.19919285806758
 30
0.0
 11
15.29008152184286
 21
10.21659036682938
 31
0.0
  0
LINE
  5
8F8
330
8A8
100
AcDbEntity
  8
0
 62
     0
100
AcDbLine
 10
15.30286168261072
 20
10.21169285806758
 30
0.0
 11
15.30775919137253
 21
10.21659036682938
 31
0.0
  0
ENDBLK
  5
8F9
330
8A8
100
AcDbEntity
  8
0
100
AcDbBlockEnd
  0
BLOCK
  5
8FB
330
8FA
100
AcDbEntity
  8
0
100
AcDbBlockBegin
  2
*X3
 70
     1
 10
0.0
 20
0.0
 30
0.0
  3
*X3
  1

  0
LINE
  5
8FC
330
8FA
100
AcDbEntity
  8
0
 62
     0
100
AcDbLine
 10
14.63540662200345
 20
9.526560127930644
 30
0.0
 11
15.30708282344712
 21
10.19823632937431
 31
0.0
  0
LINE
  5
8FD
330
8FA
100
AcDbEntity
  8
0
 62
     0
100
AcDbLine
 10
14.66628496322132
 20
9.539760799618849
 30
0.0
 11
15.29458282344712
 21
10.16805865984464
 31
0.0
  0
LINE
  5
8FE
330
8FA
100
AcDbEntity
  8
0
 62
     0
100
AcDbLine
 10
14.69716330443919
 20
9.552961471307054
 30
0.0
 11
15.28208282344712
 21
10.13788099031498
 31
0.0
  0
LINE
  5
8FF
330
8FA
100
AcDbEntity
  8
0
 62
     0
100
AcDbLine
 10
14.72804164565706
 20
9.566162142995259
 30
0.0
 11
15.26958282344712
 21
10.10770332078532
 31
0.0
  0
LINE
  5
900
330
8FA
100
AcDbEntity
  8
0
 62
     0
100
AcDbLine
 10
14.75891998687493
 20
9.579362814683464
 30
0.0
 11
15.25708282344712
 21
10.07752565125566
 31
0.0
  0
LINE
  5
901
330
8FA
100
AcDbEntity
  8
0
 62
     0
100
AcDbLine
 10
14.78979832809279
 20
9.592563486371668
 30
0.0
 11
15.24458282344712
 21
10.04734798172599
 31
0.0
  0
LINE
  5
902
330
8FA
100
AcDbEntity
  8
0
 62
     0
100
AcDbLine
 10
14.82067666931066
 20
9.605764158059873
 30
0.0
 11
15.23208282344712
 21
10.01717031219633
 31
0.0
  0
LINE
  5
903
330
8FA
100
AcDbEntity
  8
0
 62
     0
100
AcDbLine
 10
14.85155501052853
 20
9.618964829748078
 30
0.0
 11
15.21958282344712
 21
9.986992642666664
 31
0.0
  0
LINE
  5
904
330
8FA
100
AcDbEntity
  8
0
 62
     0
100
AcDbLine
 10
14.8824333517464
 20
9.632165501436285
 30
0.0
 11
15.20708282344712
 21
9.956814973137
 31
0.0
  0
LINE
  5
905
330
8FA
100
AcDbEntity
  8
0
 62
     0
100
AcDbLine
 10
14.91331169296427
 20
9.645366173124488
 30
0.0
 11
15.19458282344712
 21
9.926637303607336
 31
0.0
  0
LINE
  5
906
330
8FA
100
AcDbEntity
  8
0
 62
     0
100
AcDbLine
 10
14.94419003418214
 20
9.658566844812695
 30
0.0
 11
15.18208282344712
 21
9.896459634077672
 31
0.0
  0
LINE
  5
907
330
8FA
100
AcDbEntity
  8
0
 62
     0
100
AcDbLine
 10
14.97506837540001
 20
9.6717675165009
 30
0.0
 11
15.16958282344712
 21
9.866281964548008
 31
0.0
  0
LINE
  5
908
330
8FA
100
AcDbEntity
  8
0
 62
     0
100
AcDbLine
 10
15.00594671661788
 20
9.684968188189105
 30
0.0
 11
15.15708282344712
 21
9.836104295018345
 31
0.0
  0
LINE
  5
909
330
8FA
100
AcDbEntity
  8
0
 62
     0
100
AcDbLine
 10
15.03682505783575
 20
9.69816885987731
 30
0.0
 11
15.14458282344712
 21
9.80592662548868
 31
0.0
  0
LINE
  5
90A
330
8FA
100
AcDbEntity
  8
0
 62
     0
100
AcDbLine
 10
15.06770339905361
 20
9.711369531565515
 30
0.0
 11
15.13208282344712
 21
9.775748955959019
 31
0.0
  0
LINE
  5
90B
330
8FA
100
AcDbEntity
  8
0
 62
     0
100
AcDbLine
 10
15.09858174027148
 20
9.72457020325372
 30
0.0
 11
15.11958282344712
 21
9.745571286429353
 31
0.0
  0
ENDBLK
  5
90C
330
8FA
100
AcDbEntity
  8
0
100
AcDbBlockEnd
  0
BLOCK
  5
90E
330
90D
100
AcDbEntity
  8
0
100
AcDbBlockBegin
  2
*X4
 70
     1
 10
0.0
 20
0.0
 30
0.0
  3
*X4
  1

  0
LINE
  5
90F
330
90D
100
AcDbEntity
  8
0
 62
     0
100
AcDbLine
 10
15.31468531468531
 20
9.428021361307302
 30
0.0
 11
15.48684078315072
 21
9.60017682977271
 31
0.0
  0
LINE
  5
910
330
90D
100
AcDbEntity
  8
0
 62
     0
100
AcDbLine
 10
15.31468531468531
 20
9.445699030836964
 30
0.0
 11
15.49187715683453
 21
9.62289087298618
 31
0.0
  0
LINE
  5
911
330
90D
100
AcDbEntity
  8
0
 62
     0
100
AcDbLine
 10
15.31468531468531
 20
9.463376700366629
 30
0.0
 11
15.49691353051833
 21
9.64560491619965
 31
0.0
  0
LINE
  5
912
330
90D
100
AcDbEntity
  8
0
 62
     0
100
AcDbLine
 10
15.31468531468531
 20
9.481054369896293
 30
0.0
 11
15.50194990420214
 21
9.668318959413119
 31
0.0
  0
LINE
  5
913
330
90D
100
AcDbEntity
  8
0
 62
     0
100
AcDbLine
 10
15.31468531468531
 20
9.498732039425956
 30
0.0
 11
15.50698627788594
 21
9.691033002626588
 31
0.0
  0
LINE
  5
914
330
90D
100
AcDbEntity
  8
0
 62
     0
100
AcDbLine
 10
15.31468531468531
 20
9.516409708955619
 30
0.0
 11
15.51202265156975
 21
9.713747045840057
 31
0.0
  0
LINE
  5
915
330
90D
100
AcDbEntity
  8
0
 62
     0
100
AcDbLine
 10
15.31468531468531
 20
9.534087378485284
 30
0.0
 11
15.51458581179122
 21
9.733987875591186
 31
0.0
  0
LINE
  5
916
330
90D
100
AcDbEntity
  8
0
 62
     0
100
AcDbLine
 10
15.31468531468531
 20
9.551765048014948
 30
0.0
 11
15.50940814226155
 21
9.746487875591187
 31
0.0
  0
LINE
  5
917
330
90D
100
AcDbEntity
  8
0
 62
     0
100
AcDbLine
 10
15.31468531468531
 20
9.56944271754461
 30
0.0
 11
15.50423047273189
 21
9.758987875591187
 31
0.0
  0
LINE
  5
918
330
90D
100
AcDbEntity
  8
0
 62
     0
100
AcDbLine
 10
15.31468531468531
 20
9.587120387074274
 30
0.0
 11
15.49905280320222
 21
9.771487875591186
 31
0.0
  0
LINE
  5
919
330
90D
100
AcDbEntity
  8
0
 62
     0
100
AcDbLine
 10
15.31468531468531
 20
9.604798056603938
 30
0.0
 11
15.49387513367256
 21
9.783987875591187
 31
0.0
  0
LINE
  5
91A
330
90D
100
AcDbEntity
  8
0
 62
     0
100
AcDbLine
 10
15.31468531468531
 20
9.622475726133603
 30
0.0
 11
15.4886974641429
 21
9.796487875591186
 31
0.0
  0
LINE
  5
91B
330
90D
100
AcDbEntity
  8
0
 62
     0
100
AcDbLine
 10
15.31468531468531
 20
9.640153395663265
 30
0.0
 11
15.48351979461323
 21
9.808987875591187
 31
0.0
  0
LINE
  5
91C
330
90D
100
AcDbEntity
  8
0
 62
     0
100
AcDbLine
 10
15.31468531468531
 20
9.65783106519293
 30
0.0
 11
15.47834212508357
 21
9.821487875591187
 31
0.0
  0
LINE
  5
91D
330
90D
100
AcDbEntity
  8
0
 62
     0
100
AcDbLine
 10
15.31468531468531
 20
9.675508734722593
 30
0.0
 11
15.47316445555391
 21
9.833987875591188
 31
0.0
  0
LINE
  5
91E
330
90D
100
AcDbEntity
  8
0
 62
     0
100
AcDbLine
 10
15.31468531468531
 20
9.693186404252257
 30
0.0
 11
15.46798678602424
 21
9.846487875591187
 31
0.0
  0
LINE
  5
91F
330
90D
100
AcDbEntity
  8
0
 62
     0
100
AcDbLine
 10
15.31468531468531
 20
9.71086407378192
 30
0.0
 11
15.46280911649458
 21
9.858987875591186
 31
0.0
  0
LINE
  5
920
330
90D
100
AcDbEntity
  8
0
 62
     0
100
AcDbLine
 10
15.31468531468531
 20
9.728541743311585
 30
0.0
 11
15.45763144696491
 21
9.871487875591187
 31
0.0
  0
LINE
  5
921
330
90D
100
AcDbEntity
  8
0
 62
     0
100
AcDbLine
 10
15.31468531468531
 20
9.746219412841247
 30
0.0
 11
15.45245377743525
 21
9.883987875591187
 31
0.0
  0
LINE
  5
922
330
90D
100
AcDbEntity
  8
0
 62
     0
100
AcDbLine
 10
15.31468531468531
 20
9.763897082370912
 30
0.0
 11
15.44727610790559
 21
9.896487875591188
 31
0.0
  0
LINE
  5
923
330
90D
100
AcDbEntity
  8
0
 62
     0
100
AcDbLine
 10
15.31468531468531
 20
9.781574751900575
 30
0.0
 11
15.44209843837592
 21
9.908987875591187
 31
0.0
  0
LINE
  5
924
330
90D
100
AcDbEntity
  8
0
 62
     0
100
AcDbLine
 10
15.31468531468531
 20
9.79925242143024
 30
0.0
 11
15.43692076884626
 21
9.921487875591186
 31
0.0
  0
LINE
  5
925
330
90D
100
AcDbEntity
  8
0
 62
     0
100
AcDbLine
 10
15.31468531468531
 20
9.816930090959902
 30
0.0
 11
15.4317430993166
 21
9.933987875591187
 31
0.0
  0
LINE
  5
926
330
90D
100
AcDbEntity
  8
0
 62
     0
100
AcDbLine
 10
15.31468531468531
 20
9.834607760489567
 30
0.0
 11
15.42656542978693
 21
9.946487875591187
 31
0.0
  0
LINE
  5
927
330
90D
100
AcDbEntity
  8
0
 62
     0
100
AcDbLine
 10
15.31468531468531
 20
9.85228543001923
 30
0.0
 11
15.42138776025727
 21
9.958987875591188
 31
0.0
  0
LINE
  5
928
330
90D
100
AcDbEntity
  8
0
 62
     0
100
AcDbLine
 10
15.31468531468531
 20
9.869963099548894
 30
0.0
 11
15.4162100907276
 21
9.971487875591187
 31
0.0
  0
LINE
  5
929
330
90D
100
AcDbEntity
  8
0
 62
     0
100
AcDbLine
 10
15.31468531468531
 20
9.887640769078557
 30
0.0
 11
15.41103242119794
 21
9.983987875591188
 31
0.0
  0
LINE
  5
92A
330
90D
100
AcDbEntity
  8
0
 62
     0
100
AcDbLine
 10
15.31468531468531
 20
9.905318438608221
 30
0.0
 11
15.40585475166828
 21
9.996487875591187
 31
0.0
  0
LINE
  5
92B
330
90D
100
AcDbEntity
  8
0
 62
     0
100
AcDbLine
 10
15.31468531468531
 20
9.922996108137884
 30
0.0
 11
15.40067708213861
 21
10.00898787559119
 31
0.0
  0
LINE
  5
92C
330
90D
100
AcDbEntity
  8
0
 62
     0
100
AcDbLine
 10
15.31468531468531
 20
9.940673777667548
 30
0.0
 11
15.39549941260895
 21
10.02148787559119
 31
0.0
  0
LINE
  5
92D
330
90D
100
AcDbEntity
  8
0
 62
     0
100
AcDbLine
 10
15.31468531468531
 20
9.958351447197213
 30
0.0
 11
15.39032174307929
 21
10.03398787559119
 31
0.0
  0
LINE
  5
92E
330
90D
100
AcDbEntity
  8
0
 62
     0
100
AcDbLine
 10
15.31468531468531
 20
9.976029116726876
 30
0.0
 11
15.38514407354962
 21
10.04648787559119
 31
0.0
  0
LINE
  5
92F
330
90D
100
AcDbEntity
  8
0
 62
     0
100
AcDbLine
 10
15.31468531468531
 20
9.99370678625654
 30
0.0
 11
15.37996640401996
 21
10.05898787559119
 31
0.0
  0
LINE
  5
930
330
90D
100
AcDbEntity
  8
0
 62
     0
100
AcDbLine
 10
15.31468531468531
 20
10.0113844557862
 30
0.0
 11
15.3747887344903
 21
10.07148787559119
 31
0.0
  0
LINE
  5
931
330
90D
100
AcDbEntity
  8
0
 62
     0
100
AcDbLine
 10
15.31468531468531
 20
10.02906212531587
 30
0.0
 11
15.36961106496063
 21
10.08398787559119
 31
0.0
  0
LINE
  5
932
330
90D
100
AcDbEntity
  8
0
 62
     0
100
AcDbLine
 10
15.31468531468531
 20
10.04673979484553
 30
0.0
 11
15.36443339543097
 21
10.09648787559119
 31
0.0
  0
LINE
  5
933
330
90D
100
AcDbEntity
  8
0
 62
     0
100
AcDbLine
 10
15.31468531468531
 20
10.06441746437519
 30
0.0
 11
15.3592557259013
 21
10.10898787559119
 31
0.0
  0
LINE
  5
934
330
90D
100
AcDbEntity
  8
0
 62
     0
100
AcDbLine
 10
15.31468531468531
 20
10.08209513390486
 30
0.0
 11
15.35407805637164
 21
10.12148787559119
 31
0.0
  0
LINE
  5
935
330
90D
100
AcDbEntity
  8
0
 62
     0
100
AcDbLine
 10
15.31468531468531
 20
10.09977280343452
 30
0.0
 11
15.34890038684198
 21
10.13398787559119
 31
0.0
  0
LINE
  5
936
330
90D
100
AcDbEntity
  8
0
 62
     0
100
AcDbLine
 10
15.31468531468531
 20
10.11745047296418
 30
0.0
 11
15.34372271731231
 21
10.14648787559119
 31
0.0
  0
LINE
  5
937
330
90D
100
AcDbEntity
  8
0
 62
     0
100
AcDbLine
 10
15.31468531468531
 20
10.13512814249385
 30
0.0
 11
15.33854504778265
 21
10.15898787559119
 31
0.0
  0
LINE
  5
938
330
90D
100
AcDbEntity
  8
0
 62
     0
100
AcDbLine
 10
15.31468531468531
 20
10.15280581202351
 30
0.0
 11
15.33336737825299
 21
10.17148787559119
 31
0.0
  0
LINE
  5
939
330
90D
100
AcDbEntity
  8
0
 62
     0
100
AcDbLine
 10
15.31468531468531
 20
10.17048348155318
 30
0.0
 11
15.32818970872332
 21
10.18398787559119
 31
0.0
  0
LINE
  5
93A
330
90D
100
AcDbEntity
  8
0
 62
     0
100
AcDbLine
 10
15.31468531468531
 20
10.18816115108284
 30
0.0
 11
15.32301203919366
 21
10.19648787559119
 31
0.0
  0
LINE
  5
93B
330
90D
100
AcDbEntity
  8
0
 62
     0
100
AcDbLine
 10
15.31468531468531
 20
10.2058388206125
 30
0.0
 11
15.317834369664
 21
10.20898787559119
 31
0.0
  0
LINE
  5
93C
330
90D
100
AcDbEntity
  8
0
 62
     0
100
AcDbLine
 10
15.31468531468531
 20
9.410343691777637
 30
0.0
 11
15.48180440946692
 21
9.577462786559241
 31
0.0
  0
LINE
  5
93D
330
90D
100
AcDbEntity
  8
0
 62
     0
100
AcDbLine
 10
15.31468531468531
 20
9.392666022247974
 30
0.0
 11
15.47676803578311
 21
9.554748743345773
 31
0.0
  0
LINE
  5
93E
330
90D
100
AcDbEntity
  8
0
 62
     0
100
AcDbLine
 10
15.31468531468531
 20
9.37498835271831
 30
0.0
 11
15.47173166209931
 21
9.532034700132304
 31
0.0
  0
LINE
  5
93F
330
90D
100
AcDbEntity
  8
0
 62
     0
100
AcDbLine
 10
15.31468531468531
 20
9.357310683188647
 30
0.0
 11
15.4666952884155
 21
9.509320656918835
 31
0.0
  0
LINE
  5
940
330
90D
100
AcDbEntity
  8
0
 62
     0
100
AcDbLine
 10
15.31468531468531
 20
9.339633013658982
 30
0.0
 11
15.46165891473169
 21
9.486606613705364
 31
0.0
  0
LINE
  5
941
330
90D
100
AcDbEntity
  8
0
 62
     0
100
AcDbLine
 10
15.31468531468531
 20
9.321955344129318
 30
0.0
 11
15.45662254104789
 21
9.463892570491895
 31
0.0
  0
LINE
  5
942
330
90D
100
AcDbEntity
  8
0
 62
     0
100
AcDbLine
 10
15.31468531468531
 20
9.304277674599655
 30
0.0
 11
15.45158616736408
 21
9.441178527278426
 31
0.0
  0
LINE
  5
943
330
90D
100
AcDbEntity
  8
0
 62
     0
100
AcDbLine
 10
15.31468531468531
 20
9.286600005069992
 30
0.0
 11
15.44654979368028
 21
9.418464484064957
 31
0.0
  0
LINE
  5
944
330
90D
100
AcDbEntity
  8
0
 62
     0
100
AcDbLine
 10
15.31468531468531
 20
9.268922335540328
 30
0.0
 11
15.44151341999647
 21
9.395750440851488
 31
0.0
  0
LINE
  5
945
330
90D
100
AcDbEntity
  8
0
 62
     0
100
AcDbLine
 10
15.31468531468531
 20
9.251244666010663
 30
0.0
 11
15.43647704631267
 21
9.373036397638018
 31
0.0
  0
LINE
  5
946
330
90D
100
AcDbEntity
  8
0
 62
     0
100
AcDbLine
 10
15.31468531468531
 20
9.233566996481
 30
0.0
 11
15.43144067262886
 21
9.350322354424549
 31
0.0
  0
LINE
  5
947
330
90D
100
AcDbEntity
  8
0
 62
     0
100
AcDbLine
 10
15.31468531468531
 20
9.215889326951338
 30
0.0
 11
15.42640429894506
 21
9.327608311211081
 31
0.0
  0
LINE
  5
948
330
90D
100
AcDbEntity
  8
0
 62
     0
100
AcDbLine
 10
15.31468531468531
 20
9.198211657421673
 30
0.0
 11
15.42136792526125
 21
9.30489426799761
 31
0.0
  0
LINE
  5
949
330
90D
100
AcDbEntity
  8
0
 62
     0
100
AcDbLine
 10
15.31468531468531
 20
9.18053398789201
 30
0.0
 11
15.41633155157744
 21
9.282180224784142
 31
0.0
  0
LINE
  5
94A
330
90D
100
AcDbEntity
  8
0
 62
     0
100
AcDbLine
 10
15.31468531468531
 20
9.162856318362346
 30
0.0
 11
15.41129517789364
 21
9.259466181570671
 31
0.0
  0
LINE
  5
94B
330
90D
100
AcDbEntity
  8
0
 62
     0
100
AcDbLine
 10
15.31468531468531
 20
9.145178648832681
 30
0.0
 11
15.40625880420983
 21
9.236752138357202
 31
0.0
  0
LINE
  5
94C
330
90D
100
AcDbEntity
  8
0
 62
     0
100
AcDbLine
 10
15.31468531468531
 20
9.127500979303019
 30
0.0
 11
15.40122243052603
 21
9.214038095143735
 31
0.0
  0
LINE
  5
94D
330
90D
100
AcDbEntity
  8
0
 62
     0
100
AcDbLine
 10
15.31468531468531
 20
9.109823309773356
 30
0.0
 11
15.39618605684222
 21
9.191324051930264
 31
0.0
  0
LINE
  5
94E
330
90D
100
AcDbEntity
  8
0
 62
     0
100
AcDbLine
 10
15.31468531468531
 20
9.092145640243691
 30
0.0
 11
15.39114968315842
 21
9.168610008716795
 31
0.0
  0
LINE
  5
94F
330
90D
100
AcDbEntity
  8
0
 62
     0
100
AcDbLine
 10
15.31468531468531
 20
9.074467970714027
 30
0.0
 11
15.38611330947461
 21
9.145895965503327
 31
0.0
  0
LINE
  5
950
330
90D
100
AcDbEntity
  8
0
 62
     0
100
AcDbLine
 10
15.31468531468531
 20
9.056790301184364
 30
0.0
 11
15.38107693579081
 21
9.123181922289856
 31
0.0
  0
LINE
  5
951
330
90D
100
AcDbEntity
  8
0
 62
     0
100
AcDbLine
 10
15.31468531468531
 20
9.039112631654701
 30
0.0
 11
15.376040562107
 21
9.100467879076389
 31
0.0
  0
LINE
  5
952
330
90D
100
AcDbEntity
  8
0
 62
     0
100
AcDbLine
 10
15.31468531468531
 20
9.021434962125037
 30
0.0
 11
15.37100418842319
 21
9.077753835862918
 31
0.0
  0
LINE
  5
953
330
90D
100
AcDbEntity
  8
0
 62
     0
100
AcDbLine
 10
15.31468531468531
 20
9.003757292595372
 30
0.0
 11
15.36596781473939
 21
9.055039792649449
 31
0.0
  0
LINE
  5
954
330
90D
100
AcDbEntity
  8
0
 62
     0
100
AcDbLine
 10
15.31468531468531
 20
8.98607962306571
 30
0.0
 11
15.36093144105558
 21
9.03232574943598
 31
0.0
  0
LINE
  5
955
330
90D
100
AcDbEntity
  8
0
 62
     0
100
AcDbLine
 10
15.31468531468531
 20
8.968401953536045
 30
0.0
 11
15.35589506737178
 21
9.00961170622251
 31
0.0
  0
LINE
  5
956
330
90D
100
AcDbEntity
  8
0
 62
     0
100
AcDbLine
 10
15.31468531468531
 20
8.950724284006382
 30
0.0
 11
15.35085869368797
 21
8.986897663009042
 31
0.0
  0
LINE
  5
957
330
90D
100
AcDbEntity
  8
0
 62
     0
100
AcDbLine
 10
15.31468531468531
 20
8.933046614476718
 30
0.0
 11
15.34582232000417
 21
8.964183619795572
 31
0.0
  0
LINE
  5
958
330
90D
100
AcDbEntity
  8
0
 62
     0
100
AcDbLine
 10
15.31468531468531
 20
8.915368944947055
 30
0.0
 11
15.34078594632036
 21
8.941469576582103
 31
0.0
  0
LINE
  5
959
330
90D
100
AcDbEntity
  8
0
 62
     0
100
AcDbLine
 10
15.31468531468531
 20
8.89769127541739
 30
0.0
 11
15.33574957263655
 21
8.918755533368634
 31
0.0
  0
LINE
  5
95A
330
90D
100
AcDbEntity
  8
0
 62
     0
100
AcDbLine
 10
15.31468531468531
 20
8.880013605887726
 30
0.0
 11
15.33071319895275
 21
8.896041490155163
 31
0.0
  0
LINE
  5
95B
330
90D
100
AcDbEntity
  8
0
 62
     0
100
AcDbLine
 10
15.31468531468531
 20
8.862335936358065
 30
0.0
 11
15.32567682526894
 21
8.873327446941696
 31
0.0
  0
LINE
  5
95C
330
90D
100
AcDbEntity
  8
0
 62
     0
100
AcDbLine
 10
15.31468531468531
 20
8.8446582668284
 30
0.0
 11
15.32064045158514
 21
8.850613403728227
 31
0.0
  0
LINE
  5
95D
330
90D
100
AcDbEntity
  8
0
 62
     0
100
AcDbLine
 10
15.31468531468531
 20
8.826980597298736
 30
0.0
 11
15.31560407790133
 21
8.827899360514756
 31
0.0
  0
ENDBLK
  5
95E
330
90D
100
AcDbEntity
  8
0
100
AcDbBlockEnd
  0
BLOCK
  5
960
330
95F
100
AcDbEntity
  8
0
100
AcDbBlockBegin
  2
*X5
 70
     1
 10
0.0
 20
0.0
 30
0.0
  3
*X5
  1

  0
LINE
  5
961
330
95F
100
AcDbEntity
  8
0
 62
     0
100
AcDbLine
 10
15.65593680885736
 20
9.875338872657332
 30
0.0
 11
15.79728780592351
 21
10.01668986972348
 31
0.0
  0
LINE
  5
962
330
95F
100
AcDbEntity
  8
0
 62
     0
100
AcDbLine
 10
15.64709797409253
 20
9.884177707422165
 30
0.0
 11
15.78478780592351
 21
10.02186753925314
 31
0.0
  0
LINE
  5
963
330
95F
100
AcDbEntity
  8
0
 62
     0
100
AcDbLine
 10
15.6382591393277
 20
9.893016542186997
 30
0.0
 11
15.77228780592351
 21
10.02704520878281
 31
0.0
  0
LINE
  5
964
330
95F
100
AcDbEntity
  8
0
 62
     0
100
AcDbLine
 10
15.62942030456287
 20
9.901855376951827
 30
0.0
 11
15.75978780592351
 21
10.03222287831247
 31
0.0
  0
LINE
  5
965
330
95F
100
AcDbEntity
  8
0
 62
     0
100
AcDbLine
 10
15.62058146979803
 20
9.91069421171666
 30
0.0
 11
15.74728780592351
 21
10.03740054784213
 31
0.0
  0
LINE
  5
966
330
95F
100
AcDbEntity
  8
0
 62
     0
100
AcDbLine
 10
15.6117426350332
 20
9.919533046481492
 30
0.0
 11
15.73478780592351
 21
10.0425782173718
 31
0.0
  0
LINE
  5
967
330
95F
100
AcDbEntity
  8
0
 62
     0
100
AcDbLine
 10
15.60290380026837
 20
9.928371881246324
 30
0.0
 11
15.72228780592351
 21
10.04775588690146
 31
0.0
  0
LINE
  5
968
330
95F
100
AcDbEntity
  8
0
 62
     0
100
AcDbLine
 10
15.59406496550354
 20
9.937210716011156
 30
0.0
 11
15.70978780592351
 21
10.05293355643113
 31
0.0
  0
LINE
  5
969
330
95F
100
AcDbEntity
  8
0
 62
     0
100
AcDbLine
 10
15.58522613073871
 20
9.946049550775987
 30
0.0
 11
15.69728780592351
 21
10.05811122596079
 31
0.0
  0
LINE
  5
96A
330
95F
100
AcDbEntity
  8
0
 62
     0
100
AcDbLine
 10
15.57638729597388
 20
9.95488838554082
 30
0.0
 11
15.68478780592351
 21
10.06328889549045
 31
0.0
  0
LINE
  5
96B
330
95F
100
AcDbEntity
  8
0
 62
     0
100
AcDbLine
 10
15.56754846120904
 20
9.963727220305651
 30
0.0
 11
15.67228780592351
 21
10.06846656502012
 31
0.0
  0
LINE
  5
96C
330
95F
100
AcDbEntity
  8
0
 62
     0
100
AcDbLine
 10
15.55870962644421
 20
9.972566055070484
 30
0.0
 11
15.65978780592351
 21
10.07364423454978
 31
0.0
  0
LINE
  5
96D
330
95F
100
AcDbEntity
  8
0
 62
     0
100
AcDbLine
 10
15.54987079167938
 20
9.981404889835314
 30
0.0
 11
15.64728780592351
 21
10.07882190407944
 31
0.0
  0
LINE
  5
96E
330
95F
100
AcDbEntity
  8
0
 62
     0
100
AcDbLine
 10
15.54103195691455
 20
9.990243724600147
 30
0.0
 11
15.63478780592351
 21
10.08399957360911
 31
0.0
  0
LINE
  5
96F
330
95F
100
AcDbEntity
  8
0
 62
     0
100
AcDbLine
 10
15.53219312214972
 20
9.999082559364979
 30
0.0
 11
15.62228780592351
 21
10.08917724313877
 31
0.0
  0
LINE
  5
970
330
95F
100
AcDbEntity
  8
0
 62
     0
100
AcDbLine
 10
15.52335428738488
 20
10.00792139412981
 30
0.0
 11
15.60978780592351
 21
10.09435491266843
 31
0.0
  0
LINE
  5
971
330
95F
100
AcDbEntity
  8
0
 62
     0
100
AcDbLine
 10
15.51451545262005
 20
10.01676022889464
 30
0.0
 11
15.59728780592351
 21
10.0995325821981
 31
0.0
  0
LINE
  5
972
330
95F
100
AcDbEntity
  8
0
 62
     0
100
AcDbLine
 10
15.50567661785522
 20
10.02559906365947
 30
0.0
 11
15.58478780592351
 21
10.10471025172776
 31
0.0
  0
LINE
  5
973
330
95F
100
AcDbEntity
  8
0
 62
     0
100
AcDbLine
 10
15.49683778309039
 20
10.03443789842431
 30
0.0
 11
15.57228780592351
 21
10.10988792125743
 31
0.0
  0
LINE
  5
974
330
95F
100
AcDbEntity
  8
0
 62
     0
100
AcDbLine
 10
15.48799894832556
 20
10.04327673318914
 30
0.0
 11
15.55978780592351
 21
10.11506559078709
 31
0.0
  0
LINE
  5
975
330
95F
100
AcDbEntity
  8
0
 62
     0
100
AcDbLine
 10
15.47916011356073
 20
10.05211556795397
 30
0.0
 11
15.54728780592351
 21
10.12024326031675
 31
0.0
  0
LINE
  5
976
330
95F
100
AcDbEntity
  8
0
 62
     0
100
AcDbLine
 10
15.47032127879589
 20
10.0609544027188
 30
0.0
 11
15.53478780592351
 21
10.12542092984642
 31
0.0
  0
LINE
  5
977
330
95F
100
AcDbEntity
  8
0
 62
     0
100
AcDbLine
 10
15.46148244403106
 20
10.06979323748363
 30
0.0
 11
15.52228780592351
 21
10.13059859937608
 31
0.0
  0
LINE
  5
978
330
95F
100
AcDbEntity
  8
0
 62
     0
100
AcDbLine
 10
15.45264360926623
 20
10.07863207224847
 30
0.0
 11
15.50978780592351
 21
10.13577626890575
 31
0.0
  0
LINE
  5
979
330
95F
100
AcDbEntity
  8
0
 62
     0
100
AcDbLine
 10
15.4438047745014
 20
10.0874709070133
 30
0.0
 11
15.49728780592351
 21
10.14095393843541
 31
0.0
  0
LINE
  5
97A
330
95F
100
AcDbEntity
  8
0
 62
     0
100
AcDbLine
 10
15.43496593973657
 20
10.09630974177813
 30
0.0
 11
15.48478780592351
 21
10.14613160796507
 31
0.0
  0
LINE
  5
97B
330
95F
100
AcDbEntity
  8
0
 62
     0
100
AcDbLine
 10
15.42612710497173
 20
10.10514857654296
 30
0.0
 11
15.47228780592351
 21
10.15130927749474
 31
0.0
  0
LINE
  5
97C
330
95F
100
AcDbEntity
  8
0
 62
     0
100
AcDbLine
 10
15.4172882702069
 20
10.11398741130779
 30
0.0
 11
15.45978780592351
 21
10.1564869470244
 31
0.0
  0
LINE
  5
97D
330
95F
100
AcDbEntity
  8
0
 62
     0
100
AcDbLine
 10
15.40844943544207
 20
10.12282624607263
 30
0.0
 11
15.44728780592351
 21
10.16166461655406
 31
0.0
  0
LINE
  5
97E
330
95F
100
AcDbEntity
  8
0
 62
     0
100
AcDbLine
 10
15.39961060067724
 20
10.13166508083746
 30
0.0
 11
15.43478780592351
 21
10.16684228608373
 31
0.0
  0
LINE
  5
97F
330
95F
100
AcDbEntity
  8
0
 62
     0
100
AcDbLine
 10
15.39077176591241
 20
10.14050391560229
 30
0.0
 11
15.42228780592351
 21
10.17201995561339
 31
0.0
  0
LINE
  5
980
330
95F
100
AcDbEntity
  8
0
 62
     0
100
AcDbLine
 10
15.38193293114757
 20
10.14934275036712
 30
0.0
 11
15.40978780592351
 21
10.17719762514306
 31
0.0
  0
LINE
  5
981
330
95F
100
AcDbEntity
  8
0
 62
     0
100
AcDbLine
 10
15.37309409638274
 20
10.15818158513195
 30
0.0
 11
15.39728780592351
 21
10.18237529467272
 31
0.0
  0
LINE
  5
982
330
95F
100
AcDbEntity
  8
0
 62
     0
100
AcDbLine
 10
15.36425526161791
 20
10.16702041989678
 30
0.0
 11
15.38478780592351
 21
10.18755296420238
 31
0.0
  0
LINE
  5
983
330
95F
100
AcDbEntity
  8
0
 62
     0
100
AcDbLine
 10
15.35541642685308
 20
10.17585925466162
 30
0.0
 11
15.37228780592351
 21
10.19273063373205
 31
0.0
  0
LINE
  5
984
330
95F
100
AcDbEntity
  8
0
 62
     0
100
AcDbLine
 10
15.34657759208825
 20
10.18469808942645
 30
0.0
 11
15.35978780592351
 21
10.19790830326171
 31
0.0
  0
LINE
  5
985
330
95F
100
AcDbEntity
  8
0
 62
     0
100
AcDbLine
 10
15.33773875732342
 20
10.19353692419128
 30
0.0
 11
15.34728780592351
 21
10.20308597279137
 31
0.0
  0
LINE
  5
986
330
95F
100
AcDbEntity
  8
0
 62
     0
100
AcDbLine
 10
15.32889992255858
 20
10.20237575895611
 30
0.0
 11
15.33478780592351
 21
10.20826364232104
 31
0.0
  0
LINE
  5
987
330
95F
100
AcDbEntity
  8
0
 62
     0
100
AcDbLine
 10
15.32006108779375
 20
10.21121459372094
 30
0.0
 11
15.32228780592351
 21
10.2134413118507
 31
0.0
  0
LINE
  5
988
330
95F
100
AcDbEntity
  8
0
 62
     0
100
AcDbLine
 10
15.66477564362219
 20
9.8665000378925
 30
0.0
 11
15.80432670464764
 21
10.00605109891795
 31
0.0
  0
LINE
  5
989
330
95F
100
AcDbEntity
  8
0
 62
     0
100
AcDbLine
 10
15.67361447838702
 20
9.857661203127668
 30
0.0
 11
15.80962076856352
 21
9.99366749330417
 31
0.0
  0
LINE
  5
98A
330
95F
100
AcDbEntity
  8
0
 62
     0
100
AcDbLine
 10
15.68245331315186
 20
9.848822368362837
 30
0.0
 11
15.81491483247941
 21
9.981283887690388
 31
0.0
  0
LINE
  5
98B
330
95F
100
AcDbEntity
  8
0
 62
     0
100
AcDbLine
 10
15.69129214791669
 20
9.839983533598005
 30
0.0
 11
15.82020889639529
 21
9.968900282076605
 31
0.0
  0
LINE
  5
98C
330
95F
100
AcDbEntity
  8
0
 62
     0
100
AcDbLine
 10
15.70013098268152
 20
9.831144698833173
 30
0.0
 11
15.82550296031117
 21
9.956516676462822
 31
0.0
  0
LINE
  5
98D
330
95F
100
AcDbEntity
  8
0
 62
     0
100
AcDbLine
 10
15.70896981744635
 20
9.82230586406834
 30
0.0
 11
15.83079702422705
 21
9.94413307084904
 31
0.0
  0
LINE
  5
98E
330
95F
100
AcDbEntity
  8
0
 62
     0
100
AcDbLine
 10
15.71780865221118
 20
9.813467029303508
 30
0.0
 11
15.83609108814293
 21
9.931749465235256
 31
0.0
  0
LINE
  5
98F
330
95F
100
AcDbEntity
  8
0
 62
     0
100
AcDbLine
 10
15.72664748697601
 20
9.804628194538678
 30
0.0
 11
15.84138515205881
 21
9.919365859621475
 31
0.0
  0
LINE
  5
990
330
95F
100
AcDbEntity
  8
0
 62
     0
100
AcDbLine
 10
15.73548632174085
 20
9.795789359773845
 30
0.0
 11
15.84667921597469
 21
9.906982254007692
 31
0.0
  0
LINE
  5
991
330
95F
100
AcDbEntity
  8
0
 62
     0
100
AcDbLine
 10
15.74432515650568
 20
9.786950525009013
 30
0.0
 11
15.85197327989058
 21
9.894598648393911
 31
0.0
  0
LINE
  5
992
330
95F
100
AcDbEntity
  8
0
 62
     0
100
AcDbLine
 10
15.75316399127051
 20
9.778111690244181
 30
0.0
 11
15.85726734380646
 21
9.882215042780128
 31
0.0
  0
LINE
  5
993
330
95F
100
AcDbEntity
  8
0
 62
     0
100
AcDbLine
 10
15.76200282603534
 20
9.76927285547935
 30
0.0
 11
15.86256140772234
 21
9.869831437166345
 31
0.0
  0
LINE
  5
994
330
95F
100
AcDbEntity
  8
0
 62
     0
100
AcDbLine
 10
15.77084166080017
 20
9.760434020714518
 30
0.0
 11
15.86785547163822
 21
9.857447831552564
 31
0.0
  0
LINE
  5
995
330
95F
100
AcDbEntity
  8
0
 62
     0
100
AcDbLine
 10
15.77968049556501
 20
9.751595185949686
 30
0.0
 11
15.8731495355541
 21
9.845064225938781
 31
0.0
  0
LINE
  5
996
330
95F
100
AcDbEntity
  8
0
 62
     0
100
AcDbLine
 10
15.78851933032984
 20
9.742756351184854
 30
0.0
 11
15.87844359946998
 21
9.832680620324998
 31
0.0
  0
LINE
  5
997
330
95F
100
AcDbEntity
  8
0
 62
     0
100
AcDbLine
 10
15.79735816509467
 20
9.733917516420021
 30
0.0
 11
15.88373766338586
 21
9.820297014711215
 31
0.0
  0
LINE
  5
998
330
95F
100
AcDbEntity
  8
0
 62
     0
100
AcDbLine
 10
15.8061969998595
 20
9.72507868165519
 30
0.0
 11
15.88903172730175
 21
9.807913409097434
 31
0.0
  0
LINE
  5
999
330
95F
100
AcDbEntity
  8
0
 62
     0
100
AcDbLine
 10
15.81503583462433
 20
9.716239846890359
 30
0.0
 11
15.89432579121763
 21
9.795529803483651
 31
0.0
  0
LINE
  5
99A
330
95F
100
AcDbEntity
  8
0
 62
     0
100
AcDbLine
 10
15.82387466938916
 20
9.707401012125526
 30
0.0
 11
15.89961985513351
 21
9.78314619786987
 31
0.0
  0
LINE
  5
99B
330
95F
100
AcDbEntity
  8
0
 62
     0
100
AcDbLine
 10
15.832713504154
 20
9.698562177360694
 30
0.0
 11
15.90491391904939
 21
9.770762592256087
 31
0.0
  0
LINE
  5
99C
330
95F
100
AcDbEntity
  8
0
 62
     0
100
AcDbLine
 10
15.84155233891883
 20
9.689723342595864
 30
0.0
 11
15.91020798296527
 21
9.758378986642304
 31
0.0
  0
LINE
  5
99D
330
95F
100
AcDbEntity
  8
0
 62
     0
100
AcDbLine
 10
15.85039117368366
 20
9.680884507831031
 30
0.0
 11
15.91550204688115
 21
9.745995381028521
 31
0.0
  0
LINE
  5
99E
330
95F
100
AcDbEntity
  8
0
 62
     0
100
AcDbLine
 10
15.85923000844849
 20
9.672045673066199
 30
0.0
 11
15.92079611079703
 21
9.73361177541474
 31
0.0
  0
LINE
  5
99F
330
95F
100
AcDbEntity
  8
0
 62
     0
100
AcDbLine
 10
15.86806884321332
 20
9.663206838301367
 30
0.0
 11
15.92609017471291
 21
9.721228169800957
 31
0.0
  0
LINE
  5
9A0
330
95F
100
AcDbEntity
  8
0
 62
     0
100
AcDbLine
 10
15.87690767797816
 20
9.654368003536536
 30
0.0
 11
15.93138423862879
 21
9.708844564187174
 31
0.0
  0
LINE
  5
9A1
330
95F
100
AcDbEntity
  8
0
 62
     0
100
AcDbLine
 10
15.88574651274299
 20
9.645529168771704
 30
0.0
 11
15.93667830254468
 21
9.696460958573393
 31
0.0
  0
LINE
  5
9A2
330
95F
100
AcDbEntity
  8
0
 62
     0
100
AcDbLine
 10
15.89458534750782
 20
9.636690334006872
 30
0.0
 11
15.94197236646056
 21
9.68407735295961
 31
0.0
  0
LINE
  5
9A3
330
95F
100
AcDbEntity
  8
0
 62
     0
100
AcDbLine
 10
15.90342418227265
 20
9.62785149924204
 30
0.0
 11
15.94726643037644
 21
9.671693747345829
 31
0.0
  0
LINE
  5
9A4
330
95F
100
AcDbEntity
  8
0
 62
     0
100
AcDbLine
 10
15.91226301703748
 20
9.619012664477207
 30
0.0
 11
15.95256049429232
 21
9.659310141732046
 31
0.0
  0
LINE
  5
9A5
330
95F
100
AcDbEntity
  8
0
 62
     0
100
AcDbLine
 10
15.92110185180232
 20
9.610173829712377
 30
0.0
 11
15.9578545582082
 21
9.646926536118263
 31
0.0
  0
LINE
  5
9A6
330
95F
100
AcDbEntity
  8
0
 62
     0
100
AcDbLine
 10
15.92994068656715
 20
9.601334994947544
 30
0.0
 11
15.96314862212408
 21
9.63454293050448
 31
0.0
  0
LINE
  5
9A7
330
95F
100
AcDbEntity
  8
0
 62
     0
100
AcDbLine
 10
15.93877952133198
 20
9.592496160182712
 30
0.0
 11
15.96844268603996
 21
9.622159324890697
 31
0.0
  0
LINE
  5
9A8
330
95F
100
AcDbEntity
  8
0
 62
     0
100
AcDbLine
 10
15.94761835609681
 20
9.58365732541788
 30
0.0
 11
15.97373674995585
 21
9.609775719276916
 31
0.0
  0
LINE
  5
9A9
330
95F
100
AcDbEntity
  8
0
 62
     0
100
AcDbLine
 10
15.95645719086164
 20
9.57481849065305
 30
0.0
 11
15.97903081387173
 21
9.597392113663133
 31
0.0
  0
LINE
  5
9AA
330
95F
100
AcDbEntity
  8
0
 62
     0
100
AcDbLine
 10
15.96529602562647
 20
9.565979655888217
 30
0.0
 11
15.98432487778761
 21
9.585008508049352
 31
0.0
  0
LINE
  5
9AB
330
95F
100
AcDbEntity
  8
0
 62
     0
100
AcDbLine
 10
15.97413486039131
 20
9.557140821123385
 30
0.0
 11
15.98961894170349
 21
9.57262490243557
 31
0.0
  0
LINE
  5
9AC
330
95F
100
AcDbEntity
  8
0
 62
     0
100
AcDbLine
 10
15.98297369515614
 20
9.548301986358553
 30
0.0
 11
15.99491300561937
 21
9.560241296821786
 31
0.0
  0
LINE
  5
9AD
330
95F
100
AcDbEntity
  8
0
 62
     0
100
AcDbLine
 10
15.99181252992097
 20
9.539463151593722
 30
0.0
 11
16.00020706953525
 21
9.547857691208005
 31
0.0
  0
LINE
  5
9AE
330
95F
100
AcDbEntity
  8
0
 62
     0
100
AcDbLine
 10
16.0006513646858
 20
9.53062431682889
 30
0.0
 11
16.00550113345113
 21
9.535474085594222
 31
0.0
  0
LINE
  5
9AF
330
95F
100
AcDbEntity
  8
0
 62
     0
100
AcDbLine
 10
16.00949019945064
 20
9.521785482064058
 30
0.0
 11
16.01079519736701
 21
9.52309047998044
 31
0.0
  0
ENDBLK
  5
9B0
330
95F
100
AcDbEntity
  8
0
100
AcDbBlockEnd
  0
BLOCK
  5
9B2
330
9B1
100
AcDbEntity
  8
0
100
AcDbBlockBegin
  2
*X6
 70
     1
 10
0.0
 20
0.0
 30
0.0
  3
*X6
  1

  0
LINE
  5
9B3
330
9B1
100
AcDbEntity
  8
0
 62
     0
100
AcDbLine
 10
15.9087999553811
 20
10.21659036682938
 30
0.0
 11
16.05375822176891
 21
10.3615486332172
 31
0.0
  0
LINE
  5
9B4
330
9B1
100
AcDbEntity
  8
0
 62
     0
100
AcDbLine
 10
15.89112228585143
 20
10.21659036682938
 30
0.0
 11
16.03928884096297
 21
10.36475692194092
 31
0.0
  0
LINE
  5
9B5
330
9B1
100
AcDbEntity
  8
0
 62
     0
100
AcDbLine
 10
15.87344461632177
 20
10.21659036682938
 30
0.0
 11
16.02481946015703
 21
10.36796521066465
 31
0.0
  0
LINE
  5
9B6
330
9B1
100
AcDbEntity
  8
0
 62
     0
100
AcDbLine
 10
15.8557669467921
 20
10.21659036682938
 30
0.0
 11
16.01035007935109
 21
10.37117349938837
 31
0.0
  0
LINE
  5
9B7
330
9B1
100
AcDbEntity
  8
0
 62
     0
100
AcDbLine
 10
15.83808927726244
 20
10.21659036682938
 30
0.0
 11
15.99588069854515
 21
10.3743817881121
 31
0.0
  0
LINE
  5
9B8
330
9B1
100
AcDbEntity
  8
0
 62
     0
100
AcDbLine
 10
15.82041160773278
 20
10.21659036682938
 30
0.0
 11
15.98141131773922
 21
10.37759007683582
 31
0.0
  0
LINE
  5
9B9
330
9B1
100
AcDbEntity
  8
0
 62
     0
100
AcDbLine
 10
15.80273393820311
 20
10.21659036682938
 30
0.0
 11
15.96694193693328
 21
10.38079836555955
 31
0.0
  0
LINE
  5
9BA
330
9B1
100
AcDbEntity
  8
0
 62
     0
100
AcDbLine
 10
15.78505626867345
 20
10.21659036682938
 30
0.0
 11
15.95247255612734
 21
10.38400665428328
 31
0.0
  0
LINE
  5
9BB
330
9B1
100
AcDbEntity
  8
0
 62
     0
100
AcDbLine
 10
15.76737859914378
 20
10.21659036682938
 30
0.0
 11
15.9380031753214
 21
10.387214943007
 31
0.0
  0
LINE
  5
9BC
330
9B1
100
AcDbEntity
  8
0
 62
     0
100
AcDbLine
 10
15.74970092961412
 20
10.21659036682938
 30
0.0
 11
15.92353379451546
 21
10.39042323173073
 31
0.0
  0
LINE
  5
9BD
330
9B1
100
AcDbEntity
  8
0
 62
     0
100
AcDbLine
 10
15.73202326008446
 20
10.21659036682938
 30
0.0
 11
15.90906441370952
 21
10.39363152045445
 31
0.0
  0
LINE
  5
9BE
330
9B1
100
AcDbEntity
  8
0
 62
     0
100
AcDbLine
 10
15.71434559055479
 20
10.21659036682938
 30
0.0
 11
15.89459503290359
 21
10.39683980917818
 31
0.0
  0
LINE
  5
9BF
330
9B1
100
AcDbEntity
  8
0
 62
     0
100
AcDbLine
 10
15.69666792102513
 20
10.21659036682938
 30
0.0
 11
15.88012565209765
 21
10.4000480979019
 31
0.0
  0
LINE
  5
9C0
330
9B1
100
AcDbEntity
  8
0
 62
     0
100
AcDbLine
 10
15.67899025149547
 20
10.21659036682938
 30
0.0
 11
15.86565627129171
 21
10.40325638662563
 31
0.0
  0
LINE
  5
9C1
330
9B1
100
AcDbEntity
  8
0
 62
     0
100
AcDbLine
 10
15.6613125819658
 20
10.21659036682938
 30
0.0
 11
15.85118689048577
 21
10.40646467534935
 31
0.0
  0
LINE
  5
9C2
330
9B1
100
AcDbEntity
  8
0
 62
     0
100
AcDbLine
 10
15.64363491243614
 20
10.21659036682938
 30
0.0
 11
15.83671750967983
 21
10.40967296407308
 31
0.0
  0
LINE
  5
9C3
330
9B1
100
AcDbEntity
  8
0
 62
     0
100
AcDbLine
 10
15.62595724290648
 20
10.21659036682938
 30
0.0
 11
15.82224812887389
 21
10.4128812527968
 31
0.0
  0
LINE
  5
9C4
330
9B1
100
AcDbEntity
  8
0
 62
     0
100
AcDbLine
 10
15.60827957337681
 20
10.21659036682938
 30
0.0
 11
15.80777874806796
 21
10.41608954152053
 31
0.0
  0
LINE
  5
9C5
330
9B1
100
AcDbEntity
  8
0
 62
     0
100
AcDbLine
 10
15.59060190384715
 20
10.21659036682938
 30
0.0
 11
15.78570439508534
 21
10.41169285806758
 31
0.0
  0
LINE
  5
9C6
330
9B1
100
AcDbEntity
  8
0
 62
     0
100
AcDbLine
 10
15.57292423431748
 20
10.21659036682938
 30
0.0
 11
15.75552672555568
 21
10.39919285806758
 31
0.0
  0
LINE
  5
9C7
330
9B1
100
AcDbEntity
  8
0
 62
     0
100
AcDbLine
 10
15.55524656478782
 20
10.21659036682938
 30
0.0
 11
15.72534905602602
 21
10.38669285806758
 31
0.0
  0
LINE
  5
9C8
330
9B1
100
AcDbEntity
  8
0
 62
     0
100
AcDbLine
 10
15.53756889525816
 20
10.21659036682938
 30
0.0
 11
15.69517138649635
 21
10.37419285806758
 31
0.0
  0
LINE
  5
9C9
330
9B1
100
AcDbEntity
  8
0
 62
     0
100
AcDbLine
 10
15.51989122572849
 20
10.21659036682938
 30
0.0
 11
15.66499371696669
 21
10.36169285806758
 31
0.0
  0
LINE
  5
9CA
330
9B1
100
AcDbEntity
  8
0
 62
     0
100
AcDbLine
 10
15.50221355619883
 20
10.21659036682938
 30
0.0
 11
15.63481604743703
 21
10.34919285806758
 31
0.0
  0
LINE
  5
9CB
330
9B1
100
AcDbEntity
  8
0
 62
     0
100
AcDbLine
 10
15.48453588666917
 20
10.21659036682938
 30
0.0
 11
15.60463837790736
 21
10.33669285806758
 31
0.0
  0
LINE
  5
9CC
330
9B1
100
AcDbEntity
  8
0
 62
     0
100
AcDbLine
 10
15.4668582171395
 20
10.21659036682938
 30
0.0
 11
15.5744607083777
 21
10.32419285806758
 31
0.0
  0
LINE
  5
9CD
330
9B1
100
AcDbEntity
  8
0
 62
     0
100
AcDbLine
 10
15.44918054760984
 20
10.21659036682938
 30
0.0
 11
15.54428303884803
 21
10.31169285806758
 31
0.0
  0
LINE
  5
9CE
330
9B1
100
AcDbEntity
  8
0
 62
     0
100
AcDbLine
 10
15.43150287808018
 20
10.21659036682938
 30
0.0
 11
15.51410536931837
 21
10.29919285806758
 31
0.0
  0
LINE
  5
9CF
330
9B1
100
AcDbEntity
  8
0
 62
     0
100
AcDbLine
 10
15.41382520855051
 20
10.21659036682938
 30
0.0
 11
15.48392769978871
 21
10.28669285806758
 31
0.0
  0
LINE
  5
9D0
330
9B1
100
AcDbEntity
  8
0
 62
     0
100
AcDbLine
 10
15.39614753902085
 20
10.21659036682938
 30
0.0
 11
15.45375003025904
 21
10.27419285806758
 31
0.0
  0
LINE
  5
9D1
330
9B1
100
AcDbEntity
  8
0
 62
     0
100
AcDbLine
 10
15.37846986949118
 20
10.21659036682938
 30
0.0
 11
15.42357236072938
 21
10.26169285806758
 31
0.0
  0
LINE
  5
9D2
330
9B1
100
AcDbEntity
  8
0
 62
     0
100
AcDbLine
 10
15.36079219996152
 20
10.21659036682938
 30
0.0
 11
15.39339469119972
 21
10.24919285806758
 31
0.0
  0
LINE
  5
9D3
330
9B1
100
AcDbEntity
  8
0
 62
     0
100
AcDbLine
 10
15.34311453043186
 20
10.21659036682938
 30
0.0
 11
15.36321702167005
 21
10.23669285806758
 31
0.0
  0
LINE
  5
9D4
330
9B1
100
AcDbEntity
  8
0
 62
     0
100
AcDbLine
 10
15.32543686090219
 20
10.21659036682938
 30
0.0
 11
15.33303935214039
 21
10.22419285806758
 31
0.0
  0
LINE
  5
9D5
330
9B1
100
AcDbEntity
  8
0
 62
     0
100
AcDbLine
 10
15.92647762491076
 20
10.21659036682938
 30
0.0
 11
16.06822760257485
 21
10.35834034449347
 31
0.0
  0
LINE
  5
9D6
330
9B1
100
AcDbEntity
  8
0
 62
     0
100
AcDbLine
 10
15.94415529444042
 20
10.21659036682938
 30
0.0
 11
16.08269698338079
 21
10.35513205576975
 31
0.0
  0
LINE
  5
9D7
330
9B1
100
AcDbEntity
  8
0
 62
     0
100
AcDbLine
 10
15.96183296397009
 20
10.21659036682938
 30
0.0
 11
16.09716636418672
 21
10.35192376704602
 31
0.0
  0
LINE
  5
9D8
330
9B1
100
AcDbEntity
  8
0
 62
     0
100
AcDbLine
 10
15.97951063349975
 20
10.21659036682938
 30
0.0
 11
16.11163574499266
 21
10.3487154783223
 31
0.0
  0
LINE
  5
9D9
330
9B1
100
AcDbEntity
  8
0
 62
     0
100
AcDbLine
 10
15.99718830302941
 20
10.21659036682938
 30
0.0
 11
16.1261051257986
 21
10.34550718959857
 31
0.0
  0
LINE
  5
9DA
330
9B1
100
AcDbEntity
  8
0
 62
     0
100
AcDbLine
 10
16.01486597255908
 20
10.21659036682938
 30
0.0
 11
16.14057450660454
 21
10.34229890087485
 31
0.0
  0
LINE
  5
9DB
330
9B1
100
AcDbEntity
  8
0
 62
     0
100
AcDbLine
 10
16.03254364208874
 20
10.21659036682938
 30
0.0
 11
16.15504388741048
 21
10.33909061215112
 31
0.0
  0
LINE
  5
9DC
330
9B1
100
AcDbEntity
  8
0
 62
     0
100
AcDbLine
 10
16.0502213116184
 20
10.21659036682938
 30
0.0
 11
16.16951326821641
 21
10.33588232342739
 31
0.0
  0
LINE
  5
9DD
330
9B1
100
AcDbEntity
  8
0
 62
     0
100
AcDbLine
 10
16.06789898114807
 20
10.21659036682938
 30
0.0
 11
16.18398264902235
 21
10.33267403470367
 31
0.0
  0
LINE
  5
9DE
330
9B1
100
AcDbEntity
  8
0
 62
     0
100
AcDbLine
 10
16.08557665067773
 20
10.21659036682938
 30
0.0
 11
16.19845202982829
 21
10.32946574597994
 31
0.0
  0
LINE
  5
9DF
330
9B1
100
AcDbEntity
  8
0
 62
     0
100
AcDbLine
 10
16.10325432020739
 20
10.21659036682938
 30
0.0
 11
16.21292141063423
 21
10.32625745725622
 31
0.0
  0
LINE
  5
9E0
330
9B1
100
AcDbEntity
  8
0
 62
     0
100
AcDbLine
 10
16.12093198973706
 20
10.21659036682938
 30
0.0
 11
16.22739079144017
 21
10.32304916853249
 31
0.0
  0
LINE
  5
9E1
330
9B1
100
AcDbEntity
  8
0
 62
     0
100
AcDbLine
 10
16.13860965926672
 20
10.21659036682938
 30
0.0
 11
16.24186017224611
 21
10.31984087980877
 31
0.0
  0
LINE
  5
9E2
330
9B1
100
AcDbEntity
  8
0
 62
     0
100
AcDbLine
 10
16.15628732879638
 20
10.21659036682938
 30
0.0
 11
16.25632955305204
 21
10.31663259108504
 31
0.0
  0
LINE
  5
9E3
330
9B1
100
AcDbEntity
  8
0
 62
     0
100
AcDbLine
 10
16.17396499832605
 20
10.21659036682938
 30
0.0
 11
16.27079893385798
 21
10.31342430236132
 31
0.0
  0
LINE
  5
9E4
330
9B1
100
AcDbEntity
  8
0
 62
     0
100
AcDbLine
 10
16.19164266785571
 20
10.21659036682938
 30
0.0
 11
16.28526831466392
 21
10.31021601363759
 31
0.0
  0
LINE
  5
9E5
330
9B1
100
AcDbEntity
  8
0
 62
     0
100
AcDbLine
 10
16.20932033738538
 20
10.21659036682938
 30
0.0
 11
16.29973769546986
 21
10.30700772491387
 31
0.0
  0
LINE
  5
9E6
330
9B1
100
AcDbEntity
  8
0
 62
     0
100
AcDbLine
 10
16.22699800691504
 20
10.21659036682938
 30
0.0
 11
16.3142070762758
 21
10.30379943619014
 31
0.0
  0
LINE
  5
9E7
330
9B1
100
AcDbEntity
  8
0
 62
     0
100
AcDbLine
 10
16.2446756764447
 20
10.21659036682938
 30
0.0
 11
16.32867645708174
 21
10.30059114746642
 31
0.0
  0
LINE
  5
9E8
330
9B1
100
AcDbEntity
  8
0
 62
     0
100
AcDbLine
 10
16.26235334597437
 20
10.21659036682938
 30
0.0
 11
16.34314583788768
 21
10.29738285874269
 31
0.0
  0
LINE
  5
9E9
330
9B1
100
AcDbEntity
  8
0
 62
     0
100
AcDbLine
 10
16.28003101550403
 20
10.21659036682938
 30
0.0
 11
16.35761521869361
 21
10.29417457001897
 31
0.0
  0
LINE
  5
9EA
330
9B1
100
AcDbEntity
  8
0
 62
     0
100
AcDbLine
 10
16.2977086850337
 20
10.21659036682938
 30
0.0
 11
16.37208459949955
 21
10.29096628129524
 31
0.0
  0
LINE
  5
9EB
330
9B1
100
AcDbEntity
  8
0
 62
     0
100
AcDbLine
 10
16.31538635456336
 20
10.21659036682938
 30
0.0
 11
16.38655398030549
 21
10.28775799257152
 31
0.0
  0
LINE
  5
9EC
330
9B1
100
AcDbEntity
  8
0
 62
     0
100
AcDbLine
 10
16.33306402409302
 20
10.21659036682938
 30
0.0
 11
16.40102336111143
 21
10.28454970384779
 31
0.0
  0
LINE
  5
9ED
330
9B1
100
AcDbEntity
  8
0
 62
     0
100
AcDbLine
 10
16.35074169362269
 20
10.21659036682938
 30
0.0
 11
16.41549274191737
 21
10.28134141512406
 31
0.0
  0
LINE
  5
9EE
330
9B1
100
AcDbEntity
  8
0
 62
     0
100
AcDbLine
 10
16.36841936315235
 20
10.21659036682938
 30
0.0
 11
16.42996212272331
 21
10.27813312640034
 31
0.0
  0
LINE
  5
9EF
330
9B1
100
AcDbEntity
  8
0
 62
     0
100
AcDbLine
 10
16.38609703268201
 20
10.21659036682938
 30
0.0
 11
16.44443150352924
 21
10.27492483767661
 31
0.0
  0
LINE
  5
9F0
330
9B1
100
AcDbEntity
  8
0
 62
     0
100
AcDbLine
 10
16.40377470221168
 20
10.21659036682938
 30
0.0
 11
16.45890088433518
 21
10.27171654895289
 31
0.0
  0
LINE
  5
9F1
330
9B1
100
AcDbEntity
  8
0
 62
     0
100
AcDbLine
 10
16.42145237174134
 20
10.21659036682938
 30
0.0
 11
16.47337026514112
 21
10.26850826022916
 31
0.0
  0
LINE
  5
9F2
330
9B1
100
AcDbEntity
  8
0
 62
     0
100
AcDbLine
 10
16.43913004127101
 20
10.21659036682938
 30
0.0
 11
16.48783964594706
 21
10.26529997150544
 31
0.0
  0
LINE
  5
9F3
330
9B1
100
AcDbEntity
  8
0
 62
     0
100
AcDbLine
 10
16.45680771080067
 20
10.21659036682938
 30
0.0
 11
16.502309026753
 21
10.26209168278171
 31
0.0
  0
LINE
  5
9F4
330
9B1
100
AcDbEntity
  8
0
 62
     0
100
AcDbLine
 10
16.47448538033033
 20
10.21659036682938
 30
0.0
 11
16.51677840755893
 21
10.25888339405799
 31
0.0
  0
LINE
  5
9F5
330
9B1
100
AcDbEntity
  8
0
 62
     0
100
AcDbLine
 10
16.49216304986
 20
10.21659036682938
 30
0.0
 11
16.53124778836487
 21
10.25567510533426
 31
0.0
  0
LINE
  5
9F6
330
9B1
100
AcDbEntity
  8
0
 62
     0
100
AcDbLine
 10
16.50984071938966
 20
10.21659036682938
 30
0.0
 11
16.54571716917081
 21
10.25246681661054
 31
0.0
  0
LINE
  5
9F7
330
9B1
100
AcDbEntity
  8
0
 62
     0
100
AcDbLine
 10
16.52751838891932
 20
10.21659036682938
 30
0.0
 11
16.56018654997675
 21
10.24925852788681
 31
0.0
  0
LINE
  5
9F8
330
9B1
100
AcDbEntity
  8
0
 62
     0
100
AcDbLine
 10
16.54519605844899
 20
10.21659036682938
 30
0.0
 11
16.57465593078269
 21
10.24605023916308
 31
0.0
  0
LINE
  5
9F9
330
9B1
100
AcDbEntity
  8
0
 62
     0
100
AcDbLine
 10
16.56287372797865
 20
10.21659036682938
 30
0.0
 11
16.58912531158863
 21
10.24284195043936
 31
0.0
  0
LINE
  5
9FA
330
9B1
100
AcDbEntity
  8
0
 62
     0
100
AcDbLine
 10
16.58055139750831
 20
10.21659036682938
 30
0.0
 11
16.60359469239457
 21
10.23963366171563
 31
0.0
  0
LINE
  5
9FB
330
9B1
100
AcDbEntity
  8
0
 62
     0
100
AcDbLine
 10
16.59822906703798
 20
10.21659036682938
 30
0.0
 11
16.6180640732005
 21
10.23642537299191
 31
0.0
  0
LINE
  5
9FC
330
9B1
100
AcDbEntity
  8
0
 62
     0
100
AcDbLine
 10
16.61590673656764
 20
10.21659036682938
 30
0.0
 11
16.63253345400644
 21
10.23321708426818
 31
0.0
  0
LINE
  5
9FD
330
9B1
100
AcDbEntity
  8
0
 62
     0
100
AcDbLine
 10
16.63358440609731
 20
10.21659036682938
 30
0.0
 11
16.64700283481238
 21
10.23000879554446
 31
0.0
  0
LINE
  5
9FE
330
9B1
100
AcDbEntity
  8
0
 62
     0
100
AcDbLine
 10
16.65126207562697
 20
10.21659036682938
 30
0.0
 11
16.66147221561832
 21
10.22680050682073
 31
0.0
  0
LINE
  5
9FF
330
9B1
100
AcDbEntity
  8
0
 62
     0
100
AcDbLine
 10
16.66893974515663
 20
10.21659036682938
 30
0.0
 11
16.67594159642426
 21
10.22359221809701
 31
0.0
  0
LINE
  5
A00
330
9B1
100
AcDbEntity
  8
0
 62
     0
100
AcDbLine
 10
16.6866174146863
 20
10.21659036682938
 30
0.0
 11
16.69041097723019
 21
10.22038392937328
 31
0.0
  0
LINE
  5
A01
330
9B1
100
AcDbEntity
  8
0
 62
     0
100
AcDbLine
 10
16.70429508421596
 20
10.21659036682938
 30
0.0
 11
16.70488035803614
 21
10.21717564064956
 31
0.0
  0
ENDBLK
  5
A02
330
9B1
100
AcDbEntity
  8
0
100
AcDbBlockEnd
  0
BLOCK
  5
A04
330
A03
100
AcDbEntity
  8
0
100
AcDbBlockBegin
  2
*X7
 70
     1
 10
0.0
 20
0.0
 30
0.0
  3
*X7
  1

  0
LINE
  5
A05
330
A03
100
AcDbEntity
  8
0
 62
     0
100
AcDbLine
 10
15.31958282344712
 20
10.22841399890398
 30
0.0
 11
16.00064603711871
 21
10.90947721257556
 31
0.0
  0
LINE
  5
A06
330
A03
100
AcDbEntity
  8
0
 62
     0
100
AcDbLine
 10
15.33208282344712
 20
10.25859166843364
 30
0.0
 11
15.96976769590084
 21
10.89627654088736
 31
0.0
  0
LINE
  5
A07
330
A03
100
AcDbEntity
  8
0
 62
     0
100
AcDbLine
 10
15.34458282344712
 20
10.2887693379633
 30
0.0
 11
15.93888935468297
 21
10.88307586919915
 31
0.0
  0
LINE
  5
A08
330
A03
100
AcDbEntity
  8
0
 62
     0
100
AcDbLine
 10
15.35708282344712
 20
10.31894700749297
 30
0.0
 11
15.9080110134651
 21
10.86987519751094
 31
0.0
  0
LINE
  5
A09
330
A03
100
AcDbEntity
  8
0
 62
     0
100
AcDbLine
 10
15.36958282344712
 20
10.34912467702263
 30
0.0
 11
15.87713267224722
 21
10.85667452582274
 31
0.0
  0
LINE
  5
A0A
330
A03
100
AcDbEntity
  8
0
 62
     0
100
AcDbLine
 10
15.38208282344712
 20
10.3793023465523
 30
0.0
 11
15.84625433102936
 21
10.84347385413453
 31
0.0
  0
LINE
  5
A0B
330
A03
100
AcDbEntity
  8
0
 62
     0
100
AcDbLine
 10
15.39458282344712
 20
10.40948001608196
 30
0.0
 11
15.81537598981148
 21
10.83027318244632
 31
0.0
  0
LINE
  5
A0C
330
A03
100
AcDbEntity
  8
0
 62
     0
100
AcDbLine
 10
15.40708282344712
 20
10.43965768561162
 30
0.0
 11
15.78449764859361
 21
10.81707251075812
 31
0.0
  0
LINE
  5
A0D
330
A03
100
AcDbEntity
  8
0
 62
     0
100
AcDbLine
 10
15.41958282344712
 20
10.46983535514129
 30
0.0
 11
15.75361930737574
 21
10.80387183906991
 31
0.0
  0
LINE
  5
A0E
330
A03
100
AcDbEntity
  8
0
 62
     0
100
AcDbLine
 10
15.43208282344712
 20
10.50001302467095
 30
0.0
 11
15.72274096615787
 21
10.7906711673817
 31
0.0
  0
LINE
  5
A0F
330
A03
100
AcDbEntity
  8
0
 62
     0
100
AcDbLine
 10
15.44458282344712
 20
10.53019069420061
 30
0.0
 11
15.69186262494
 21
10.77747049569349
 31
0.0
  0
LINE
  5
A10
330
A03
100
AcDbEntity
  8
0
 62
     0
100
AcDbLine
 10
15.45708282344712
 20
10.56036836373027
 30
0.0
 11
15.66098428372213
 21
10.76426982400529
 31
0.0
  0
LINE
  5
A11
330
A03
100
AcDbEntity
  8
0
 62
     0
100
AcDbLine
 10
15.46958282344712
 20
10.59054603325994
 30
0.0
 11
15.63010594250426
 21
10.75106915231708
 31
0.0
  0
LINE
  5
A12
330
A03
100
AcDbEntity
  8
0
 62
     0
100
AcDbLine
 10
15.48208282344712
 20
10.6207237027896
 30
0.0
 11
15.59922760128639
 21
10.73786848062888
 31
0.0
  0
LINE
  5
A13
330
A03
100
AcDbEntity
  8
0
 62
     0
100
AcDbLine
 10
15.49458282344712
 20
10.65090137231927
 30
0.0
 11
15.56834926006852
 21
10.72466780894067
 31
0.0
  0
LINE
  5
A14
330
A03
100
AcDbEntity
  8
0
 62
     0
100
AcDbLine
 10
15.50708282344712
 20
10.68107904184893
 30
0.0
 11
15.53747091885065
 21
10.71146713725246
 31
0.0
  0
ENDBLK
  5
A15
330
A03
100
AcDbEntity
  8
0
100
AcDbBlockEnd
  0
BLOCK
  5
A17
330
A16
100
AcDbEntity
  8
0
100
AcDbBlockBegin
  2
NORT2
 70
     0
 10
0.0
 20
0.0
 30
0.0
  3
NORT2
  1

  0
TEXT
  5
A18
330
A16
100
AcDbEntity
  8
0
100
AcDbText
 10
-9.509613053250924
 20
11.27548170594079
 30
0.0
 40
2.892463337035804
  1
O
  7
GOTHICE
100
AcDbText
  0
TEXT
  5
A19
330
A16
100
AcDbEntity
  8
0
100
AcDbText
 10
6.099292767740138
 20
11.33057624569386
 30
0.0
 40
2.892463337035804
  1
E
  7
GOTHICE
100
AcDbText
  0
TEXT
  5
A1A
330
A16
100
AcDbEntity
  8
0
100
AcDbText
 10
-1.416106331255563
 20
2.708280774339514
 30
0.0
 40
2.892463337035804
  1
S
  7
GOTHICE
100
AcDbText
  0
TEXT
  5
A1B
330
A16
100
AcDbEntity
  8
0
100
AcDbText
 10
-1.849687048505309
 20
19.39503950204845
 30
0.0
 40
2.892463337035804
  1
N
  7
GOTHICE
100
AcDbText
  0
INSERT
  5
A1C
330
A16
100
AcDbEntity
  8
0
100
AcDbBlockReference
  2
*X7
 10
-63.27362199222013
 20
-29.77683722756019
 30
0.0
 41
4.133469504447633
 42
4.133469504447633
 43
4.133469504447633
  0
INSERT
  5
A1D
330
A16
100
AcDbEntity
  8
0
100
AcDbBlockReference
  2
*X6
 10
-63.27362199222013
 20
-29.77683722756019
 30
0.0
 41
4.133469504447633
 42
4.133469504447633
 43
4.133469504447633
  0
INSERT
  5
A1E
330
A16
100
AcDbEntity
  8
0
100
AcDbBlockReference
  2
*X5
 10
-63.27362199222013
 20
-29.77683722756019
 30
0.0
 41
4.133469504447633
 42
4.133469504447633
 43
4.133469504447633
  0
INSERT
  5
A1F
330
A16
100
AcDbEntity
  8
0
100
AcDbBlockReference
  2
*X4
 10
-63.27362199222013
 20
-29.77683722756019
 30
0.0
 41
4.133469504447633
 42
4.133469504447633
 43
4.133469504447633
  0
INSERT
  5
A20
330
A16
100
AcDbEntity
  8
0
100
AcDbBlockReference
  2
*X3
 10
-63.27362199222013
 20
-29.77683722756019
 30
0.0
 41
4.133469504447633
 42
4.133469504447633
 43
4.133469504447633
  0
INSERT
  5
A21
330
A16
100
AcDbEntity
  8
0
100
AcDbBlockReference
  2
*X2
 10
-63.27362199222013
 20
-29.77683722756019
 30
0.0
 41
4.133469504447633
 42
4.133469504447633
 43
4.133469504447633
  0
INSERT
  5
A22
330
A16
100
AcDbEntity
  8
0
100
AcDbBlockReference
  2
*X1
 10
-63.27362199222013
 20
-29.77683722756019
 30
0.0
 41
4.133469504447633
 42
4.133469504447633
 43
4.133469504447633
  0
INSERT
  5
A23
330
A16
100
AcDbEntity
  8
0
100
AcDbBlockReference
  2
*X0
 10
-63.27362199222013
 20
-29.77683722756019
 30
0.0
 41
4.133469504447633
 42
4.133469504447633
 43
4.133469504447633
  0
LINE
  5
A24
330
A16
100
AcDbEntity
  8
0
100
AcDbLine
 10
0.8606275207127823
 20
14.46046107660574
 30
0.0
 11
0.0291627262436123
 21
18.21036695288675
 31
0.0
  0
LINE
  5
A25
330
A16
100
AcDbEntity
  8
0
100
AcDbLine
 10
2.914567811454006
 20
15.33853257837291
 30
0.0
 11
0.8606275207127823
 21
14.46046107660574
 31
0.0
  0
LINE
  5
A26
330
A16
100
AcDbEntity
  8
0
100
AcDbLine
 10
2.03649630968664
 20
13.28459228763162
 30
0.0
 11
2.914567811454006
 21
15.33853257837291
 31
0.0
  0
LINE
  5
A27
330
A16
100
AcDbEntity
  8
0
100
AcDbLine
 10
5.78640218596783
 20
12.45312749316253
 30
0.0
 11
2.03649630968664
 21
13.28459228763162
 31
0.0
  0
LINE
  5
A28
330
A16
100
AcDbEntity
  8
0
100
AcDbLine
 10
2.03649630968664
 20
11.62166269869344
 30
0.0
 11
5.78640218596783
 21
12.45312749316253
 31
0.0
  0
LINE
  5
A29
330
A16
100
AcDbEntity
  8
0
100
AcDbLine
 10
2.914567811453978
 20
9.567722407952157
 30
0.0
 11
2.03649630968664
 21
11.62166269869344
 31
0.0
  0
LINE
  5
A2A
330
A16
100
AcDbEntity
  8
0
100
AcDbLine
 10
0.8606275207127396
 20
10.4457939097194
 30
0.0
 11
2.914567811453978
 21
9.567722407952157
 31
0.0
  0
LINE
  5
A2B
330
A16
100
AcDbEntity
  8
0
100
AcDbLine
 10
0.0291627262436123
 20
6.695888033438315
 30
0.0
 11
0.8606275207127396
 21
10.4457939097194
 31
0.0
  0
LINE
  5
A2C
330
A16
100
AcDbEntity
  8
0
100
AcDbLine
 10
-0.8023020682255861
 20
10.4457939097192
 30
0.0
 11
0.0291627262436123
 21
6.695888033438315
 31
0.0
  0
LINE
  5
A2D
330
A16
100
AcDbEntity
  8
0
100
AcDbLine
 10
-2.856242358966853
 20
9.567722407952072
 30
0.0
 11
-0.8023020682255861
 21
10.4457939097192
 31
0.0
  0
LINE
  5
A2E
330
A16
100
AcDbEntity
  8
0
100
AcDbLine
 10
-1.9781708571998
 20
11.62166269869327
 30
0.0
 11
-2.856242358966853
 21
9.567722407952072
 31
0.0
  0
LINE
  5
A2F
330
A16
100
AcDbEntity
  8
0
100
AcDbLine
 10
-5.728076733480606
 20
12.45312749316253
 30
0.0
 11
-1.9781708571998
 21
11.62166269869327
 31
0.0
  0
LINE
  5
A30
330
A16
100
AcDbEntity
  8
0
100
AcDbLine
 10
-1.978170857199416
 20
13.28459228763162
 30
0.0
 11
-5.728076733480606
 21
12.45312749316253
 31
0.0
  0
LINE
  5
A31
330
A16
100
AcDbEntity
  8
0
100
AcDbLine
 10
-2.856242358966682
 20
15.33853257837283
 30
0.0
 11
-1.978170857199416
 21
13.28459228763162
 31
0.0
  0
LINE
  5
A32
330
A16
100
AcDbEntity
  8
0
100
AcDbLine
 10
-0.8023020682256004
 20
14.46046107660587
 30
0.0
 11
-2.856242358966682
 21
15.33853257837283
 31
0.0
  0
LINE
  5
A33
330
A16
100
AcDbEntity
  8
0
100
AcDbLine
 10
0.0291627262436123
 20
18.21036695288675
 30
0.0
 11
-0.8023020682256004
 21
14.46046107660587
 31
0.0
  0
LINE
  5
A34
330
A16
100
AcDbEntity
  8
0
100
AcDbLine
 10
0.8606275207127823
 20
14.46046107660574
 30
0.0
 11
0.0291627262436265
 21
12.45312749316253
 31
0.0
  0
LINE
  5
A35
330
A16
100
AcDbEntity
  8
0
100
AcDbLine
 10
2.914567811454006
 20
15.33853257837291
 30
0.0
 11
0.0291627262436123
 21
12.45312749316253
 31
0.0
  0
LINE
  5
A36
330
A16
100
AcDbEntity
  8
0
100
AcDbLine
 10
2.03649630968664
 20
13.28459228763162
 30
0.0
 11
0.0291627262436123
 21
12.45312749316253
 31
0.0
  0
LINE
  5
A37
330
A16
100
AcDbEntity
  8
0
100
AcDbLine
 10
5.78640218596783
 20
12.45312749316253
 30
0.0
 11
0.0291627262436123
 21
12.45312749316253
 31
0.0
  0
LINE
  5
A38
330
A16
100
AcDbEntity
  8
0
100
AcDbLine
 10
2.03649630968664
 20
11.62166269869344
 30
0.0
 11
0.0291627262436123
 21
12.45312749316253
 31
0.0
  0
LINE
  5
A39
330
A16
100
AcDbEntity
  8
0
100
AcDbLine
 10
2.914567811453978
 20
9.567722407952157
 30
0.0
 11
0.0291627262436123
 21
12.45312749316253
 31
0.0
  0
LINE
  5
A3A
330
A16
100
AcDbEntity
  8
0
100
AcDbLine
 10
0.8606275207127396
 20
10.4457939097194
 30
0.0
 11
0.0291627262436123
 21
12.45312749316253
 31
0.0
  0
LINE
  5
A3B
330
A16
100
AcDbEntity
  8
0
100
AcDbLine
 10
0.0291627262436123
 20
6.695888033438315
 30
0.0
 11
0.0291627262436123
 21
12.45312749316253
 31
0.0
  0
LINE
  5
A3C
330
A16
100
AcDbEntity
  8
0
100
AcDbLine
 10
-0.8023020682255861
 20
10.4457939097192
 30
0.0
 11
0.0291627262436123
 21
12.45312749316253
 31
0.0
  0
LINE
  5
A3D
330
A16
100
AcDbEntity
  8
0
100
AcDbLine
 10
-2.856242358966853
 20
9.567722407952072
 30
0.0
 11
0.0291627262435981
 21
12.45312749316253
 31
0.0
  0
LINE
  5
A3E
330
A16
100
AcDbEntity
  8
0
100
AcDbLine
 10
-1.9781708571998
 20
11.62166269869327
 30
0.0
 11
0.0291627262436123
 21
12.45312749316253
 31
0.0
  0
LINE
  5
A3F
330
A16
100
AcDbEntity
  8
0
100
AcDbLine
 10
-5.728076733480606
 20
12.45312749316253
 30
0.0
 11
0.0291627262436123
 21
12.45312749316253
 31
0.0
  0
LINE
  5
A40
330
A16
100
AcDbEntity
  8
0
100
AcDbLine
 10
-1.978170857199416
 20
13.28459228763162
 30
0.0
 11
0.0291627262436265
 21
12.45312749316252
 31
0.0
  0
LINE
  5
A41
330
A16
100
AcDbEntity
  8
0
100
AcDbLine
 10
-2.856242358966682
 20
15.33853257837283
 30
0.0
 11
0.0291627262436123
 21
12.45312749316253
 31
0.0
  0
LINE
  5
A42
330
A16
100
AcDbEntity
  8
0
100
AcDbLine
 10
-0.8023020682256004
 20
14.46046107660587
 30
0.0
 11
0.0291627262436123
 21
12.45312749316253
 31
0.0
  0
LINE
  5
A43
330
A16
100
AcDbEntity
  8
0
100
AcDbLine
 10
0.0291627262436123
 20
18.21036695288675
 30
0.0
 11
0.0291627262436123
 21
12.45312749316253
 31
0.0
  0
ENDBLK
  5
A44
330
A16
100
AcDbEntity
  8
0
100
AcDbBlockEnd
  0
ENDSEC
  0
SECTION
  2
ENTITIES
  0
TEXT
  5
26A
330
1F
100
AcDbEntity
  8
CVL_PUNTO_NUM
 62
     2
100
AcDbText
 10
328071.8838834765
 20
1631683.71721681
 30
0.0
 40
2.5
  1
1
  7
MONOTXT4
 11
328071.8838834765
 21
1631682.883883477
 31
0.0
100
AcDbText
 73
     1
  0
POINT
  5
26B
330
1F
100
AcDbEntity
  8
CVL_PUNTO
 62
     2
100
AcDbPoint
 10
328071.0
 20
1631682.0
 30
0.0
1001
CVL_PUNTO
1000
1
1000

1005
26A
1005
0
1005
0
  0
TEXT
  5
26C
330
1F
100
AcDbEntity
  8
CVL_PUNTO_NUM
 62
     2
100
AcDbText
 10
328068.8838834765
 20
1631703.71721681
 30
0.0
 40
2.5
  1
2
  7
MONOTXT4
 11
328068.8838834765
 21
1631702.883883477
 31
0.0
100
AcDbText
 73
     1
  0
POINT
  5
26D
330
1F
100
AcDbEntity
  8
CVL_PUNTO
 62
     2
100
AcDbPoint
 10
328068.0
 20
1631702.0
 30
0.0
1001
CVL_PUNTO
1000
2
1000

1005
26C
1005
0
1005
0
  0
TEXT
  5
26E
330
1F
100
AcDbEntity
  8
CVL_PUNTO_NUM
 62
     2
100
AcDbText
 10
328063.8838834765
 20
1631722.71721681
 30
0.0
 40
2.5
  1
3
  7
MONOTXT4
 11
328063.8838834765
 21
1631721.883883477
 31
0.0
100
AcDbText
 73
     1
  0
POINT
  5
26F
330
1F
100
AcDbEntity
  8
CVL_PUNTO
 62
     2
100
AcDbPoint
 10
328063.0
 20
1631721.0
 30
0.0
1001
CVL_PUNTO
1000
3
1000

1005
26E
1005
0
1005
0
  0
TEXT
  5
270
330
1F
100
AcDbEntity
  8
CVL_PUNTO_NUM
 62
     2
100
AcDbText
 10
328063.8838834765
 20
1631725.71721681
 30
0.0
 40
2.5
  1
4
  7
MONOTXT4
 11
328063.8838834765
 21
1631724.883883477
 31
0.0
100
AcDbText
 73
     1
  0
POINT
  5
271
330
1F
100
AcDbEntity
  8
CVL_PUNTO
 62
     2
100
AcDbPoint
 10
328063.0
 20
1631724.0
 30
0.0
1001
CVL_PUNTO
1000
4
1000

1005
270
1005
0
1005
0
  0
TEXT
  5
272
330
1F
100
AcDbEntity
  8
CVL_PUNTO_NUM
 62
     2
100
AcDbText
 10
328066.8838834765
 20
1631745.71721681
 30
0.0
 40
2.5
  1
5
  7
MONOTXT4
 11
328066.8838834765
 21
1631744.883883477
 31
0.0
100
AcDbText
 73
     1
  0
POINT
  5
273
330
1F
100
AcDbEntity
  8
CVL_PUNTO
 62
     2
100
AcDbPoint
 10
328066.0
 20
1631744.0
 30
0.0
1001
CVL_PUNTO
1000
5
1000

1005
272
1005
0
1005
0
  0
TEXT
  5
274
330
1F
100
AcDbEntity
  8
CVL_PUNTO_NUM
 62
     2
100
AcDbText
 10
328073.8838834765
 20
1631765.71721681
 30
0.0
 40
2.5
  1
6
  7
MONOTXT4
 11
328073.8838834765
 21
1631764.883883477
 31
0.0
100
AcDbText
 73
     1
  0
POINT
  5
275
330
1F
100
AcDbEntity
  8
CVL_PUNTO
 62
     2
100
AcDbPoint
 10
328073.0
 20
1631764.0
 30
0.0
1001
CVL_PUNTO
1000
6
1000

1005
274
1005
0
1005
0
  0
TEXT
  5
276
330
1F
100
AcDbEntity
  8
CVL_PUNTO_NUM
 62
     2
100
AcDbText
 10
328079.8838834765
 20
1631784.71721681
 30
0.0
 40
2.5
  1
7
  7
MONOTXT4
 11
328079.8838834765
 21
1631783.883883477
 31
0.0
100
AcDbText
 73
     1
  0
POINT
  5
277
330
1F
100
AcDbEntity
  8
CVL_PUNTO
 62
     2
100
AcDbPoint
 10
328079.0
 20
1631783.0
 30
0.0
1001
CVL_PUNTO
1000
7
1000

1005
276
1005
0
1005
0
  0
TEXT
  5
278
330
1F
100
AcDbEntity
  8
CVL_PUNTO_NUM
 62
     2
100
AcDbText
 10
328087.8838834765
 20
1631802.71721681
 30
0.0
 40
2.5
  1
8
  7
MONOTXT4
 11
328087.8838834765
 21
1631801.883883477
 31
0.0
100
AcDbText
 73
     1
  0
POINT
  5
279
330
1F
100
AcDbEntity
  8
CVL_PUNTO
 62
     2
100
AcDbPoint
 10
328087.0
 20
1631801.0
 30
0.0
1001
CVL_PUNTO
1000
8
1000

1005
278
1005
0
1005
0
  0
TEXT
  5
27A
330
1F
100
AcDbEntity
  8
CVL_PUNTO_NUM
 62
     2
100
AcDbText
 10
328094.8838834765
 20
1631821.71721681
 30
0.0
 40
2.5
  1
9
  7
MONOTXT4
 11
328094.8838834765
 21
1631820.883883477
 31
0.0
100
AcDbText
 73
     1
  0
POINT
  5
27B
330
1F
100
AcDbEntity
  8
CVL_PUNTO
 62
     2
100
AcDbPoint
 10
328094.0
 20
1631820.0
 30
0.0
1001
CVL_PUNTO
1000
9
1000

1005
27A
1005
0
1005
0
  0
TEXT
  5
27C
330
1F
100
AcDbEntity
  8
CVL_PUNTO_NUM
 62
     2
100
AcDbText
 10
328104.8838834765
 20
1631839.71721681
 30
0.0
 40
2.5
  1
10
  7
MONOTXT4
 11
328104.8838834765
 21
1631838.883883477
 31
0.0
100
AcDbText
 73
     1
  0
POINT
  5
27D
330
1F
100
AcDbEntity
  8
CVL_PUNTO
 62
     2
100
AcDbPoint
 10
328104.0
 20
1631838.0
 30
0.0
1001
CVL_PUNTO
1000
10
1000

1005
27C
1005
0
1005
0
  0
TEXT
  5
27E
330
1F
100
AcDbEntity
  8
CVL_PUNTO_NUM
 62
     2
100
AcDbText
 10
328089.8838834765
 20
1631855.71721681
 30
0.0
 40
2.5
  1
11
  7
MONOTXT4
 11
328089.8838834765
 21
1631854.883883477
 31
0.0
100
AcDbText
 73
     1
  0
POINT
  5
27F
330
1F
100
AcDbEntity
  8
CVL_PUNTO
 62
     2
100
AcDbPoint
 10
328089.0
 20
1631854.0
 30
0.0
1001
CVL_PUNTO
1000
11
1000

1005
27E
1005
0
1005
0
  0
TEXT
  5
280
330
1F
100
AcDbEntity
  8
CVL_PUNTO_NUM
 62
     2
100
AcDbText
 10
328086.8838834765
 20
1631867.71721681
 30
0.0
 40
2.5
  1
12
  7
MONOTXT4
 11
328086.8838834765
 21
1631866.883883477
 31
0.0
100
AcDbText
 73
     1
  0
POINT
  5
281
330
1F
100
AcDbEntity
  8
CVL_PUNTO
 62
     2
100
AcDbPoint
 10
328086.0
 20
1631866.0
 30
0.0
1001
CVL_PUNTO
1000
12
1000

1005
280
1005
0
1005
0
  0
TEXT
  5
282
330
1F
100
AcDbEntity
  8
CVL_PUNTO_NUM
 62
     2
100
AcDbText
 10
328076.8838834765
 20
1631871.71721681
 30
0.0
 40
2.5
  1
13
  7
MONOTXT4
 11
328076.8838834765
 21
1631870.883883477
 31
0.0
100
AcDbText
 73
     1
  0
POINT
  5
283
330
1F
100
AcDbEntity
  8
CVL_PUNTO
 62
     2
100
AcDbPoint
 10
328076.0
 20
1631870.0
 30
0.0
1001
CVL_PUNTO
1000
13
1000

1005
282
1005
0
1005
0
  0
TEXT
  5
284
330
1F
100
AcDbEntity
  8
CVL_PUNTO_NUM
 62
     2
100
AcDbText
 10
328064.8838834765
 20
1631870.71721681
 30
0.0
 40
2.5
  1
14
  7
MONOTXT4
 11
328064.8838834765
 21
1631869.883883477
 31
0.0
100
AcDbText
 73
     1
  0
POINT
  5
285
330
1F
100
AcDbEntity
  8
CVL_PUNTO
 62
     2
100
AcDbPoint
 10
328064.0
 20
1631869.0
 30
0.0
1001
CVL_PUNTO
1000
14
1000

1005
284
1005
0
1005
0
  0
TEXT
  5
286
330
1F
100
AcDbEntity
  8
CVL_PUNTO_NUM
 62
     2
100
AcDbText
 10
328056.8838834765
 20
1631874.71721681
 30
0.0
 40
2.5
  1
15
  7
MONOTXT4
 11
328056.8838834765
 21
1631873.883883477
 31
0.0
100
AcDbText
 73
     1
  0
POINT
  5
287
330
1F
100
AcDbEntity
  8
CVL_PUNTO
 62
     2
100
AcDbPoint
 10
328056.0
 20
1631873.0
 30
0.0
1001
CVL_PUNTO
1000
15
1000

1005
286
1005
0
1005
0
  0
TEXT
  5
288
330
1F
100
AcDbEntity
  8
CVL_PUNTO_NUM
 62
     2
100
AcDbText
 10
328053.8838834765
 20
1631882.71721681
 30
0.0
 40
2.5
  1
16
  7
MONOTXT4
 11
328053.8838834765
 21
1631881.883883477
 31
0.0
100
AcDbText
 73
     1
  0
POINT
  5
289
330
1F
100
AcDbEntity
  8
CVL_PUNTO
 62
     2
100
AcDbPoint
 10
328053.0
 20
1631881.0
 30
0.0
1001
CVL_PUNTO
1000
16
1000

1005
288
1005
0
1005
0
  0
TEXT
  5
28A
330
1F
100
AcDbEntity
  8
CVL_PUNTO_NUM
 62
     2
100
AcDbText
 10
328052.8838834765
 20
1631892.71721681
 30
0.0
 40
2.5
  1
17
  7
MONOTXT4
 11
328052.8838834765
 21
1631891.883883477
 31
0.0
100
AcDbText
 73
     1
  0
POINT
  5
28B
330
1F
100
AcDbEntity
  8
CVL_PUNTO
 62
     2
100
AcDbPoint
 10
328052.0
 20
1631891.0
 30
0.0
1001
CVL_PUNTO
1000
17
1000

1005
28A
1005
0
1005
0
  0
TEXT
  5
28C
330
1F
100
AcDbEntity
  8
CVL_PUNTO_NUM
 62
     2
100
AcDbText
 10
328041.8838834765
 20
1631896.71721681
 30
0.0
 40
2.5
  1
18
  7
MONOTXT4
 11
328041.8838834765
 21
1631895.883883477
 31
0.0
100
AcDbText
 73
     1
  0
POINT
  5
28D
330
1F
100
AcDbEntity
  8
CVL_PUNTO
 62
     2
100
AcDbPoint
 10
328041.0
 20
1631895.0
 30
0.0
1001
CVL_PUNTO
1000
18
1000

1005
28C
1005
0
1005
0
  0
TEXT
  5
28E
330
1F
100
AcDbEntity
  8
CVL_PUNTO_NUM
 62
     2
100
AcDbText
 10
328030.8838834765
 20
1631900.71721681
 30
0.0
 40
2.5
  1
19
  7
MONOTXT4
 11
328030.8838834765
 21
1631899.883883477
 31
0.0
100
AcDbText
 73
     1
  0
POINT
  5
28F
330
1F
100
AcDbEntity
  8
CVL_PUNTO
 62
     2
100
AcDbPoint
 10
328030.0
 20
1631899.0
 30
0.0
1001
CVL_PUNTO
1000
19
1000

1005
28E
1005
0
1005
0
  0
TEXT
  5
290
330
1F
100
AcDbEntity
  8
CVL_PUNTO_NUM
 62
     2
100
AcDbText
 10
328028.8838834765
 20
1631903.71721681
 30
0.0
 40
2.5
  1
20
  7
MONOTXT4
 11
328028.8838834765
 21
1631902.883883477
 31
0.0
100
AcDbText
 73
     1
  0
POINT
  5
291
330
1F
100
AcDbEntity
  8
CVL_PUNTO
 62
     2
100
AcDbPoint
 10
328028.0
 20
1631902.0
 30
0.0
1001
CVL_PUNTO
1000
20
1000

1005
290
1005
0
1005
0
  0
TEXT
  5
292
330
1F
100
AcDbEntity
  8
CVL_PUNTO_NUM
 62
     2
100
AcDbText
 10
328000.8838834765
 20
1631893.71721681
 30
0.0
 40
2.5
  1
21
  7
MONOTXT4
 11
328000.8838834765
 21
1631892.883883477
 31
0.0
100
AcDbText
 73
     1
  0
POINT
  5
293
330
1F
100
AcDbEntity
  8
CVL_PUNTO
 62
     2
100
AcDbPoint
 10
328000.0
 20
1631892.0
 30
0.0
1001
CVL_PUNTO
1000
21
1000

1005
292
1005
0
1005
0
  0
TEXT
  5
294
330
1F
100
AcDbEntity
  8
CVL_PUNTO_NUM
 62
     2
100
AcDbText
 10
327980.8838834765
 20
1631886.71721681
 30
0.0
 40
2.5
  1
22
  7
MONOTXT4
 11
327980.8838834765
 21
1631885.883883477
 31
0.0
100
AcDbText
 73
     1
  0
POINT
  5
295
330
1F
100
AcDbEntity
  8
CVL_PUNTO
 62
     2
100
AcDbPoint
 10
327980.0
 20
1631885.0
 30
0.0
1001
CVL_PUNTO
1000
22
1000

1005
294
1005
0
1005
0
  0
TEXT
  5
296
330
1F
100
AcDbEntity
  8
CVL_PUNTO_NUM
 62
     2
100
AcDbText
 10
327967.8838834765
 20
1631878.71721681
 30
0.0
 40
2.5
  1
23
  7
MONOTXT4
 11
327967.8838834765
 21
1631877.883883477
 31
0.0
100
AcDbText
 73
     1
  0
POINT
  5
297
330
1F
100
AcDbEntity
  8
CVL_PUNTO
 62
     2
100
AcDbPoint
 10
327967.0
 20
1631877.0
 30
0.0
1001
CVL_PUNTO
1000
23
1000

1005
296
1005
0
1005
0
  0
TEXT
  5
298
330
1F
100
AcDbEntity
  8
CVL_PUNTO_NUM
 62
     2
100
AcDbText
 10
327952.8838834765
 20
1631869.71721681
 30
0.0
 40
2.5
  1
24
  7
MONOTXT4
 11
327952.8838834765
 21
1631868.883883477
 31
0.0
100
AcDbText
 73
     1
  0
POINT
  5
299
330
1F
100
AcDbEntity
  8
CVL_PUNTO
 62
     2
100
AcDbPoint
 10
327952.0
 20
1631868.0
 30
0.0
1001
CVL_PUNTO
1000
24
1000

1005
298
1005
0
1005
0
  0
TEXT
  5
29A
330
1F
100
AcDbEntity
  8
CVL_PUNTO_NUM
 62
     2
100
AcDbText
 10
327937.8838834765
 20
1631863.71721681
 30
0.0
 40
2.5
  1
25
  7
MONOTXT4
 11
327937.8838834765
 21
1631862.883883477
 31
0.0
100
AcDbText
 73
     1
  0
POINT
  5
29B
330
1F
100
AcDbEntity
  8
CVL_PUNTO
 62
     2
100
AcDbPoint
 10
327937.0
 20
1631862.0
 30
0.0
1001
CVL_PUNTO
1000
25
1000

1005
29A
1005
0
1005
0
  0
TEXT
  5
29C
330
1F
100
AcDbEntity
  8
CVL_PUNTO_NUM
 62
     2
100
AcDbText
 10
327921.8838834765
 20
1631853.71721681
 30
0.0
 40
2.5
  1
26
  7
MONOTXT4
 11
327921.8838834765
 21
1631852.883883477
 31
0.0
100
AcDbText
 73
     1
  0
POINT
  5
29D
330
1F
100
AcDbEntity
  8
CVL_PUNTO
 62
     2
100
AcDbPoint
 10
327921.0
 20
1631852.0
 30
0.0
1001
CVL_PUNTO
1000
26
1000

1005
29C
1005
0
1005
0
  0
TEXT
  5
29E
330
1F
100
AcDbEntity
  8
CVL_PUNTO_NUM
 62
     2
100
AcDbText
 10
327900.8838834765
 20
1631849.71721681
 30
0.0
 40
2.5
  1
27
  7
MONOTXT4
 11
327900.8838834765
 21
1631848.883883477
 31
0.0
100
AcDbText
 73
     1
  0
POINT
  5
29F
330
1F
100
AcDbEntity
  8
CVL_PUNTO
 62
     2
100
AcDbPoint
 10
327900.0
 20
1631848.0
 30
0.0
1001
CVL_PUNTO
1000
27
1000

1005
29E
1005
0
1005
0
  0
TEXT
  5
2A0
330
1F
100
AcDbEntity
  8
CVL_PUNTO_NUM
 62
     2
100
AcDbText
 10
327897.8838834765
 20
1631848.71721681
 30
0.0
 40
2.5
  1
28
  7
MONOTXT4
 11
327897.8838834765
 21
1631847.883883477
 31
0.0
100
AcDbText
 73
     1
  0
POINT
  5
2A1
330
1F
100
AcDbEntity
  8
CVL_PUNTO
 62
     2
100
AcDbPoint
 10
327897.0
 20
1631847.0
 30
0.0
1001
CVL_PUNTO
1000
28
1000

1005
2A0
1005
0
1005
0
  0
TEXT
  5
2A2
330
1F
100
AcDbEntity
  8
CVL_PUNTO_NUM
 62
     2
100
AcDbText
 10
327884.8838834765
 20
1631858.71721681
 30
0.0
 40
2.5
  1
29
  7
MONOTXT4
 11
327884.8838834765
 21
1631857.883883477
 31
0.0
100
AcDbText
 73
     1
  0
POINT
  5
2A3
330
1F
100
AcDbEntity
  8
CVL_PUNTO
 62
     2
100
AcDbPoint
 10
327884.0
 20
1631857.0
 30
0.0
1001
CVL_PUNTO
1000
29
1000

1005
2A2
1005
0
1005
0
  0
TEXT
  5
2A4
330
1F
100
AcDbEntity
  8
CVL_PUNTO_NUM
 62
     2
100
AcDbText
 10
327867.8838834765
 20
1631867.71721681
 30
0.0
 40
2.5
  1
30
  7
MONOTXT4
 11
327867.8838834765
 21
1631866.883883477
 31
0.0
100
AcDbText
 73
     1
  0
POINT
  5
2A5
330
1F
100
AcDbEntity
  8
CVL_PUNTO
 62
     2
100
AcDbPoint
 10
327867.0
 20
1631866.0
 30
0.0
1001
CVL_PUNTO
1000
30
1000

1005
2A4
1005
0
1005
0
  0
TEXT
  5
2A6
330
1F
100
AcDbEntity
  8
CVL_PUNTO_NUM
 62
     2
100
AcDbText
 10
327857.8838834765
 20
1631874.71721681
 30
0.0
 40
2.5
  1
31
  7
MONOTXT4
 11
327857.8838834765
 21
1631873.883883477
 31
0.0
100
AcDbText
 73
     1
  0
POINT
  5
2A7
330
1F
100
AcDbEntity
  8
CVL_PUNTO
 62
     2
100
AcDbPoint
 10
327857.0
 20
1631873.0
 30
0.0
1001
CVL_PUNTO
1000
31
1000

1005
2A6
1005
0
1005
0
  0
TEXT
  5
2A8
330
1F
100
AcDbEntity
  8
CVL_PUNTO_NUM
 62
     2
100
AcDbText
 10
327847.8838834765
 20
1631888.71721681
 30
0.0
 40
2.5
  1
32
  7
MONOTXT4
 11
327847.8838834765
 21
1631887.883883477
 31
0.0
100
AcDbText
 73
     1
  0
POINT
  5
2A9
330
1F
100
AcDbEntity
  8
CVL_PUNTO
 62
     2
100
AcDbPoint
 10
327847.0
 20
1631887.0
 30
0.0
1001
CVL_PUNTO
1000
32
1000

1005
2A8
1005
0
1005
0
  0
TEXT
  5
2AA
330
1F
100
AcDbEntity
  8
CVL_PUNTO_NUM
 62
     2
100
AcDbText
 10
327845.8838834765
 20
1631892.71721681
 30
0.0
 40
2.5
  1
33
  7
MONOTXT4
 11
327845.8838834765
 21
1631891.883883477
 31
0.0
100
AcDbText
 73
     1
  0
POINT
  5
2AB
330
1F
100
AcDbEntity
  8
CVL_PUNTO
 62
     2
100
AcDbPoint
 10
327845.0
 20
1631891.0
 30
0.0
1001
CVL_PUNTO
1000
33
1000

1005
2AA
1005
0
1005
0
  0
TEXT
  5
2AC
330
1F
100
AcDbEntity
  8
CVL_PUNTO_NUM
 62
     2
100
AcDbText
 10
327832.8838834765
 20
1631892.71721681
 30
0.0
 40
2.5
  1
34
  7
MONOTXT4
 11
327832.8838834765
 21
1631891.883883477
 31
0.0
100
AcDbText
 73
     1
  0
POINT
  5
2AD
330
1F
100
AcDbEntity
  8
CVL_PUNTO
 62
     2
100
AcDbPoint
 10
327832.0
 20
1631891.0
 30
0.0
1001
CVL_PUNTO
1000
34
1000

1005
2AC
1005
0
1005
0
  0
TEXT
  5
2AE
330
1F
100
AcDbEntity
  8
CVL_PUNTO_NUM
 62
     2
100
AcDbText
 10
327816.8838834765
 20
1631887.71721681
 30
0.0
 40
2.5
  1
35
  7
MONOTXT4
 11
327816.8838834765
 21
1631886.883883477
 31
0.0
100
AcDbText
 73
     1
  0
POINT
  5
2AF
330
1F
100
AcDbEntity
  8
CVL_PUNTO
 62
     2
100
AcDbPoint
 10
327816.0
 20
1631886.0
 30
0.0
1001
CVL_PUNTO
1000
35
1000

1005
2AE
1005
0
1005
0
  0
TEXT
  5
2B0
330
1F
100
AcDbEntity
  8
CVL_PUNTO_NUM
 62
     2
100
AcDbText
 10
327825.8838834765
 20
1631874.71721681
 30
0.0
 40
2.5
  1
36
  7
MONOTXT4
 11
327825.8838834765
 21
1631873.883883477
 31
0.0
100
AcDbText
 73
     1
  0
POINT
  5
2B1
330
1F
100
AcDbEntity
  8
CVL_PUNTO
 62
     2
100
AcDbPoint
 10
327825.0
 20
1631873.0
 30
0.0
1001
CVL_PUNTO
1000
36
1000

1005
2B0
1005
0
1005
0
  0
TEXT
  5
2B2
330
1F
100
AcDbEntity
  8
CVL_PUNTO_NUM
 62
     2
100
AcDbText
 10
327822.6782651755
 20
1631843.418263443
 30
0.0
 40
2.5
  1
37
  7
MONOTXT4
 11
327822.6782651755
 21
1631842.58493011
 31
0.0
100
AcDbText
 73
     1
  0
POINT
  5
2B3
330
1F
100
AcDbEntity
  8
CVL_PUNTO
 62
     2
100
AcDbPoint
 10
327829.0
 20
1631844.0
 30
0.0
1001
CVL_PUNTO
1000
37
1000

1005
2B2
1005
0
1005
0
  0
TEXT
  5
2B4
330
1F
100
AcDbEntity
  8
CVL_PUNTO_NUM
 62
     2
100
AcDbText
 10
327827.6782651755
 20
1631833.418263443
 30
0.0
 40
2.5
  1
38
  7
MONOTXT4
 11
327827.6782651755
 21
1631832.58493011
 31
0.0
100
AcDbText
 73
     1
  0
POINT
  5
2B5
330
1F
100
AcDbEntity
  8
CVL_PUNTO
 62
     2
100
AcDbPoint
 10
327834.0
 20
1631834.0
 30
0.0
1001
CVL_PUNTO
1000
38
1000

1005
2B4
1005
0
1005
0
  0
TEXT
  5
2B6
330
1F
100
AcDbEntity
  8
CVL_PUNTO_NUM
 62
     2
100
AcDbText
 10
327815.8838834765
 20
1631827.71721681
 30
0.0
 40
2.5
  1
39
  7
MONOTXT4
 11
327815.8838834765
 21
1631826.883883477
 31
0.0
100
AcDbText
 73
     1
  0
POINT
  5
2B7
330
1F
100
AcDbEntity
  8
CVL_PUNTO
 62
     2
100
AcDbPoint
 10
327815.0
 20
1631826.0
 30
0.0
1001
CVL_PUNTO
1000
39
1000

1005
2B6
1005
0
1005
0
  0
TEXT
  5
2B8
330
1F
100
AcDbEntity
  8
CVL_PUNTO_NUM
 62
     2
100
AcDbText
 10
327798.8838834765
 20
1631815.71721681
 30
0.0
 40
2.5
  1
40
  7
MONOTXT4
 11
327798.8838834765
 21
1631814.883883477
 31
0.0
100
AcDbText
 73
     1
  0
POINT
  5
2B9
330
1F
100
AcDbEntity
  8
CVL_PUNTO
 62
     2
100
AcDbPoint
 10
327798.0
 20
1631814.0
 30
0.0
1001
CVL_PUNTO
1000
40
1000

1005
2B8
1005
0
1005
0
  0
TEXT
  5
2BA
330
1F
100
AcDbEntity
  8
CVL_PUNTO_NUM
 62
     2
100
AcDbText
 10
327781.8838834765
 20
1631804.71721681
 30
0.0
 40
2.5
  1
41
  7
MONOTXT4
 11
327781.8838834765
 21
1631803.883883477
 31
0.0
100
AcDbText
 73
     1
  0
POINT
  5
2BB
330
1F
100
AcDbEntity
  8
CVL_PUNTO
 62
     2
100
AcDbPoint
 10
327781.0
 20
1631803.0
 30
0.0
1001
CVL_PUNTO
1000
41
1000

1005
2BA
1005
0
1005
0
  0
TEXT
  5
2BC
330
1F
100
AcDbEntity
  8
CVL_PUNTO_NUM
 62
     2
100
AcDbText
 10
327767.4711616798
 20
1631787.166217012
 30
0.0
 40
2.5
  1
42
  7
MONOTXT4
 11
327767.4711616798
 21
1631786.332883679
 31
0.0
100
AcDbText
 73
     1
  0
POINT
  5
2BD
330
1F
100
AcDbEntity
  8
CVL_PUNTO
 62
     2
100
AcDbPoint
 10
327770.0
 20
1631791.0
 30
0.0
1001
CVL_PUNTO
1000
42
1000

1005
2BC
1005
0
1005
0
  0
TEXT
  5
2BE
330
1F
100
AcDbEntity
  8
CVL_PUNTO_NUM
 62
     2
100
AcDbText
 10
327786.4711616798
 20
1631783.166217012
 30
0.0
 40
2.5
  1
43
  7
MONOTXT4
 11
327786.4711616798
 21
1631782.332883679
 31
0.0
100
AcDbText
 73
     1
  0
POINT
  5
2BF
330
1F
100
AcDbEntity
  8
CVL_PUNTO
 62
     2
100
AcDbPoint
 10
327789.0
 20
1631787.0
 30
0.0
1001
CVL_PUNTO
1000
43
1000

1005
2BE
1005
0
1005
0
  0
TEXT
  5
2C0
330
1F
100
AcDbEntity
  8
CVL_PUNTO_NUM
 62
     2
100
AcDbText
 10
327807.0320155582
 20
1631779.527930616
 30
0.0
 40
2.5
  1
44
  7
MONOTXT4
 11
327807.0320155582
 21
1631778.694597283
 31
0.0
100
AcDbText
 73
     1
  0
POINT
  5
2C1
330
1F
100
AcDbEntity
  8
CVL_PUNTO
 62
     2
100
AcDbPoint
 10
327810.0
 20
1631783.0
 30
0.0
1001
CVL_PUNTO
1000
44
1000

1005
2C0
1005
0
1005
0
  0
TEXT
  5
2C2
330
1F
100
AcDbEntity
  8
CVL_PUNTO_NUM
 62
     2
100
AcDbText
 10
327824.0320155582
 20
1631771.527930616
 30
0.0
 40
2.5
  1
45
  7
MONOTXT4
 11
327824.0320155582
 21
1631770.694597283
 31
0.0
100
AcDbText
 73
     1
  0
POINT
  5
2C3
330
1F
100
AcDbEntity
  8
CVL_PUNTO
 62
     2
100
AcDbPoint
 10
327827.0
 20
1631775.0
 30
0.0
1001
CVL_PUNTO
1000
45
1000

1005
2C2
1005
0
1005
0
  0
TEXT
  5
2C4
330
1F
100
AcDbEntity
  8
CVL_PUNTO_NUM
 62
     2
100
AcDbText
 10
327844.0320155582
 20
1631762.527930616
 30
0.0
 40
2.5
  1
46
  7
MONOTXT4
 11
327844.0320155582
 21
1631761.694597283
 31
0.0
100
AcDbText
 73
     1
  0
POINT
  5
2C5
330
1F
100
AcDbEntity
  8
CVL_PUNTO
 62
     2
100
AcDbPoint
 10
327847.0
 20
1631766.0
 30
0.0
1001
CVL_PUNTO
1000
46
1000

1005
2C4
1005
0
1005
0
  0
TEXT
  5
2C6
330
1F
100
AcDbEntity
  8
CVL_PUNTO_NUM
 62
     2
100
AcDbText
 10
327861.0320155582
 20
1631753.527930616
 30
0.0
 40
2.5
  1
47
  7
MONOTXT4
 11
327861.0320155582
 21
1631752.694597283
 31
0.0
100
AcDbText
 73
     1
  0
POINT
  5
2C7
330
1F
100
AcDbEntity
  8
CVL_PUNTO
 62
     2
100
AcDbPoint
 10
327864.0
 20
1631757.0
 30
0.0
1001
CVL_PUNTO
1000
47
1000

1005
2C6
1005
0
1005
0
  0
TEXT
  5
2C8
330
1F
100
AcDbEntity
  8
CVL_PUNTO_NUM
 62
     2
100
AcDbText
 10
327882.8838834765
 20
1631748.71721681
 30
0.0
 40
2.5
  1
48
  7
MONOTXT4
 11
327882.8838834765
 21
1631747.883883477
 31
0.0
100
AcDbText
 73
     1
  0
POINT
  5
2C9
330
1F
100
AcDbEntity
  8
CVL_PUNTO
 62
     2
100
AcDbPoint
 10
327882.0
 20
1631747.0
 30
0.0
1001
CVL_PUNTO
1000
48
1000

1005
2C8
1005
0
1005
0
  0
TEXT
  5
2CA
330
1F
100
AcDbEntity
  8
CVL_PUNTO_NUM
 62
     2
100
AcDbText
 10
327891.8838834765
 20
1631743.71721681
 30
0.0
 40
2.5
  1
49
  7
MONOTXT4
 11
327891.8838834765
 21
1631742.883883477
 31
0.0
100
AcDbText
 73
     1
  0
POINT
  5
2CB
330
1F
100
AcDbEntity
  8
CVL_PUNTO
 62
     2
100
AcDbPoint
 10
327891.0
 20
1631742.0
 30
0.0
1001
CVL_PUNTO
1000
49
1000

1005
2CA
1005
0
1005
0
  0
TEXT
  5
2CC
330
1F
100
AcDbEntity
  8
CVL_PUNTO_NUM
 62
     2
100
AcDbText
 10
327910.8838834765
 20
1631736.71721681
 30
0.0
 40
2.5
  1
50
  7
MONOTXT4
 11
327910.8838834765
 21
1631735.883883477
 31
0.0
100
AcDbText
 73
     1
  0
POINT
  5
2CD
330
1F
100
AcDbEntity
  8
CVL_PUNTO
 62
     2
100
AcDbPoint
 10
327910.0
 20
1631735.0
 30
0.0
1001
CVL_PUNTO
1000
50
1000

1005
2CC
1005
0
1005
0
  0
TEXT
  5
2CE
330
1F
100
AcDbEntity
  8
CVL_PUNTO_NUM
 62
     2
100
AcDbText
 10
327929.8838834765
 20
1631731.71721681
 30
0.0
 40
2.5
  1
51
  7
MONOTXT4
 11
327929.8838834765
 21
1631730.883883477
 31
0.0
100
AcDbText
 73
     1
  0
POINT
  5
2CF
330
1F
100
AcDbEntity
  8
CVL_PUNTO
 62
     2
100
AcDbPoint
 10
327929.0
 20
1631730.0
 30
0.0
1001
CVL_PUNTO
1000
51
1000

1005
2CE
1005
0
1005
0
  0
TEXT
  5
2D0
330
1F
100
AcDbEntity
  8
CVL_PUNTO_NUM
 62
     2
100
AcDbText
 10
327947.8838834765
 20
1631724.71721681
 30
0.0
 40
2.5
  1
52
  7
MONOTXT4
 11
327947.8838834765
 21
1631723.883883477
 31
0.0
100
AcDbText
 73
     1
  0
POINT
  5
2D1
330
1F
100
AcDbEntity
  8
CVL_PUNTO
 62
     2
100
AcDbPoint
 10
327947.0
 20
1631723.0
 30
0.0
1001
CVL_PUNTO
1000
52
1000

1005
2D0
1005
0
1005
0
  0
TEXT
  5
2D2
330
1F
100
AcDbEntity
  8
CVL_PUNTO_NUM
 62
     2
100
AcDbText
 10
327965.8838834765
 20
1631717.71721681
 30
0.0
 40
2.5
  1
53
  7
MONOTXT4
 11
327965.8838834765
 21
1631716.883883477
 31
0.0
100
AcDbText
 73
     1
  0
POINT
  5
2D3
330
1F
100
AcDbEntity
  8
CVL_PUNTO
 62
     2
100
AcDbPoint
 10
327965.0
 20
1631716.0
 30
0.0
1001
CVL_PUNTO
1000
53
1000

1005
2D2
1005
0
1005
0
  0
TEXT
  5
2D4
330
1F
100
AcDbEntity
  8
CVL_PUNTO_NUM
 62
     2
100
AcDbText
 10
327985.8838834765
 20
1631711.71721681
 30
0.0
 40
2.5
  1
54
  7
MONOTXT4
 11
327985.8838834765
 21
1631710.883883477
 31
0.0
100
AcDbText
 73
     1
  0
POINT
  5
2D5
330
1F
100
AcDbEntity
  8
CVL_PUNTO
 62
     2
100
AcDbPoint
 10
327985.0
 20
1631710.0
 30
0.0
1001
CVL_PUNTO
1000
54
1000

1005
2D4
1005
0
1005
0
  0
TEXT
  5
2D6
330
1F
100
AcDbEntity
  8
CVL_PUNTO_NUM
 62
     2
100
AcDbText
 10
328004.8838834765
 20
1631706.71721681
 30
0.0
 40
2.5
  1
55
  7
MONOTXT4
 11
328004.8838834765
 21
1631705.883883477
 31
0.0
100
AcDbText
 73
     1
  0
POINT
  5
2D7
330
1F
100
AcDbEntity
  8
CVL_PUNTO
 62
     2
100
AcDbPoint
 10
328004.0
 20
1631705.0
 30
0.0
1001
CVL_PUNTO
1000
55
1000

1005
2D6
1005
0
1005
0
  0
TEXT
  5
2D8
330
1F
100
AcDbEntity
  8
CVL_PUNTO_NUM
 62
     2
100
AcDbText
 10
328023.8838834765
 20
1631699.71721681
 30
0.0
 40
2.5
  1
56
  7
MONOTXT4
 11
328023.8838834765
 21
1631698.883883477
 31
0.0
100
AcDbText
 73
     1
  0
POINT
  5
2D9
330
1F
100
AcDbEntity
  8
CVL_PUNTO
 62
     2
100
AcDbPoint
 10
328023.0
 20
1631698.0
 30
0.0
1001
CVL_PUNTO
1000
56
1000

1005
2D8
1005
0
1005
0
  0
TEXT
  5
2DA
330
1F
100
AcDbEntity
  8
CVL_PUNTO_NUM
 62
     2
100
AcDbText
 10
328043.8838834765
 20
1631694.71721681
 30
0.0
 40
2.5
  1
57
  7
MONOTXT4
 11
328043.8838834765
 21
1631693.883883477
 31
0.0
100
AcDbText
 73
     1
  0
POINT
  5
2DB
330
1F
100
AcDbEntity
  8
CVL_PUNTO
 62
     2
100
AcDbPoint
 10
328043.0
 20
1631693.0
 30
0.0
1001
CVL_PUNTO
1000
57
1000

1005
2DA
1005
0
1005
0
  0
TEXT
  5
2DC
330
1F
100
AcDbEntity
  8
CVL_PUNTO_NUM
 62
     2
100
AcDbText
 10
328062.8838834765
 20
1631687.71721681
 30
0.0
 40
2.5
  1
58
  7
MONOTXT4
 11
328062.8838834765
 21
1631686.883883477
 31
0.0
100
AcDbText
 73
     1
  0
POINT
  5
2DD
330
1F
100
AcDbEntity
  8
CVL_PUNTO
 62
     2
100
AcDbPoint
 10
328062.0
 20
1631686.0
 30
0.0
1001
CVL_PUNTO
1000
58
1000

1005
2DC
1005
0
1005
0
  0
TEXT
  5
2DE
330
1F
100
AcDbEntity
  8
CVL_PUNTO_NUM
 62
     3
100
AcDbText
 10
328026.8838834765
 20
1631714.71721681
 30
0.0
 40
2.5
  1
POSTE
  7
MONOTXT4
 11
328026.8838834765
 21
1631713.883883477
 31
0.0
100
AcDbText
 73
     1
  0
POINT
  5
2DF
330
1F
100
AcDbEntity
  8
CVL_PUNTO
 62
     2
100
AcDbPoint
 10
328026.0
 20
1631713.0
 30
0.0
1001
CVL_PUNTO
1000
59
1000

1005
2DE
1005
0
1005
0
  0
TEXT
  5
2E0
330
1F
100
AcDbEntity
  8
CVL_PUNTO_NUM
 62
     3
100
AcDbText
 10
327972.8838834765
 20
1631741.71721681
 30
0.0
 40
2.5
  1
POSTE
  7
MONOTXT4
 11
327972.8838834765
 21
1631740.883883477
 31
0.0
100
AcDbText
 73
     1
  0
POINT
  5
2E1
330
1F
100
AcDbEntity
  8
CVL_PUNTO
 62
     2
100
AcDbPoint
 10
327972.0
 20
1631740.0
 30
0.0
1001
CVL_PUNTO
1000
60
1000

1005
2E0
1005
0
1005
0
  0
LINE
  5
2E9
330
1F
100
AcDbEntity
  8
0
100
AcDbLine
 10
328071.0
 20
1631682.0
 30
0.0
 11
328068.0
 21
1631702.0
 31
0.0
  0
LINE
  5
2EA
330
1F
100
AcDbEntity
  8
0
100
AcDbLine
 10
328068.0
 20
1631702.0
 30
0.0
 11
328063.0
 21
1631721.0
 31
0.0
  0
LINE
  5
2EB
330
1F
100
AcDbEntity
  8
0
100
AcDbLine
 10
328063.0
 20
1631721.0
 30
0.0
 11
328063.0
 21
1631724.0
 31
0.0
  0
LINE
  5
2EC
330
1F
100
AcDbEntity
  8
0
100
AcDbLine
 10
328063.0
 20
1631724.0
 30
0.0
 11
328066.0
 21
1631744.0
 31
0.0
  0
LINE
  5
2ED
330
1F
100
AcDbEntity
  8
0
100
AcDbLine
 10
328066.0
 20
1631744.0
 30
0.0
 11
328073.0
 21
1631764.0
 31
0.0
  0
LINE
  5
2EE
330
1F
100
AcDbEntity
  8
0
100
AcDbLine
 10
328073.0
 20
1631764.0
 30
0.0
 11
328079.0
 21
1631783.0
 31
0.0
  0
LINE
  5
2EF
330
1F
100
AcDbEntity
  8
0
100
AcDbLine
 10
328079.0
 20
1631783.0
 30
0.0
 11
328087.0
 21
1631801.0
 31
0.0
  0
LINE
  5
2F0
330
1F
100
AcDbEntity
  8
0
100
AcDbLine
 10
328087.0
 20
1631801.0
 30
0.0
 11
328094.0
 21
1631820.0
 31
0.0
  0
LINE
  5
2F1
330
1F
100
AcDbEntity
  8
0
100
AcDbLine
 10
328094.0
 20
1631820.0
 30
0.0
 11
328104.0
 21
1631838.0
 31
0.0
  0
LINE
  5
2F2
330
1F
100
AcDbEntity
  8
0
100
AcDbLine
 10
328104.0
 20
1631838.0
 30
0.0
 11
328089.0
 21
1631854.0
 31
0.0
  0
LINE
  5
2F3
330
1F
100
AcDbEntity
  8
0
100
AcDbLine
 10
328089.0
 20
1631854.0
 30
0.0
 11
328086.0
 21
1631866.0
 31
0.0
  0
LINE
  5
2F4
330
1F
100
AcDbEntity
  8
0
100
AcDbLine
 10
328086.0
 20
1631866.0
 30
0.0
 11
328076.0
 21
1631870.0
 31
0.0
  0
LINE
  5
2F5
330
1F
100
AcDbEntity
  8
0
100
AcDbLine
 10
328076.0
 20
1631870.0
 30
0.0
 11
328064.0
 21
1631869.0
 31
0.0
  0
LINE
  5
2F6
330
1F
100
AcDbEntity
  8
0
100
AcDbLine
 10
328064.0
 20
1631869.0
 30
0.0
 11
328056.0
 21
1631873.0
 31
0.0
  0
LINE
  5
2F7
330
1F
100
AcDbEntity
  8
0
100
AcDbLine
 10
328056.0
 20
1631873.0
 30
0.0
 11
328053.0
 21
1631881.0
 31
0.0
  0
LINE
  5
2F8
330
1F
100
AcDbEntity
  8
0
100
AcDbLine
 10
328053.0
 20
1631881.0
 30
0.0
 11
328052.0
 21
1631891.0
 31
0.0
  0
LINE
  5
2F9
330
1F
100
AcDbEntity
  8
0
100
AcDbLine
 10
328052.0
 20
1631891.0
 30
0.0
 11
328041.0
 21
1631895.0
 31
0.0
  0
LINE
  5
2FA
330
1F
100
AcDbEntity
  8
0
100
AcDbLine
 10
328041.0
 20
1631895.0
 30
0.0
 11
328030.0
 21
1631899.0
 31
0.0
  0
LINE
  5
2FB
330
1F
100
AcDbEntity
  8
0
100
AcDbLine
 10
328030.0
 20
1631899.0
 30
0.0
 11
328028.0
 21
1631902.0
 31
0.0
  0
LINE
  5
2FC
330
1F
100
AcDbEntity
  8
0
100
AcDbLine
 10
328028.0
 20
1631902.0
 30
0.0
 11
328000.0
 21
1631892.0
 31
0.0
  0
LINE
  5
2FD
330
1F
100
AcDbEntity
  8
0
100
AcDbLine
 10
328000.0
 20
1631892.0
 30
0.0
 11
327980.0
 21
1631885.0
 31
0.0
  0
LINE
  5
2FE
330
1F
100
AcDbEntity
  8
0
100
AcDbLine
 10
327980.0
 20
1631885.0
 30
0.0
 11
327967.0
 21
1631877.0
 31
0.0
  0
LINE
  5
2FF
330
1F
100
AcDbEntity
  8
0
100
AcDbLine
 10
327967.0
 20
1631877.0
 30
0.0
 11
327952.0
 21
1631868.0
 31
0.0
  0
LINE
  5
300
330
1F
100
AcDbEntity
  8
0
100
AcDbLine
 10
327952.0
 20
1631868.0
 30
0.0
 11
327937.0
 21
1631862.0
 31
0.0
  0
LINE
  5
301
330
1F
100
AcDbEntity
  8
0
100
AcDbLine
 10
327937.0
 20
1631862.0
 30
0.0
 11
327921.0
 21
1631852.0
 31
0.0
  0
LINE
  5
302
330
1F
100
AcDbEntity
  8
0
100
AcDbLine
 10
327921.0
 20
1631852.0
 30
0.0
 11
327900.0
 21
1631848.0
 31
0.0
  0
LINE
  5
303
330
1F
100
AcDbEntity
  8
0
100
AcDbLine
 10
327900.0
 20
1631848.0
 30
0.0
 11
327897.0
 21
1631847.0
 31
0.0
  0
LINE
  5
304
330
1F
100
AcDbEntity
  8
0
100
AcDbLine
 10
327897.0
 20
1631847.0
 30
0.0
 11
327884.0
 21
1631857.0
 31
0.0
  0
LINE
  5
305
330
1F
100
AcDbEntity
  8
0
100
AcDbLine
 10
327884.0
 20
1631857.0
 30
0.0
 11
327867.0
 21
1631866.0
 31
0.0
  0
LINE
  5
306
330
1F
100
AcDbEntity
  8
0
100
AcDbLine
 10
327867.0
 20
1631866.0
 30
0.0
 11
327857.0
 21
1631873.0
 31
0.0
  0
LINE
  5
307
330
1F
100
AcDbEntity
  8
0
100
AcDbLine
 10
327857.0
 20
1631873.0
 30
0.0
 11
327847.0
 21
1631887.0
 31
0.0
  0
LINE
  5
308
330
1F
100
AcDbEntity
  8
0
100
AcDbLine
 10
327847.0
 20
1631887.0
 30
0.0
 11
327845.0
 21
1631891.0
 31
0.0
  0
LINE
  5
309
330
1F
100
AcDbEntity
  8
0
100
AcDbLine
 10
327845.0
 20
1631891.0
 30
0.0
 11
327832.0
 21
1631891.0
 31
0.0
  0
LINE
  5
30A
330
1F
100
AcDbEntity
  8
0
100
AcDbLine
 10
327832.0
 20
1631891.0
 30
0.0
 11
327816.0
 21
1631886.0
 31
0.0
  0
LINE
  5
30B
330
1F
100
AcDbEntity
  8
0
100
AcDbLine
 10
327816.0
 20
1631886.0
 30
0.0
 11
327825.0
 21
1631873.0
 31
0.0
  0
LINE
  5
30C
330
1F
100
AcDbEntity
  8
0
100
AcDbLine
 10
327825.0
 20
1631873.0
 30
0.0
 11
327829.0
 21
1631844.0
 31
0.0
  0
LINE
  5
30D
330
1F
100
AcDbEntity
  8
0
100
AcDbLine
 10
327829.0
 20
1631844.0
 30
0.0
 11
327834.0
 21
1631834.0
 31
0.0
  0
LINE
  5
30E
330
1F
100
AcDbEntity
  8
0
100
AcDbLine
 10
327834.0
 20
1631834.0
 30
0.0
 11
327815.0
 21
1631826.0
 31
0.0
  0
LINE
  5
30F
330
1F
100
AcDbEntity
  8
0
100
AcDbLine
 10
327815.0
 20
1631826.0
 30
0.0
 11
327798.0
 21
1631814.0
 31
0.0
  0
LINE
  5
310
330
1F
100
AcDbEntity
  8
0
100
AcDbLine
 10
327798.0
 20
1631814.0
 30
0.0
 11
327781.0
 21
1631803.0
 31
0.0
  0
LINE
  5
311
330
1F
100
AcDbEntity
  8
0
100
AcDbLine
 10
327781.0
 20
1631803.0
 30
0.0
 11
327770.0
 21
1631791.0
 31
0.0
  0
LINE
  5
312
330
1F
100
AcDbEntity
  8
0
100
AcDbLine
 10
327770.0
 20
1631791.0
 30
0.0
 11
327789.0
 21
1631787.0
 31
0.0
  0
LINE
  5
313
330
1F
100
AcDbEntity
  8
0
100
AcDbLine
 10
327789.0
 20
1631787.0
 30
0.0
 11
327810.0
 21
1631783.0
 31
0.0
  0
LINE
  5
314
330
1F
100
AcDbEntity
  8
0
100
AcDbLine
 10
327810.0
 20
1631783.0
 30
0.0
 11
327827.0
 21
1631775.0
 31
0.0
  0
LINE
  5
315
330
1F
100
AcDbEntity
  8
0
100
AcDbLine
 10
327827.0
 20
1631775.0
 30
0.0
 11
327847.0
 21
1631766.0
 31
0.0
  0
LINE
  5
316
330
1F
100
AcDbEntity
  8
0
100
AcDbLine
 10
327847.0
 20
1631766.0
 30
0.0
 11
327864.0
 21
1631757.0
 31
0.0
  0
LINE
  5
317
330
1F
100
AcDbEntity
  8
0
100
AcDbLine
 10
327864.0
 20
1631757.0
 30
0.0
 11
327882.0
 21
1631747.0
 31
0.0
  0
LINE
  5
318
330
1F
100
AcDbEntity
  8
0
100
AcDbLine
 10
327882.0
 20
1631747.0
 30
0.0
 11
327891.0
 21
1631742.0
 31
0.0
  0
LINE
  5
319
330
1F
100
AcDbEntity
  8
0
100
AcDbLine
 10
327891.0
 20
1631742.0
 30
0.0
 11
327910.0
 21
1631735.0
 31
0.0
  0
LINE
  5
31A
330
1F
100
AcDbEntity
  8
0
100
AcDbLine
 10
327910.0
 20
1631735.0
 30
0.0
 11
327929.0
 21
1631730.0
 31
0.0
  0
LINE
  5
31B
330
1F
100
AcDbEntity
  8
0
100
AcDbLine
 10
327929.0
 20
1631730.0
 30
0.0
 11
327947.0
 21
1631723.0
 31
0.0
  0
LINE
  5
31C
330
1F
100
AcDbEntity
  8
0
100
AcDbLine
 10
327947.0
 20
1631723.0
 30
0.0
 11
327965.0
 21
1631716.0
 31
0.0
  0
LINE
  5
31D
330
1F
100
AcDbEntity
  8
0
100
AcDbLine
 10
327965.0
 20
1631716.0
 30
0.0
 11
327985.0
 21
1631710.0
 31
0.0
  0
LINE
  5
31E
330
1F
100
AcDbEntity
  8
0
100
AcDbLine
 10
327985.0
 20
1631710.0
 30
0.0
 11
328004.0
 21
1631705.0
 31
0.0
  0
LINE
  5
31F
330
1F
100
AcDbEntity
  8
0
100
AcDbLine
 10
328004.0
 20
1631705.0
 30
0.0
 11
328023.0
 21
1631698.0
 31
0.0
  0
LINE
  5
320
330
1F
100
AcDbEntity
  8
0
100
AcDbLine
 10
328023.0
 20
1631698.0
 30
0.0
 11
328043.0
 21
1631693.0
 31
0.0
  0
LINE
  5
321
330
1F
100
AcDbEntity
  8
0
100
AcDbLine
 10
328043.0
 20
1631693.0
 30
0.0
 11
328062.0
 21
1631686.0
 31
0.0
  0
LINE
  5
322
330
1F
100
AcDbEntity
  8
0
100
AcDbLine
 10
328062.0
 20
1631686.0
 30
0.0
 11
328071.0
 21
1631682.0
 31
0.0
  0
LINE
  5
323
330
1F
100
AcDbEntity
  8
0
100
AcDbLine
 10
327770.0
 20
1631791.0
 30
0.0
 11
327781.0
 21
1631803.0
 31
0.0
  0
TEXT
  5
324
330
1F
100
AcDbEntity
  8
CVL_PUNTO_NUM
 62
     7
100
AcDbText
 10
327761.8711014114
 20
1631711.02501032
 30
0.0
 40
4.115870421519503
  1
AREA = 40,064.00 M2
  7
MONOTXT4
 11
327761.8711014114
 21
1631709.653053513
 31
0.0
100
AcDbText
 73
     1
  0
LINE
  5
32B
330
1F
100
AcDbEntity
  8
0
100
AcDbLine
 10
328053.5401459855
 20
1631689.116788321
 30
0.0
 11
328063.0
 21
1631724.0
 31
0.0
  0
LINE
  5
32F
330
1F
100
AcDbEntity
  8
0
100
AcDbLine
 10
327924.0562413944
 20
1631731.320703633
 30
0.0
 11
327925.2614656657
 21
1631734.775748314
 31
0.0
  0
LINE
  5
330
330
1F
100
AcDbEntity
  8
0
100
AcDbLine
 10
327924.0562413944
 20
1631731.320703633
 30
0.0
 11
327925.302078034
 21
1631734.76104151
 31
0.0
  0
LINE
  5
332
330
1F
100
AcDbEntity
  8
0
100
AcDbLine
 10
327959.3509479121
 20
1631828.785902371
 30
0.0
 11
327959.3509479121
 21
1631828.785902371
 31
0.0
  0
LINE
  5
333
330
1F
100
AcDbEntity
  8
0
100
AcDbLine
 10
327959.3509479121
 20
1631828.785902371
 30
0.0
 11
327972.9704958633
 21
1631866.395846716
 31
0.0
  0
LINE
  5
334
330
1F
100
AcDbEntity
  8
0
100
AcDbLine
 10
327972.9704958633
 20
1631866.395846716
 30
0.0
 11
327972.9704958633
 21
1631866.395846716
 31
0.0
  0
LINE
  5
335
330
1F
100
AcDbEntity
  8
0
100
AcDbLine
 10
327972.9704958633
 20
1631866.395846716
 30
0.0
 11
327972.9704958633
 21
1631866.395846716
 31
0.0
  0
LINE
  5
336
330
1F
100
AcDbEntity
  8
0
100
AcDbLine
 10
327972.9704958633
 20
1631866.395846716
 30
0.0
 11
327979.6236881012
 21
1631884.768423447
 31
0.0
  0
LINE
  5
339
330
1F
100
AcDbEntity
  8
0
100
AcDbLine
 10
327949.9484618259
 20
1631832.190789359
 30
0.0
 11
327963.5680097771
 21
1631869.800733703
 31
0.0
  0
LINE
  5
33C
330
1F
100
AcDbEntity
  8
0
100
AcDbLine
 10
327915.8995919479
 20
1631738.165928497
 30
0.0
 11
327915.8995919479
 21
1631738.165928498
 31
0.0
  0
LINE
  5
33D
330
1F
100
AcDbEntity
  8
0
100
AcDbLine
 10
327915.8995919479
 20
1631738.165928498
 30
0.0
 11
327914.3395798903
 21
1631733.858005292
 31
0.0
  0
LINE
  5
38D
330
1F
100
AcDbEntity
  8
0
100
AcDbLine
 10
328086.8120294833
 20
1631845.952711786
 30
0.0
 11
328089.5238263854
 21
1631853.441251856
 31
0.0
  0
LINE
  5
38E
330
1F
100
AcDbEntity
  8
0
100
AcDbLine
 10
328079.2900406143
 20
1631848.676621376
 30
0.0
 11
328085.6185446744
 21
1631866.15258213
 31
0.0
  0
LINE
  5
38F
330
1F
100
AcDbEntity
  8
0
100
AcDbLine
 10
328051.0825823559
 20
1631858.89128234
 30
0.0
 11
328056.1623277469
 21
1631872.918836127
 31
0.0
  0
LINE
  5
390
330
1F
100
AcDbEntity
  8
0
100
AcDbLine
 10
328043.560593487
 20
1631861.61519193
 30
0.0
 11
328043.560593487
 21
1631861.61519193
 31
0.0
  0
LINE
  5
391
330
1F
100
AcDbEntity
  8
0
100
AcDbLine
 10
328043.560593487
 20
1631861.61519193
 30
0.0
 11
328043.560593487
 21
1631861.61519193
 31
0.0
  0
LINE
  5
392
330
1F
100
AcDbEntity
  8
0
100
AcDbLine
 10
328043.560593487
 20
1631861.61519193
 30
0.0
 11
328052.4764074185
 21
1631886.235925816
 31
0.0
  0
LINE
  5
393
330
1F
100
AcDbEntity
  8
0
100
AcDbLine
 10
328015.3531352285
 20
1631871.829852893
 30
0.0
 11
328015.3531352285
 21
1631871.829852893
 31
0.0
  0
LINE
  5
394
330
1F
100
AcDbEntity
  8
0
100
AcDbLine
 10
328015.3531352285
 20
1631871.829852893
 30
0.0
 11
328015.3531352285
 21
1631871.829852893
 31
0.0
  0
LINE
  5
395
330
1F
100
AcDbEntity
  8
0
100
AcDbLine
 10
328015.3531352285
 20
1631871.829852893
 30
0.0
 11
328026.0228281099
 21
1631901.293867182
 31
0.0
  0
LINE
  5
396
330
1F
100
AcDbEntity
  8
0
100
AcDbLine
 10
328007.8311463596
 20
1631874.553762484
 30
0.0
 11
328016.2505885003
 21
1631897.803781607
 31
0.0
  0
LINE
  5
3A2
330
1F
100
AcDbEntity
  8
0
100
AcDbLine
 10
327976.0493143347
 20
1631786.789253859
 30
0.0
 11
327979.44464472
 21
1631796.19519515
 31
0.0
  0
LINE
  5
3A5
330
1F
100
AcDbEntity
  8
0
100
AcDbLine
 10
327996.1261677587
 20
1631707.130908076
 30
0.0
 11
328023.3652636611
 21
1631782.350796765
 31
0.0
  0
LINE
  5
3A7
330
1F
100
AcDbEntity
  8
0
100
AcDbLine
 10
327951.2467413059
 20
1631806.406396054
 30
0.0
 11
327979.7145790777
 21
1631796.910764756
 31
0.0
  0
LINE
  5
3A8
330
1F
100
AcDbEntity
  8
0
100
AcDbLine
 10
327987.3060024835
 20
1631794.378596409
 30
0.0
 11
328015.7768701336
 21
1631784.891332023
 31
0.0
  0
LINE
  5
3A9
330
1F
100
AcDbEntity
  8
0
100
AcDbLine
 10
328023.3652636611
 20
1631782.350796765
 30
0.0
 11
328023.3652636611
 21
1631782.350796765
 31
0.0
  0
LINE
  5
3AA
330
1F
100
AcDbEntity
  8
0
100
AcDbLine
 10
328023.3652636611
 20
1631782.350796765
 30
0.0
 11
328051.8331014329
 21
1631772.855165467
 31
0.0
  0
LINE
  5
3AB
330
1F
100
AcDbEntity
  8
0
100
AcDbLine
 10
328059.4245248387
 20
1631770.322997121
 30
0.0
 11
328059.4245248387
 21
1631770.322997121
 31
0.0
  0
LINE
  5
3AC
330
1F
100
AcDbEntity
  8
0
100
AcDbLine
 10
328059.4245248387
 20
1631770.322997121
 30
0.0
 11
328059.4245248387
 21
1631770.322997121
 31
0.0
  0
LINE
  5
3AF
330
1F
100
AcDbEntity
  8
0
100
AcDbLine
 10
328073.5127700621
 20
1631765.623771863
 30
0.0
 11
328059.4245248387
 21
1631770.322997121
 31
0.0
  0
LINE
  5
3B2
330
1F
100
AcDbEntity
  8
0
100
AcDbLine
 10
327884.8526011633
 20
1631828.552590654
 30
0.0
 11
327884.8526011633
 21
1631828.552590654
 31
0.0
  0
LINE
  5
3B5
330
1F
100
AcDbEntity
  8
0
100
AcDbLine
 10
327951.2467413059
 20
1631806.406396054
 30
0.0
 11
327924.0562413944
 21
1631731.320703633
 31
0.0
  0
LINE
  5
3B6
330
1F
100
AcDbEntity
  8
0
100
AcDbLine
 10
327941.7574620486
 20
1631809.571606486
 30
0.0
 11
327914.3395798903
 21
1631733.858005292
 31
0.0
  0
LINE
  5
3BB
330
1F
100
AcDbEntity
  8
0
100
AcDbLine
 10
327888.0167837531
 20
1631838.038788445
 30
0.0
 11
327944.9216446384
 21
1631819.057804278
 31
0.0
  0
LINE
  5
3BC
330
1F
100
AcDbEntity
  8
0
100
AcDbLine
 10
327888.0167837531
 20
1631838.038788445
 30
0.0
 11
327831.7040347158
 21
1631856.822269878
 31
0.0
  0
LINE
  5
3BD
330
1F
100
AcDbEntity
  8
0
100
AcDbLine
 10
327944.9216446384
 20
1631819.057804278
 30
0.0
 11
327945.163455069
 21
1631818.977146846
 31
0.0
  0
LINE
  5
3BE
330
1F
100
AcDbEntity
  8
0
100
AcDbLine
 10
327954.6527343262
 20
1631815.811936413
 30
0.0
 11
327982.8787616676
 21
1631806.396962547
 31
0.0
  0
LINE
  5
3C0
330
1F
100
AcDbEntity
  8
0
100
AcDbLine
 10
327982.8787616676
 20
1631806.396962547
 30
0.0
 11
327983.120572098
 21
1631806.316305115
 31
0.0
  0
LINE
  5
3C1
330
1F
100
AcDbEntity
  8
0
100
AcDbLine
 10
327990.7120213897
 20
1631803.784208252
 30
0.0
 11
328018.9382406318
 21
1631794.378467343
 31
0.0
  0
LINE
  5
3C2
330
1F
100
AcDbEntity
  8
0
100
AcDbLine
 10
328018.9382406318
 20
1631794.378467343
 30
0.0
 11
328018.9382406318
 21
1631794.378467343
 31
0.0
  0
LINE
  5
3C3
330
1F
100
AcDbEntity
  8
0
100
AcDbLine
 10
328018.9382406318
 20
1631794.378467343
 30
0.0
 11
328018.9382406318
 21
1631794.378467343
 31
0.0
  0
LINE
  5
3C4
330
1F
100
AcDbEntity
  8
0
100
AcDbLine
 10
328018.9382406318
 20
1631794.378467343
 30
0.0
 11
328019.1828890399
 21
1631794.296943866
 31
0.0
  0
LINE
  5
3C5
330
1F
100
AcDbEntity
  8
0
100
AcDbLine
 10
328026.7712566814
 20
1631791.756337125
 30
0.0
 11
328054.9972840228
 21
1631782.341363259
 31
0.0
  0
LINE
  5
3C6
330
1F
100
AcDbEntity
  8
0
100
AcDbLine
 10
328054.9972840228
 20
1631782.341363259
 30
0.0
 11
328054.9972840228
 21
1631782.341363259
 31
0.0
  0
LINE
  5
3C7
330
1F
100
AcDbEntity
  8
0
100
AcDbLine
 10
328054.9972840228
 20
1631782.341363259
 30
0.0
 11
328055.2390944532
 21
1631782.260705826
 31
0.0
  0
LINE
  5
3C8
330
1F
100
AcDbEntity
  8
0
100
AcDbLine
 10
328062.830517859
 20
1631779.741079434
 30
0.0
 11
328076.5244727319
 21
1631775.160830318
 31
0.0
  0
LINE
  5
3C9
330
1F
100
AcDbEntity
  8
0
100
AcDbLine
 10
327945.163455069
 20
1631818.977146846
 30
0.0
 11
327949.9484618259
 21
1631832.190789359
 31
0.0
  0
LINE
  5
3CF
330
1F
100
AcDbEntity
  8
0
100
AcDbLine
 10
327963.5680097771
 20
1631869.800733703
 30
0.0
 11
327963.5680097771
 21
1631869.800733703
 31
0.0
  0
LINE
  5
3D0
330
1F
100
AcDbEntity
  8
0
100
AcDbLine
 10
327963.5680097771
 20
1631869.800733703
 30
0.0
 11
327965.9460567454
 21
1631876.367634047
 31
0.0
  0
LINE
  5
3D1
330
1F
100
AcDbEntity
  8
0
100
AcDbLine
 10
327954.6527343262
 20
1631815.811936413
 30
0.0
 11
327979.6236881012
 21
1631884.768423447
 31
0.0
  0
LINE
  5
3D2
330
1F
100
AcDbEntity
  8
0
100
AcDbLine
 10
327983.120572098
 20
1631806.316305115
 30
0.0
 11
328016.2505885003
 21
1631897.803781607
 31
0.0
  0
LINE
  5
3D3
330
1F
100
AcDbEntity
  8
0
100
AcDbLine
 10
328026.0228281099
 20
1631901.293867182
 30
0.0
 11
327990.7120213898
 21
1631803.784208252
 31
0.0
  0
LINE
  5
3D4
330
1F
100
AcDbEntity
  8
0
100
AcDbLine
 10
327979.7145790777
 20
1631796.910764756
 30
0.0
 11
327952.2636996528
 21
1631721.10604267
 31
0.0
  0
LINE
  5
3D5
330
1F
100
AcDbEntity
  8
0
100
AcDbLine
 10
327952.2636996528
 20
1631721.10604267
 30
0.0
 11
327952.2636996528
 21
1631721.10604267
 31
0.0
  0
LINE
  5
3D6
330
1F
100
AcDbEntity
  8
0
100
AcDbLine
 10
327952.2636996528
 20
1631721.10604267
 30
0.0
 11
327952.2636996528
 21
1631721.10604267
 31
0.0
  0
LINE
  5
3D7
330
1F
100
AcDbEntity
  8
0
100
AcDbLine
 10
327952.2636996528
 20
1631721.10604267
 30
0.0
 11
327952.2636996528
 21
1631721.10604267
 31
0.0
  0
LINE
  5
3D8
330
1F
100
AcDbEntity
  8
0
100
AcDbLine
 10
327952.2636996528
 20
1631721.10604267
 30
0.0
 11
327952.2636996528
 21
1631721.10604267
 31
0.0
  0
LINE
  5
3D9
330
1F
100
AcDbEntity
  8
0
100
AcDbLine
 10
327952.2636996528
 20
1631721.10604267
 30
0.0
 11
327952.2120035152
 21
1631720.973109744
 31
0.0
  0
LINE
  5
3DB
330
1F
100
AcDbEntity
  8
0
100
AcDbLine
 10
327959.7856885218
 20
1631718.382133079
 30
0.0
 11
327959.6659901155
 21
1631718.074337178
 31
0.0
  0
LINE
  5
3DD
330
1F
100
AcDbEntity
  8
0
100
AcDbLine
 10
328019.1828890399
 20
1631794.296943866
 30
0.0
 11
328052.4764074185
 21
1631886.235925816
 31
0.0
  0
LINE
  5
3DE
330
1F
100
AcDbEntity
  8
0
100
AcDbLine
 10
328056.1623277469
 20
1631872.918836127
 30
0.0
 11
328026.7712566814
 21
1631791.756337125
 31
0.0
  0
LINE
  5
3DF
330
1F
100
AcDbEntity
  8
0
100
AcDbLine
 10
328015.7768701336
 20
1631784.891332023
 30
0.0
 11
327988.3385970122
 21
1631709.121421839
 31
0.0
  0
LINE
  5
3E0
330
1F
100
AcDbEntity
  8
0
100
AcDbLine
 10
327996.1067118115
 20
1631707.077181102
 30
0.0
 11
328023.3652636611
 21
1631782.350796765
 31
0.0
  0
LINE
  5
3E1
330
1F
100
AcDbEntity
  8
0
100
AcDbLine
 10
328055.2390944532
 20
1631782.260705826
 30
0.0
 11
328085.6185446744
 21
1631866.15258213
 31
0.0
  0
LINE
  5
3E2
330
1F
100
AcDbEntity
  8
0
100
AcDbLine
 10
328089.5238263854
 20
1631853.441251856
 30
0.0
 11
328062.8345689558
 21
1631779.739724454
 31
0.0
  0
LINE
  5
3E3
330
1F
100
AcDbEntity
  8
0
100
AcDbLine
 10
328051.8331014329
 20
1631772.855165467
 30
0.0
 11
328024.5827890203
 21
1631697.604302745
 31
0.0
  0
LINE
  5
3E5
330
1F
100
AcDbEntity
  8
0
100
AcDbLine
 10
328059.4245248387
 20
1631770.322997121
 30
0.0
 11
328032.3848447548
 21
1631695.653788811
 31
0.0
  0
LINE
  5
3E6
330
1F
100
AcDbEntity
  8
0
100
AcDbLine
 10
327831.7040347158
 20
1631856.822269878
 30
0.0
 11
327831.7040347158
 21
1631856.822269878
 31
0.0
  0
LINE
  5
3E7
330
1F
100
AcDbEntity
  8
0
100
AcDbLine
 10
327831.7040347158
 20
1631856.822269878
 30
0.0
 11
327827.0157116784
 21
1631858.386090332
 31
0.0
  0
LINE
  5
3EA
330
1F
100
AcDbEntity
  8
0
100
AcDbLine
 10
327930.8393584594
 20
1631824.223964939
 30
0.0
 11
327930.6860869317
 21
1631823.806166566
 31
0.0
  0
LINE
  5
3EB
330
1F
100
AcDbEntity
  8
0
100
AcDbLine
 10
327930.6860869317
 20
1631823.806166566
 30
0.0
 11
327946.0215342578
 21
1631865.608613703
 31
0.0
  0
LINE
  5
3EC
330
1F
100
AcDbEntity
  8
0
100
AcDbLine
 10
327944.9216446384
 20
1631819.057804278
 30
0.0
 11
327930.6860869317
 21
1631823.806166566
 31
0.0
  0
LINE
  5
3F1
330
1F
100
AcDbEntity
  8
0
100
AcDbLine
 10
327934.1317094773
 20
1631833.198488241
 30
0.0
 11
327948.0858272282
 21
1631828.544002069
 31
0.0
  0
LINE
  5
3F2
330
1F
100
AcDbEntity
  8
0
100
AcDbLine
 10
327948.0858272282
 20
1631828.544002069
 30
0.0
 11
327948.5694480893
 21
1631828.382687205
 31
0.0
  0
LINE
  5
3F6
330
1F
100
AcDbEntity
  8
0
100
AcDbLine
 10
327937.5773320229
 20
1631842.590809916
 30
0.0
 11
327951.2500098181
 21
1631838.030199861
 31
0.0
  0
LINE
  5
3F7
330
1F
100
AcDbEntity
  8
0
100
AcDbLine
 10
327951.2500098181
 20
1631838.030199861
 30
0.0
 11
327951.2500098181
 21
1631838.030199861
 31
0.0
  0
LINE
  5
3F8
330
1F
100
AcDbEntity
  8
0
100
AcDbLine
 10
327951.2500098181
 20
1631838.030199861
 30
0.0
 11
327951.9754411096
 21
1631837.788227565
 31
0.0
  0
LINE
  5
3F9
330
1F
100
AcDbEntity
  8
0
100
AcDbLine
 10
327941.0229545686
 20
1631851.983131591
 30
0.0
 11
327954.4141924079
 21
1631847.516397652
 31
0.0
  0
LINE
  5
3FA
330
1F
100
AcDbEntity
  8
0
100
AcDbLine
 10
327954.4141924079
 20
1631847.516397652
 30
0.0
 11
327954.4141924079
 21
1631847.516397652
 31
0.0
  0
LINE
  5
3FB
330
1F
100
AcDbEntity
  8
0
100
AcDbLine
 10
327954.4141924079
 20
1631847.516397652
 30
0.0
 11
327955.3814341299
 21
1631847.193767924
 31
0.0
  0
LINE
  5
401
330
1F
100
AcDbEntity
  8
0
100
AcDbLine
 10
327944.4685771142
 20
1631861.375453266
 30
0.0
 11
327957.5783749978
 21
1631857.002595444
 31
0.0
  0
LINE
  5
402
330
1F
100
AcDbEntity
  8
0
100
AcDbLine
 10
327957.5783749978
 20
1631857.002595444
 30
0.0
 11
327958.7874271503
 21
1631856.599308283
 31
0.0
  0
LINE
  5
404
330
1F
100
AcDbEntity
  8
0
100
AcDbLine
 10
327916.6038007527
 20
1631828.972327227
 30
0.0
 11
327916.6038007527
 21
1631828.972327227
 31
0.0
  0
LINE
  5
405
330
1F
100
AcDbEntity
  8
0
100
AcDbLine
 10
327916.6038007527
 20
1631828.972327227
 30
0.0
 11
327916.6038007527
 21
1631828.972327227
 31
0.0
  0
LINE
  5
406
330
1F
100
AcDbEntity
  8
0
100
AcDbLine
 10
327916.6038007527
 20
1631828.972327227
 30
0.0
 11
327916.6038007527
 21
1631828.972327227
 31
0.0
  0
LINE
  5
407
330
1F
100
AcDbEntity
  8
0
100
AcDbLine
 10
327916.6038007527
 20
1631828.972327227
 30
0.0
 11
327916.450529225
 21
1631828.554528854
 31
0.0
  0
LINE
  5
408
330
1F
100
AcDbEntity
  8
0
100
AcDbLine
 10
327916.450529225
 20
1631828.554528854
 30
0.0
 11
327926.256964018
 21
1631855.285602511
 31
0.0
  0
LINE
  5
409
330
1F
100
AcDbEntity
  8
0
100
AcDbLine
 10
327934.1317094773
 20
1631833.198488241
 30
0.0
 11
327919.8961517706
 21
1631837.94685053
 31
0.0
  0
LINE
  5
40A
330
1F
100
AcDbEntity
  8
0
100
AcDbLine
 10
327937.5773320229
 20
1631842.590809916
 30
0.0
 11
327923.3417743162
 21
1631847.339172205
 31
0.0
  0
LINE
  5
410
330
1F
100
AcDbEntity
  8
0
100
AcDbLine
 10
327913.2896242768
 20
1631819.067237784
 30
0.0
 11
327886.3225666576
 21
1631744.598574079
 31
0.0
  0
LINE
  5
411
330
1F
100
AcDbEntity
  8
0
100
AcDbLine
 10
327879.2392159649
 20
1631748.533768908
 30
0.0
 11
327905.698200871
 21
1631821.59940613
 31
0.0
  0
LINE
  5
412
330
1F
100
AcDbEntity
  8
0
100
AcDbLine
 10
327877.2303630991
 20
1631831.095037428
 30
0.0
 11
327852.5866945935
 21
1631763.042338156
 31
0.0
  0
LINE
  5
413
330
1F
100
AcDbEntity
  8
0
100
AcDbLine
 10
327869.6389396933
 20
1631833.627205774
 30
0.0
 11
327845.4086713862
 21
1631766.716097876
 31
0.0
  0
LINE
  5
415
330
1F
100
AcDbEntity
  8
0
100
AcDbLine
 10
327831.3084540321
 20
1631839.383091936
 30
0.0
 11
327833.5796785156
 21
1631845.655005419
 31
0.0
  0
LINE
  5
41C
330
1F
100
AcDbEntity
  8
0
100
AcDbLine
 10
327841.1711019214
 20
1631843.122837072
 30
0.0
 11
327818.0305412329
 21
1631779.220921773
 31
0.0
  0
LINE
  5
41F
330
1F
100
AcDbEntity
  8
0
100
AcDbLine
 10
327810.7609767793
 20
1631782.641893281
 30
0.0
 11
327815.868307261
 21
1631796.74562241
 31
0.0
  0
LINE
  5
421
330
1F
100
AcDbEntity
  8
0
100
AcDbLine
 10
327801.3584906932
 20
1631786.046780268
 30
0.0
 11
327801.3584906932
 21
1631786.046780268
 31
0.0
  0
LINE
  5
422
330
1F
100
AcDbEntity
  8
0
100
AcDbLine
 10
327801.3584906932
 20
1631786.046780268
 30
0.0
 11
327800.8839632437
 21
1631784.736387954
 31
0.0
  0
LINE
  5
426
330
1F
100
AcDbEntity
  8
0
100
AcDbLine
 10
327941.7574620486
 20
1631809.571606486
 30
0.0
 11
327913.2896242767
 21
1631819.067237784
 31
0.0
  0
LINE
  5
427
330
1F
100
AcDbEntity
  8
0
100
AcDbLine
 10
327905.698200871
 20
1631821.59940613
 30
0.0
 11
327877.2303630991
 21
1631831.095037428
 31
0.0
  0
LINE
  5
428
330
1F
100
AcDbEntity
  8
0
100
AcDbLine
 10
327869.6389396933
 20
1631833.627205774
 30
0.0
 11
327841.1711019214
 21
1631843.122837072
 31
0.0
  0
LINE
  5
42A
330
1F
100
AcDbEntity
  8
0
100
AcDbLine
 10
327833.5796785156
 20
1631845.655005419
 30
0.0
 11
327833.5796785156
 21
1631845.655005419
 31
0.0
  0
LINE
  5
42B
330
1F
100
AcDbEntity
  8
0
100
AcDbLine
 10
327833.5796785156
 20
1631845.655005419
 30
0.0
 11
327833.5796785156
 21
1631845.655005419
 31
0.0
  0
LINE
  5
42C
330
1F
100
AcDbEntity
  8
0
100
AcDbLine
 10
327833.5796785156
 20
1631845.655005419
 30
0.0
 11
327833.5796785156
 21
1631845.655005419
 31
0.0
  0
LINE
  5
42D
330
1F
100
AcDbEntity
  8
0
100
AcDbLine
 10
327833.5796785156
 20
1631845.655005419
 30
0.0
 11
327828.5398521259
 21
1631847.336072087
 31
0.0
  0
LINE
  5
469
330
1F
100
AcDbEntity
  8
0
100
AcDbLine
 10
327993.8733918879
 20
1631813.271343572
 30
0.0
 11
328022.09961113
 21
1631803.865602662
 31
0.0
  0
LINE
  5
46A
330
1F
100
AcDbEntity
  8
0
100
AcDbLine
 10
327997.0347623861
 20
1631822.758478891
 30
0.0
 11
328025.2609816282
 21
1631813.352737982
 31
0.0
  0
LINE
  5
47A
330
1F
100
AcDbEntity
  8
0
100
AcDbLine
 10
328064.0202222924
 20
1631737.165178489
 30
0.0
 11
328049.931977069
 21
1631741.864403746
 31
0.0
  0
LINE
  5
47B
330
1F
100
AcDbEntity
  8
0
100
AcDbLine
 10
328060.8560397025
 20
1631727.678980697
 30
0.0
 11
328046.7677944791
 21
1631732.378205955
 31
0.0
  0
LINE
  5
47C
330
1F
100
AcDbEntity
  8
0
100
AcDbLine
 10
328057.6918571125
 20
1631718.192782906
 30
0.0
 11
328043.6036118891
 21
1631722.892008163
 31
0.0
  0
LINE
  5
47D
330
1F
100
AcDbEntity
  8
0
100
AcDbLine
 10
328054.5276745226
 20
1631708.706585114
 30
0.0
 11
328040.4394292992
 21
1631713.405810372
 31
0.0
  0
LINE
  5
47E
330
1F
100
AcDbEntity
  8
0
100
AcDbLine
 10
328051.3634919327
 20
1631699.220387323
 30
0.0
 11
328037.2752467093
 21
1631703.91961258
 31
0.0
  0
LINE
  5
47F
330
1F
100
AcDbEntity
  8
0
100
AcDbLine
 10
328027.9911502907
 20
1631707.016382951
 30
0.0
 11
328001.2159855321
 21
1631715.947412224
 31
0.0
  0
LINE
  5
480
330
1F
100
AcDbEntity
  8
0
100
AcDbLine
 10
328001.2159855321
 20
1631715.947412224
 30
0.0
 11
327999.5233125189
 21
1631716.512014249
 31
0.0
  0
LINE
  5
481
330
1F
100
AcDbEntity
  8
0
100
AcDbLine
 10
327991.9347377899
 20
1631719.052049125
 30
0.0
 11
327965.1764089962
 21
1631727.968649171
 31
0.0
  0
LINE
  5
482
330
1F
100
AcDbEntity
  8
0
100
AcDbLine
 10
327965.1764089962
 20
1631727.968649171
 30
0.0
 11
327965.1764089962
 21
1631727.968649171
 31
0.0
  0
LINE
  5
483
330
1F
100
AcDbEntity
  8
0
100
AcDbLine
 10
327965.1764089962
 20
1631727.968649171
 30
0.0
 11
327965.1764089962
 21
1631727.968649171
 31
0.0
  0
LINE
  5
484
330
1F
100
AcDbEntity
  8
0
100
AcDbLine
 10
327965.1764089962
 20
1631727.968649171
 30
0.0
 11
327963.4990756823
 21
1631728.527582071
 31
0.0
  0
LINE
  5
485
330
1F
100
AcDbEntity
  8
0
100
AcDbLine
 10
327955.8726279354
 20
1631731.071982239
 30
0.0
 11
327929.0974631769
 21
1631740.003011513
 31
0.0
  0
LINE
  5
486
330
1F
100
AcDbEntity
  8
0
100
AcDbLine
 10
327929.0974631769
 20
1631740.003011513
 30
0.0
 11
327927.4047901636
 21
1631740.567613538
 31
0.0
  0
LINE
  5
487
330
1F
100
AcDbEntity
  8
0
100
AcDbLine
 10
327917.9155109063
 20
1631743.73282397
 30
0.0
 11
327891.1403461477
 21
1631752.663853244
 31
0.0
  0
LINE
  5
488
330
1F
100
AcDbEntity
  8
0
100
AcDbLine
 10
327891.1403461477
 20
1631752.663853244
 30
0.0
 11
327891.1403461477
 21
1631752.663853244
 31
0.0
  0
LINE
  5
489
330
1F
100
AcDbEntity
  8
0
100
AcDbLine
 10
327891.1403461477
 20
1631752.663853244
 30
0.0
 11
327889.4476731345
 21
1631753.228455268
 31
0.0
  0
LINE
  5
48A
330
1F
100
AcDbEntity
  8
0
100
AcDbLine
 10
328031.397143311
 20
1631716.42192331
 30
0.0
 11
328004.380168122
 21
1631725.433610016
 31
0.0
  0
LINE
  5
48B
330
1F
100
AcDbEntity
  8
0
100
AcDbLine
 10
328004.380168122
 20
1631725.433610016
 30
0.0
 11
328004.380168122
 21
1631725.433610016
 31
0.0
  0
LINE
  5
48C
330
1F
100
AcDbEntity
  8
0
100
AcDbLine
 10
328004.380168122
 20
1631725.433610016
 30
0.0
 11
328002.9293055391
 21
1631725.917554608
 31
0.0
  0
LINE
  5
48D
330
1F
100
AcDbEntity
  8
0
100
AcDbLine
 10
328034.8031363313
 20
1631725.82746367
 30
0.0
 11
328007.5443507118
 21
1631734.919807807
 31
0.0
  0
LINE
  5
48E
330
1F
100
AcDbEntity
  8
0
100
AcDbLine
 10
328007.5443507118
 20
1631734.919807807
 30
0.0
 11
328007.5443507118
 21
1631734.919807807
 31
0.0
  0
LINE
  5
48F
330
1F
100
AcDbEntity
  8
0
100
AcDbLine
 10
328007.5443507118
 20
1631734.919807807
 30
0.0
 11
328007.5443507118
 21
1631734.919807807
 31
0.0
  0
LINE
  5
490
330
1F
100
AcDbEntity
  8
0
100
AcDbLine
 10
328007.5443507118
 20
1631734.919807807
 30
0.0
 11
328006.3352985595
 21
1631735.323094968
 31
0.0
  0
LINE
  5
491
330
1F
100
AcDbEntity
  8
0
100
AcDbLine
 10
328038.2091293516
 20
1631735.233004029
 30
0.0
 11
328010.7085333017
 21
1631744.406005599
 31
0.0
  0
LINE
  5
492
330
1F
100
AcDbEntity
  8
0
100
AcDbLine
 10
328010.7085333017
 20
1631744.406005599
 30
0.0
 11
328010.7085333017
 21
1631744.406005599
 31
0.0
  0
LINE
  5
493
330
1F
100
AcDbEntity
  8
0
100
AcDbLine
 10
328010.7085333017
 20
1631744.406005599
 30
0.0
 11
328010.7085333017
 21
1631744.406005599
 31
0.0
  0
LINE
  5
494
330
1F
100
AcDbEntity
  8
0
100
AcDbLine
 10
328010.7085333017
 20
1631744.406005599
 30
0.0
 11
328010.7085333017
 21
1631744.406005599
 31
0.0
  0
LINE
  5
495
330
1F
100
AcDbEntity
  8
0
100
AcDbLine
 10
328010.7085333017
 20
1631744.406005599
 30
0.0
 11
328010.7085333017
 21
1631744.406005599
 31
0.0
  0
LINE
  5
496
330
1F
100
AcDbEntity
  8
0
100
AcDbLine
 10
328010.7085333017
 20
1631744.406005599
 30
0.0
 11
328010.7085333017
 21
1631744.406005599
 31
0.0
  0
LINE
  5
497
330
1F
100
AcDbEntity
  8
0
100
AcDbLine
 10
328010.7085333017
 20
1631744.406005599
 30
0.0
 11
328009.7412915798
 21
1631744.728635327
 31
0.0
  0
LINE
  5
49D
330
1F
100
AcDbEntity
  8
0
100
AcDbLine
 10
328041.615122372
 20
1631744.638544389
 30
0.0
 11
328013.8727158915
 21
1631753.89220339
 31
0.0
  0
LINE
  5
49E
330
1F
100
AcDbEntity
  8
0
100
AcDbLine
 10
328013.8727158915
 20
1631753.89220339
 30
0.0
 11
328013.8727158915
 21
1631753.89220339
 31
0.0
  0
LINE
  5
49F
330
1F
100
AcDbEntity
  8
0
100
AcDbLine
 10
328013.8727158915
 20
1631753.89220339
 30
0.0
 11
328013.8727158915
 21
1631753.89220339
 31
0.0
  0
LINE
  5
4A0
330
1F
100
AcDbEntity
  8
0
100
AcDbLine
 10
328013.8727158915
 20
1631753.89220339
 30
0.0
 11
328013.8727158915
 21
1631753.89220339
 31
0.0
  0
LINE
  5
4A1
330
1F
100
AcDbEntity
  8
0
100
AcDbLine
 10
328013.8727158915
 20
1631753.89220339
 30
0.0
 11
328013.1539197176
 21
1631754.152498351
 31
0.0
  0
LINE
  5
4A2
330
1F
100
AcDbEntity
  8
0
100
AcDbLine
 10
328045.0211153923
 20
1631754.044084748
 30
0.0
 11
328017.0368984814
 21
1631763.378401182
 31
0.0
  0
LINE
  5
4A3
330
1F
100
AcDbEntity
  8
0
100
AcDbLine
 10
328017.0368984814
 20
1631763.378401182
 30
0.0
 11
328017.0368984814
 21
1631763.378401182
 31
0.0
  0
LINE
  5
4A4
330
1F
100
AcDbEntity
  8
0
100
AcDbLine
 10
328017.0368984814
 20
1631763.378401182
 30
0.0
 11
328016.5532776205
 21
1631763.539716046
 31
0.0
  0
LINE
  5
4A5
330
1F
100
AcDbEntity
  8
0
100
AcDbLine
 10
328048.4271084126
 20
1631763.449625108
 30
0.0
 11
328020.2010810712
 21
1631772.864598974
 31
0.0
  0
LINE
  5
4A6
330
1F
100
AcDbEntity
  8
0
100
AcDbLine
 10
328020.2010810712
 20
1631772.864598974
 30
0.0
 11
328020.2010810712
 21
1631772.864598974
 31
0.0
  0
LINE
  5
4A7
330
1F
100
AcDbEntity
  8
0
100
AcDbLine
 10
328020.2010810712
 20
1631772.864598974
 30
0.0
 11
328020.2010810712
 21
1631772.864598974
 31
0.0
  0
LINE
  5
4A8
330
1F
100
AcDbEntity
  8
0
100
AcDbLine
 10
328020.2010810712
 20
1631772.864598974
 30
0.0
 11
328020.2010810712
 21
1631772.864598974
 31
0.0
  0
LINE
  5
4A9
330
1F
100
AcDbEntity
  8
0
100
AcDbLine
 10
328020.2010810712
 20
1631772.864598974
 30
0.0
 11
328019.9614823466
 21
1631772.95136396
 31
0.0
  0
LINE
  5
4AB
330
1F
100
AcDbEntity
  8
0
100
AcDbLine
 10
327984.130792419
 20
1631784.896072808
 30
0.0
 11
328012.3708512273
 21
1631775.48572018
 31
0.0
  0
LINE
  5
4AC
330
1F
100
AcDbEntity
  8
0
100
AcDbLine
 10
328008.9648323211
 20
1631766.080108338
 30
0.0
 11
327980.9832614871
 21
1631775.40432577
 31
0.0
  0
LINE
  5
4AD
330
1F
100
AcDbEntity
  8
0
100
AcDbLine
 10
327980.9832614871
 20
1631775.40432577
 30
0.0
 11
327980.9832614871
 21
1631775.40432577
 31
0.0
  0
LINE
  5
4AE
330
1F
100
AcDbEntity
  8
0
100
AcDbLine
 10
327980.9832614871
 20
1631775.40432577
 30
0.0
 11
327980.6921729629
 21
1631775.501324352
 31
0.0
  0
LINE
  5
4AF
330
1F
100
AcDbEntity
  8
0
100
AcDbLine
 10
328005.5588134149
 20
1631756.674496495
 30
0.0
 11
327977.8218909889
 21
1631765.91719045
 31
0.0
  0
LINE
  5
4B0
330
1F
100
AcDbEntity
  8
0
100
AcDbLine
 10
327977.8218909889
 20
1631765.91719045
 30
0.0
 11
327977.2535535068
 21
1631766.106575896
 31
0.0
  0
LINE
  5
4B1
330
1F
100
AcDbEntity
  8
0
100
AcDbLine
 10
328002.1527945086
 20
1631747.268884653
 30
0.0
 11
327974.6605204907
 21
1631756.43005513
 31
0.0
  0
LINE
  5
4B2
330
1F
100
AcDbEntity
  8
0
100
AcDbLine
 10
327974.6605204907
 20
1631756.43005513
 30
0.0
 11
327974.6605204888
 21
1631756.430055131
 31
0.0
  0
LINE
  5
4B3
330
1F
100
AcDbEntity
  8
0
100
AcDbLine
 10
327974.6605204888
 20
1631756.430055131
 30
0.0
 11
327973.8149340506
 21
1631756.711827439
 31
0.0
  0
LINE
  5
4B4
330
1F
100
AcDbEntity
  8
0
100
AcDbLine
 10
327998.7467756024
 20
1631737.86327281
 30
0.0
 11
327971.4991499926
 21
1631746.942919811
 31
0.0
  0
LINE
  5
4B5
330
1F
100
AcDbEntity
  8
0
100
AcDbLine
 10
327971.4991499926
 20
1631746.942919811
 30
0.0
 11
327971.4991499926
 21
1631746.942919811
 31
0.0
  0
LINE
  5
4B6
330
1F
100
AcDbEntity
  8
0
100
AcDbLine
 10
327971.4991499926
 20
1631746.942919811
 30
0.0
 11
327971.4991499926
 21
1631746.942919811
 31
0.0
  0
LINE
  5
4B7
330
1F
100
AcDbEntity
  8
0
100
AcDbLine
 10
327971.4991499926
 20
1631746.942919811
 30
0.0
 11
327971.4991499926
 21
1631746.942919811
 31
0.0
  0
LINE
  5
4B8
330
1F
100
AcDbEntity
  8
0
100
AcDbLine
 10
327971.4991499926
 20
1631746.942919811
 30
0.0
 11
327971.4991499926
 21
1631746.942919811
 31
0.0
  0
LINE
  5
4B9
330
1F
100
AcDbEntity
  8
0
100
AcDbLine
 10
327971.4991499926
 20
1631746.942919811
 30
0.0
 11
327970.3763145946
 21
1631747.317078983
 31
0.0
  0
LINE
  5
4BA
330
1F
100
AcDbEntity
  8
0
100
AcDbLine
 10
327995.3407566962
 20
1631728.457660968
 30
0.0
 11
327968.3377794944
 21
1631737.455784491
 31
0.0
  0
LINE
  5
4BB
330
1F
100
AcDbEntity
  8
0
100
AcDbLine
 10
327968.3377794944
 20
1631737.455784491
 30
0.0
 11
327968.3377794944
 21
1631737.455784491
 31
0.0
  0
LINE
  5
4BC
330
1F
100
AcDbEntity
  8
0
100
AcDbLine
 10
327968.3377794944
 20
1631737.455784491
 30
0.0
 11
327968.3377794944
 21
1631737.455784491
 31
0.0
  0
LINE
  5
4BD
330
1F
100
AcDbEntity
  8
0
100
AcDbLine
 10
327968.3377794944
 20
1631737.455784491
 30
0.0
 11
327968.3377794944
 21
1631737.455784491
 31
0.0
  0
LINE
  5
4BE
330
1F
100
AcDbEntity
  8
0
100
AcDbLine
 10
327968.3377794944
 20
1631737.455784491
 30
0.0
 11
327968.3377794944
 21
1631737.455784491
 31
0.0
  0
LINE
  5
4BF
330
1F
100
AcDbEntity
  8
0
100
AcDbLine
 10
327968.3377794944
 20
1631737.455784491
 30
0.0
 11
327968.3377794944
 21
1631737.455784491
 31
0.0
  0
LINE
  5
4C0
330
1F
100
AcDbEntity
  8
0
100
AcDbLine
 10
327968.3377794944
 20
1631737.455784491
 30
0.0
 11
327968.3377794944
 21
1631737.455784491
 31
0.0
  0
LINE
  5
4C1
330
1F
100
AcDbEntity
  8
0
100
AcDbLine
 10
327968.3377794944
 20
1631737.455784491
 30
0.0
 11
327968.3377794944
 21
1631737.455784491
 31
0.0
  0
LINE
  5
4C2
330
1F
100
AcDbEntity
  8
0
100
AcDbLine
 10
327968.3377794944
 20
1631737.455784491
 30
0.0
 11
327968.3377794944
 21
1631737.455784491
 31
0.0
  0
LINE
  5
4C3
330
1F
100
AcDbEntity
  8
0
100
AcDbLine
 10
327968.3377794944
 20
1631737.455784491
 30
0.0
 11
327966.9376951384
 21
1631737.922330527
 31
0.0
  0
LINE
  5
4C4
330
1F
100
AcDbEntity
  8
0
100
AcDbLine
 10
327976.3078517877
 20
1631787.505469317
 30
0.0
 11
327948.082558716
 21
1631796.920198262
 31
0.0
  0
LINE
  5
4C5
330
1F
100
AcDbEntity
  8
0
100
AcDbLine
 10
327948.082558716
 20
1631796.920198262
 30
0.0
 11
327948.082558716
 21
1631796.920198262
 31
0.0
  0
LINE
  5
4C6
330
1F
100
AcDbEntity
  8
0
100
AcDbLine
 10
327948.082558716
 20
1631796.920198262
 30
0.0
 11
327948.082558716
 21
1631796.920198262
 31
0.0
  0
LINE
  5
4C7
330
1F
100
AcDbEntity
  8
0
100
AcDbLine
 10
327948.082558716
 20
1631796.920198262
 30
0.0
 11
327948.082558716
 21
1631796.920198262
 31
0.0
  0
LINE
  5
4C8
330
1F
100
AcDbEntity
  8
0
100
AcDbLine
 10
327948.082558716
 20
1631796.920198262
 30
0.0
 11
327947.8407482856
 21
1631797.000855694
 31
0.0
  0
LINE
  5
4C9
330
1F
100
AcDbEntity
  8
0
100
AcDbLine
 10
327972.902593037
 20
1631778.099684037
 30
0.0
 11
327944.9183761262
 21
1631787.434000471
 31
0.0
  0
LINE
  5
4CA
330
1F
100
AcDbEntity
  8
0
100
AcDbLine
 10
327944.9183761262
 20
1631787.434000471
 30
0.0
 11
327944.4347552652
 21
1631787.595315335
 31
0.0
  0
LINE
  5
4CB
330
1F
100
AcDbEntity
  8
0
100
AcDbLine
 10
327969.4966000167
 20
1631768.694143677
 30
0.0
 11
327941.7541935363
 21
1631777.947802679
 31
0.0
  0
LINE
  5
4CC
330
1F
100
AcDbEntity
  8
0
100
AcDbLine
 10
327941.7541935363
 20
1631777.947802679
 30
0.0
 11
327941.7541935363
 21
1631777.947802679
 31
0.0
  0
LINE
  5
4CD
330
1F
100
AcDbEntity
  8
0
100
AcDbLine
 10
327941.7541935363
 20
1631777.947802679
 30
0.0
 11
327941.0287622449
 21
1631778.189774975
 31
0.0
  0
LINE
  5
4CE
330
1F
100
AcDbEntity
  8
0
100
AcDbLine
 10
327966.0906069964
 20
1631759.288603318
 30
0.0
 11
327938.5900109465
 21
1631768.461604888
 31
0.0
  0
LINE
  5
4CF
330
1F
100
AcDbEntity
  8
0
100
AcDbLine
 10
327938.5900109465
 20
1631768.461604888
 30
0.0
 11
327938.5900109465
 21
1631768.461604888
 31
0.0
  0
LINE
  5
4D0
330
1F
100
AcDbEntity
  8
0
100
AcDbLine
 10
327938.5900109465
 20
1631768.461604888
 30
0.0
 11
327937.6227692246
 21
1631768.784234616
 31
0.0
  0
LINE
  5
4D1
330
1F
100
AcDbEntity
  8
0
100
AcDbLine
 10
327962.6846139761
 20
1631749.883062958
 30
0.0
 11
327935.4258283566
 21
1631758.975407096
 31
0.0
  0
LINE
  5
4D2
330
1F
100
AcDbEntity
  8
0
100
AcDbLine
 10
327935.4258283566
 20
1631758.975407096
 30
0.0
 11
327935.4258283566
 21
1631758.975407096
 31
0.0
  0
LINE
  5
4D3
330
1F
100
AcDbEntity
  8
0
100
AcDbLine
 10
327935.4258283566
 20
1631758.975407096
 30
0.0
 11
327935.4258283566
 21
1631758.975407096
 31
0.0
  0
LINE
  5
4D4
330
1F
100
AcDbEntity
  8
0
100
AcDbLine
 10
327935.4258283566
 20
1631758.975407096
 30
0.0
 11
327935.4258283566
 21
1631758.975407096
 31
0.0
  0
LINE
  5
4D5
330
1F
100
AcDbEntity
  8
0
100
AcDbLine
 10
327935.4258283566
 20
1631758.975407096
 30
0.0
 11
327934.2167762043
 21
1631759.378694256
 31
0.0
  0
LINE
  5
4D6
330
1F
100
AcDbEntity
  8
0
100
AcDbLine
 10
327959.2786209557
 20
1631740.477522599
 30
0.0
 11
327932.2616457668
 21
1631749.489209304
 31
0.0
  0
LINE
  5
4D7
330
1F
100
AcDbEntity
  8
0
100
AcDbLine
 10
327932.2616457668
 20
1631749.489209304
 30
0.0
 11
327930.8107831839
 21
1631749.973153897
 31
0.0
  0
LINE
  5
4DD
330
1F
100
AcDbEntity
  8
0
100
AcDbLine
 10
327938.3514690283
 20
1631800.166066127
 30
0.0
 11
327910.1254416869
 21
1631809.581039993
 31
0.0
  0
LINE
  5
4DE
330
1F
100
AcDbEntity
  8
0
100
AcDbLine
 10
327910.1254416869
 20
1631809.581039993
 30
0.0
 11
327910.1254416869
 21
1631809.581039993
 31
0.0
  0
LINE
  5
4DF
330
1F
100
AcDbEntity
  8
0
100
AcDbLine
 10
327910.1254416869
 20
1631809.581039993
 30
0.0
 11
327910.1254416869
 21
1631809.581039993
 31
0.0
  0
LINE
  5
4E0
330
1F
100
AcDbEntity
  8
0
100
AcDbLine
 10
327910.1254416869
 20
1631809.581039993
 30
0.0
 11
327910.1254416869
 21
1631809.581039993
 31
0.0
  0
LINE
  5
4E1
330
1F
100
AcDbEntity
  8
0
100
AcDbLine
 10
327910.1254416869
 20
1631809.581039993
 30
0.0
 11
327910.1254416869
 21
1631809.581039993
 31
0.0
  0
LINE
  5
4E2
330
1F
100
AcDbEntity
  8
0
100
AcDbLine
 10
327910.1254416869
 20
1631809.581039993
 30
0.0
 11
327909.8836312564
 21
1631809.661697425
 31
0.0
  0
LINE
  5
4E3
330
1F
100
AcDbEntity
  8
0
100
AcDbLine
 10
327934.945476008
 20
1631790.760525767
 30
0.0
 11
327906.961259097
 21
1631800.094842201
 31
0.0
  0
LINE
  5
4E4
330
1F
100
AcDbEntity
  8
0
100
AcDbLine
 10
327906.961259097
 20
1631800.094842201
 30
0.0
 11
327906.4776382361
 21
1631800.256157065
 31
0.0
  0
LINE
  5
4E5
330
1F
100
AcDbEntity
  8
0
100
AcDbLine
 10
327931.5394829876
 20
1631781.354985408
 30
0.0
 11
327903.7970765071
 21
1631790.60864441
 31
0.0
  0
LINE
  5
4E6
330
1F
100
AcDbEntity
  8
0
100
AcDbLine
 10
327903.7970765071
 20
1631790.60864441
 30
0.0
 11
327903.7970765071
 21
1631790.60864441
 31
0.0
  0
LINE
  5
4E7
330
1F
100
AcDbEntity
  8
0
100
AcDbLine
 10
327903.7970765071
 20
1631790.60864441
 30
0.0
 11
327903.7970765071
 21
1631790.60864441
 31
0.0
  0
LINE
  5
4E8
330
1F
100
AcDbEntity
  8
0
100
AcDbLine
 10
327903.7970765071
 20
1631790.60864441
 30
0.0
 11
327903.0716452158
 21
1631790.850616706
 31
0.0
  0
LINE
  5
4E9
330
1F
100
AcDbEntity
  8
0
100
AcDbLine
 10
327898.8862148303
 20
1631802.788325411
 30
0.0
 11
327870.9019979194
 21
1631812.122641845
 31
0.0
  0
LINE
  5
4EA
330
1F
100
AcDbEntity
  8
0
100
AcDbLine
 10
327870.9019979194
 20
1631812.122641845
 30
0.0
 11
327870.9019979194
 21
1631812.122641845
 31
0.0
  0
LINE
  5
4EB
330
1F
100
AcDbEntity
  8
0
100
AcDbLine
 10
327870.9019979194
 20
1631812.122641845
 30
0.0
 11
327870.9019979194
 21
1631812.122641845
 31
0.0
  0
LINE
  5
4EC
330
1F
100
AcDbEntity
  8
0
100
AcDbLine
 10
327870.9019979194
 20
1631812.122641845
 30
0.0
 11
327870.9019979194
 21
1631812.122641845
 31
0.0
  0
LINE
  5
4ED
330
1F
100
AcDbEntity
  8
0
100
AcDbLine
 10
327870.9019979194
 20
1631812.122641845
 30
0.0
 11
327870.4183770584
 21
1631812.283956709
 31
0.0
  0
LINE
  5
4EE
330
1F
100
AcDbEntity
  8
0
100
AcDbLine
 10
327895.48022181
 20
1631793.382785052
 30
0.0
 11
327867.7378153295
 21
1631802.636444054
 31
0.0
  0
LINE
  5
4EF
330
1F
100
AcDbEntity
  8
0
100
AcDbLine
 10
327867.7378153295
 20
1631802.636444054
 30
0.0
 11
327867.7378153295
 21
1631802.636444054
 31
0.0
  0
LINE
  5
4F0
330
1F
100
AcDbEntity
  8
0
100
AcDbLine
 10
327867.7378153295
 20
1631802.636444054
 30
0.0
 11
327867.0123840382
 21
1631802.87841635
 31
0.0
  0
LINE
  5
4F1
330
1F
100
AcDbEntity
  8
0
100
AcDbLine
 10
327892.0742287896
 20
1631783.977244693
 30
0.0
 11
327864.5736327397
 21
1631793.150246262
 31
0.0
  0
LINE
  5
4F2
330
1F
100
AcDbEntity
  8
0
100
AcDbLine
 10
327864.5736327397
 20
1631793.150246262
 30
0.0
 11
327864.5736327397
 21
1631793.150246262
 31
0.0
  0
LINE
  5
4F3
330
1F
100
AcDbEntity
  8
0
100
AcDbLine
 10
327864.5736327397
 20
1631793.150246262
 30
0.0
 11
327863.6063910178
 21
1631793.472875991
 31
0.0
  0
LINE
  5
4F9
330
1F
100
AcDbEntity
  8
0
100
AcDbLine
 10
327888.6682357693
 20
1631774.571704333
 30
0.0
 11
327861.4094501498
 21
1631783.664048471
 31
0.0
  0
LINE
  5
4FA
330
1F
100
AcDbEntity
  8
0
100
AcDbLine
 10
327861.4094501498
 20
1631783.664048471
 30
0.0
 11
327861.4094501497
 21
1631783.664048471
 31
0.0
  0
LINE
  5
4FB
330
1F
100
AcDbEntity
  8
0
100
AcDbLine
 10
327861.4094501497
 20
1631783.664048471
 30
0.0
 11
327861.4094501463
 21
1631783.664048472
 31
0.0
  0
LINE
  5
4FC
330
1F
100
AcDbEntity
  8
0
100
AcDbLine
 10
327861.4094501463
 20
1631783.664048472
 30
0.0
 11
327861.4094501463
 21
1631783.664048472
 31
0.0
  0
LINE
  5
4FD
330
1F
100
AcDbEntity
  8
0
100
AcDbLine
 10
327861.4094501463
 20
1631783.664048472
 30
0.0
 11
327860.2003979975
 21
1631784.067335631
 31
0.0
  0
LINE
  5
4FE
330
1F
100
AcDbEntity
  8
0
100
AcDbLine
 10
327885.262242749
 20
1631765.166163974
 30
0.0
 11
327858.24526756
 21
1631774.177850679
 31
0.0
  0
LINE
  5
4FF
330
1F
100
AcDbEntity
  8
0
100
AcDbLine
 10
327858.24526756
 20
1631774.177850679
 30
0.0
 11
327856.7944049771
 21
1631774.661795272
 31
0.0
  0
LINE
  5
500
330
1F
100
AcDbEntity
  8
0
100
AcDbLine
 10
327928.1334899673
 20
1631771.949445048
 30
0.0
 11
327900.6328939173
 21
1631781.122446618
 31
0.0
  0
LINE
  5
501
330
1F
100
AcDbEntity
  8
0
100
AcDbLine
 10
327900.6328939173
 20
1631781.122446618
 30
0.0
 11
327900.6328939173
 21
1631781.122446618
 31
0.0
  0
LINE
  5
502
330
1F
100
AcDbEntity
  8
0
100
AcDbLine
 10
327900.6328939173
 20
1631781.122446618
 30
0.0
 11
327899.6656521955
 21
1631781.445076347
 31
0.0
  0
LINE
  5
503
330
1F
100
AcDbEntity
  8
0
100
AcDbLine
 10
327924.727496947
 20
1631762.543904689
 30
0.0
 11
327897.4687113274
 21
1631771.636248827
 31
0.0
  0
LINE
  5
504
330
1F
100
AcDbEntity
  8
0
100
AcDbLine
 10
327897.4687113274
 20
1631771.636248827
 30
0.0
 11
327896.2596591751
 21
1631772.039535987
 31
0.0
  0
LINE
  5
505
330
1F
100
AcDbEntity
  8
0
100
AcDbLine
 10
327921.3215039267
 20
1631753.13836433
 30
0.0
 11
327894.3045287376
 21
1631762.150051035
 31
0.0
  0
LINE
  5
506
330
1F
100
AcDbEntity
  8
0
100
AcDbLine
 10
327894.3045287376
 20
1631762.150051035
 30
0.0
 11
327894.3045287376
 21
1631762.150051035
 31
0.0
  0
LINE
  5
507
330
1F
100
AcDbEntity
  8
0
100
AcDbLine
 10
327894.3045287376
 20
1631762.150051035
 30
0.0
 11
327894.3045287376
 21
1631762.150051035
 31
0.0
  0
LINE
  5
508
330
1F
100
AcDbEntity
  8
0
100
AcDbLine
 10
327894.3045287376
 20
1631762.150051035
 30
0.0
 11
327894.3045287376
 21
1631762.150051035
 31
0.0
  0
LINE
  5
509
330
1F
100
AcDbEntity
  8
0
100
AcDbLine
 10
327894.3045287376
 20
1631762.150051035
 30
0.0
 11
327892.8536661548
 21
1631762.633995628
 31
0.0
  0
LINE
  5
50A
330
1F
100
AcDbEntity
  8
0
100
AcDbLine
 10
327866.232946673
 20
1631824.221665415
 30
0.0
 11
327838.0069193316
 21
1631833.636639281
 31
0.0
  0
LINE
  5
50B
330
1F
100
AcDbEntity
  8
0
100
AcDbLine
 10
327838.0069193316
 20
1631833.636639281
 30
0.0
 11
327838.0069193316
 21
1631833.636639281
 31
0.0
  0
LINE
  5
50C
330
1F
100
AcDbEntity
  8
0
100
AcDbLine
 10
327838.0069193316
 20
1631833.636639281
 30
0.0
 11
327837.7651089011
 21
1631833.717296713
 31
0.0
  0
LINE
  5
50D
330
1F
100
AcDbEntity
  8
0
100
AcDbLine
 10
327862.8269536526
 20
1631814.816125055
 30
0.0
 11
327834.8427367417
 21
1631824.150441489
 31
0.0
  0
LINE
  5
50E
330
1F
100
AcDbEntity
  8
0
100
AcDbLine
 10
327834.8427367417
 20
1631824.150441489
 30
0.0
 11
327834.8427367417
 21
1631824.150441489
 31
0.0
  0
LINE
  5
50F
330
1F
100
AcDbEntity
  8
0
100
AcDbLine
 10
327834.8427367417
 20
1631824.150441489
 30
0.0
 11
327834.3591158808
 21
1631824.311756353
 31
0.0
  0
LINE
  5
510
330
1F
100
AcDbEntity
  8
0
100
AcDbLine
 10
327859.4209606323
 20
1631805.410584696
 30
0.0
 11
327831.6785541519
 21
1631814.664243698
 31
0.0
  0
LINE
  5
512
330
1F
100
AcDbEntity
  8
0
100
AcDbLine
 10
327831.6056466455
 20
1631814.661028363
 30
0.0
 11
327831.6056466455
 21
1631814.661028363
 31
0.0
  0
LINE
  5
513
330
1F
100
AcDbEntity
  8
0
100
AcDbLine
 10
327831.6785541519
 20
1631814.664243698
 30
0.0
 11
327831.6785541519
 21
1631814.664243698
 31
0.0
  0
LINE
  5
514
330
1F
100
AcDbEntity
  8
0
100
AcDbLine
 10
327831.6785541519
 20
1631814.664243698
 30
0.0
 11
327830.9531228604
 21
1631814.906215994
 31
0.0
  0
LINE
  5
515
330
1F
100
AcDbEntity
  8
0
100
AcDbLine
 10
327856.014967612
 20
1631796.005044337
 30
0.0
 11
327828.514371562
 21
1631805.178045906
 31
0.0
  0
LINE
  5
516
330
1F
100
AcDbEntity
  8
0
100
AcDbLine
 10
327828.514371562
 20
1631805.178045906
 30
0.0
 11
327828.514371562
 21
1631805.178045906
 31
0.0
  0
LINE
  5
517
330
1F
100
AcDbEntity
  8
0
100
AcDbLine
 10
327828.514371562
 20
1631805.178045906
 30
0.0
 11
327827.5471298401
 21
1631805.500675635
 31
0.0
  0
LINE
  5
518
330
1F
100
AcDbEntity
  8
0
100
AcDbLine
 10
327852.6089745917
 20
1631786.599503977
 30
0.0
 11
327825.3501889722
 21
1631795.691848115
 31
0.0
  0
LINE
  5
519
330
1F
100
AcDbEntity
  8
0
100
AcDbLine
 10
327825.3501889722
 20
1631795.691848115
 30
0.0
 11
327825.3501889722
 21
1631795.691848115
 31
0.0
  0
LINE
  5
51A
330
1F
100
AcDbEntity
  8
0
100
AcDbLine
 10
327825.3501889722
 20
1631795.691848115
 30
0.0
 11
327825.3501889722
 21
1631795.691848115
 31
0.0
  0
LINE
  5
51B
330
1F
100
AcDbEntity
  8
0
100
AcDbLine
 10
327825.3501889722
 20
1631795.691848115
 30
0.0
 11
327824.1411368198
 21
1631796.095135275
 31
0.0
  0
LINE
  5
51C
330
1F
100
AcDbEntity
  8
0
100
AcDbLine
 10
327849.2029815713
 20
1631777.193963618
 30
0.0
 11
327822.1860063823
 21
1631786.205650323
 31
0.0
  0
LINE
  5
51D
330
1F
100
AcDbEntity
  8
0
100
AcDbLine
 10
327822.1860063823
 20
1631786.205650323
 30
0.0
 11
327822.1860063823
 21
1631786.205650323
 31
0.0
  0
LINE
  5
51E
330
1F
100
AcDbEntity
  8
0
100
AcDbLine
 10
327822.1860063823
 20
1631786.205650323
 30
0.0
 11
327822.1860063823
 21
1631786.205650323
 31
0.0
  0
LINE
  5
51F
330
1F
100
AcDbEntity
  8
0
100
AcDbLine
 10
327822.1860063823
 20
1631786.205650323
 30
0.0
 11
327820.7351437995
 21
1631786.689594916
 31
0.0
  0
LINE
  5
522
330
1F
100
AcDbEntity
  8
0
100
AcDbLine
 10
327819.9557064343
 20
1631808.032843981
 30
0.0
 11
327819.9557064343
 21
1631808.032843981
 31
0.0
  0
LINE
  5
524
330
1F
100
AcDbEntity
  8
0
100
AcDbLine
 10
327819.9557064342
 20
1631808.032843981
 30
0.0
 11
327819.9557064343
 21
1631808.03284398
 31
0.0
  0
LINE
  5
525
330
1F
100
AcDbEntity
  8
0
100
AcDbLine
 10
327819.9557064343
 20
1631808.03284398
 30
0.0
 11
327819.9557064341
 21
1631808.03284398
 31
0.0
  0
LINE
  5
531
330
1F
100
AcDbEntity
  8
0
100
AcDbLine
 10
327810.7609767793
 20
1631782.641893281
 30
0.0
 11
327815.868307261
 21
1631796.74562241
 31
0.0
  0
LINE
  5
535
330
1F
100
AcDbEntity
  8
0
100
AcDbLine
 10
327806.3823424006
 20
1631799.914514788
 30
0.0
 11
327815.868307261
 21
1631796.74562241
 31
0.0
  0
LINE
  5
536
330
1F
100
AcDbEntity
  8
0
100
AcDbLine
 10
327806.3823424006
 20
1631799.914514788
 30
0.0
 11
327796.8928429878
 21
1631803.084587923
 31
0.0
  0
LINE
  5
537
330
1F
100
AcDbEntity
  8
0
100
AcDbLine
 10
327796.8928429878
 20
1631803.084587923
 30
0.0
 11
327796.8928429878
 21
1631803.084587923
 31
0.0
  0
LINE
  5
538
330
1F
100
AcDbEntity
  8
0
100
AcDbLine
 10
327796.8928429878
 20
1631803.084587923
 30
0.0
 11
327786.4975635257
 21
1631806.557246987
 31
0.0
  0
LINE
  5
539
330
1F
100
AcDbEntity
  8
0
100
AcDbLine
 10
327796.8928429878
 20
1631803.084587923
 30
0.0
 11
327791.9560046071
 21
1631789.451667256
 31
0.0
  0
LINE
  5
53A
330
1F
100
AcDbEntity
  8
0
100
AcDbLine
 10
327791.9560046071
 20
1631789.451667256
 30
0.0
 11
327790.9347400877
 21
1631786.631478079
 31
0.0
  0
LINE
  5
542
330
1F
100
AcDbEntity
  8
0
100
AcDbLine
 10
327799.2762638792
 20
1631809.666328183
 30
0.0
 11
327818.2517281525
 21
1631803.32736267
 31
0.0
  0
LINE
  5
543
330
1F
100
AcDbEntity
  8
0
100
AcDbLine
 10
327806.3823424006
 20
1631799.914514788
 30
0.0
 11
327800.8839632437
 21
1631784.736387954
 31
0.0
  0
LINE
  5
544
330
1F
100
AcDbEntity
  8
0
100
AcDbLine
 10
327808.766529612
 20
1631806.495999051
 30
0.0
 11
327813.8738600936
 21
1631820.59972818
 31
0.0
  0
LINE
  5
548
330
1F
100
AcDbEntity
  8
0
100
AcDbLine
 10
327813.8738600936
 20
1631820.59972818
 30
0.0
 11
327813.8738600936
 21
1631820.59972818
 31
0.0
  0
LINE
  5
549
330
1F
100
AcDbEntity
  8
0
100
AcDbLine
 10
327813.8738600936
 20
1631820.59972818
 30
0.0
 11
327813.8711046865
 21
1631820.599962032
 31
0.0
  0
LINE
  5
54A
330
1F
100
AcDbEntity
  8
0
100
AcDbLine
 10
327813.8711046865
 20
1631820.599962032
 30
0.0
 11
327813.8738600936
 21
1631820.59972818
 31
0.0
  0
LINE
  5
54B
330
1F
100
AcDbEntity
  8
0
100
AcDbLine
 10
327813.8738600936
 20
1631820.59972818
 30
0.0
 11
327813.8738600936
 21
1631820.59972818
 31
0.0
  0
LINE
  5
54C
330
1F
100
AcDbEntity
  8
0
100
AcDbLine
 10
327813.8738600936
 20
1631820.59972818
 30
0.0
 11
327813.8713264976
 21
1631820.600574556
 31
0.0
  0
LINE
  5
54D
330
1F
100
AcDbEntity
  8
0
100
AcDbLine
 10
327813.8713264976
 20
1631820.600574556
 30
0.0
 11
327813.8711046865
 21
1631820.599962032
 31
0.0
  0
LINE
  5
54E
330
1F
100
AcDbEntity
  8
0
100
AcDbLine
 10
327813.8711046865
 20
1631820.599962032
 30
0.0
 11
327813.8736155185
 21
1631820.599052793
 31
0.0
  0
LINE
  5
54F
330
1F
100
AcDbEntity
  8
0
100
AcDbLine
 10
327813.8736155185
 20
1631820.599052793
 30
0.0
 11
327813.871104686
 21
1631820.599962032
 31
0.0
  0
LINE
  5
550
330
1F
100
AcDbEntity
  8
0
100
AcDbLine
 10
327813.871104686
 20
1631820.599962032
 30
0.0
 11
327813.871104686
 21
1631820.599962032
 31
0.0
  0
LINE
  5
551
330
1F
100
AcDbEntity
  8
0
100
AcDbLine
 10
327813.871104686
 20
1631820.599962032
 30
0.0
 11
327813.871104686
 21
1631820.599962032
 31
0.0
  0
LINE
  5
553
330
1F
100
AcDbEntity
  8
0
100
AcDbLine
 10
327809.5610548912
 20
1631822.160744629
 30
0.0
 11
327823.3590586343
 21
1631817.4310918
 31
0.0
  0
LINE
  5
554
330
1F
100
AcDbEntity
  8
0
100
AcDbLine
 10
327799.2762638792
 20
1631809.666328183
 30
0.0
 11
327794.0174884658
 21
1631811.423080772
 31
0.0
  0
LINE
  5
555
330
1F
100
AcDbEntity
  8
0
100
AcDbLine
 10
327796.8928429878
 20
1631803.084587923
 30
0.0
 11
327790.9347400878
 21
1631786.631478079
 31
0.0
  0
LINE
  5
556
330
1F
100
AcDbEntity
  8
0
100
AcDbLine
 10
327818.2517281525
 20
1631803.32736267
 30
0.0
 11
327828.5241727277
 21
1631831.694388517
 31
0.0
  0
LINE
  5
557
330
1F
100
AcDbEntity
  8
0
 62
     1
100
AcDbLine
 10
328026.0
 20
1631713.0
 30
0.0
 11
327972.0
 21
1631740.0
 31
0.0
  0
LINE
  5
558
330
1F
100
AcDbEntity
  8
0
100
AcDbLine
 10
327972.0
 20
1631740.0
 30
0.0
 11
327972.0
 21
1631740.0
 31
0.0
  0
LINE
  5
559
330
1F
100
AcDbEntity
  8
0
 62
     1
100
AcDbLine
 10
327972.0
 20
1631740.0
 30
0.0
 11
327918.3343685392
 21
1631766.832815729
 31
0.0
  0
LINE
  5
55A
330
1F
100
AcDbEntity
  8
0
100
AcDbLine
 10
327918.3343685392
 20
1631766.832815729
 30
0.0
 11
327918.3343685392
 21
1631766.832815729
 31
0.0
  0
LINE
  5
55B
330
1F
100
AcDbEntity
  8
0
100
AcDbLine
 10
327918.3343685392
 20
1631766.832815729
 30
0.0
 11
327918.3343685392
 21
1631766.832815729
 31
0.0
  0
LINE
  5
55C
330
1F
100
AcDbEntity
  8
0
 62
     1
100
AcDbLine
 10
327918.3343685392
 20
1631766.832815729
 30
0.0
 11
327828.8916494372
 21
1631811.554175275
 31
0.0
  0
LINE
  5
55D
330
1F
100
AcDbEntity
  8
0
100
AcDbLine
 10
327828.8916494372
 20
1631811.554175275
 30
0.0
 11
327828.8916494372
 21
1631811.554175275
 31
0.0
  0
LINE
  5
55E
330
1F
100
AcDbEntity
  8
0
 62
     1
100
AcDbLine
 10
327828.8916494372
 20
1631811.554175275
 30
0.0
 11
327793.1145617967
 21
1631829.442719094
 31
0.0
  0
LINE
  5
569
330
1F
100
AcDbEntity
  8
0
100
AcDbLine
 10
327958.0587273466
 20
1631825.217476773
 30
0.0
 11
327986.0429442574
 21
1631815.883160339
 31
0.0
  0
LINE
  5
56A
330
1F
100
AcDbEntity
  8
0
100
AcDbLine
 10
327986.0429442574
 20
1631815.883160339
 30
0.0
 11
327986.0429442574
 21
1631815.883160339
 31
0.0
  0
LINE
  5
56B
330
1F
100
AcDbEntity
  8
0
100
AcDbLine
 10
327986.0429442574
 20
1631815.883160339
 30
0.0
 11
327986.0429442574
 21
1631815.883160339
 31
0.0
  0
LINE
  5
56C
330
1F
100
AcDbEntity
  8
0
100
AcDbLine
 10
327986.0429442574
 20
1631815.883160339
 30
0.0
 11
327986.5265651184
 21
1631815.721845474
 31
0.0
  0
LINE
  5
56D
330
1F
100
AcDbEntity
  8
0
100
AcDbLine
 10
327961.4647203669
 20
1631834.623017132
 30
0.0
 11
327989.2071268473
 21
1631825.36935813
 31
0.0
  0
LINE
  5
56E
330
1F
100
AcDbEntity
  8
0
100
AcDbLine
 10
327989.2071268473
 20
1631825.36935813
 30
0.0
 11
327989.2071268473
 21
1631825.36935813
 31
0.0
  0
LINE
  5
56F
330
1F
100
AcDbEntity
  8
0
100
AcDbLine
 10
327989.2071268473
 20
1631825.36935813
 30
0.0
 11
327989.2071268473
 21
1631825.36935813
 31
0.0
  0
LINE
  5
570
330
1F
100
AcDbEntity
  8
0
100
AcDbLine
 10
327989.2071268473
 20
1631825.36935813
 30
0.0
 11
327989.9325581387
 21
1631825.127385834
 31
0.0
  0
LINE
  5
571
330
1F
100
AcDbEntity
  8
0
100
AcDbLine
 10
327964.8707133872
 20
1631844.028557491
 30
0.0
 11
327992.3713094371
 21
1631834.855555922
 31
0.0
  0
LINE
  5
572
330
1F
100
AcDbEntity
  8
0
100
AcDbLine
 10
327992.3713094371
 20
1631834.855555922
 30
0.0
 11
327993.338551159
 21
1631834.532926193
 31
0.0
  0
LINE
  5
573
330
1F
100
AcDbEntity
  8
0
100
AcDbLine
 10
327968.2767064075
 20
1631853.434097851
 30
0.0
 11
327995.535492027
 21
1631844.341753713
 31
0.0
  0
LINE
  5
574
330
1F
100
AcDbEntity
  8
0
100
AcDbLine
 10
327995.535492027
 20
1631844.341753713
 30
0.0
 11
327995.535492027
 21
1631844.341753713
 31
0.0
  0
LINE
  5
575
330
1F
100
AcDbEntity
  8
0
100
AcDbLine
 10
327995.535492027
 20
1631844.341753713
 30
0.0
 11
327996.7445441793
 21
1631843.938466553
 31
0.0
  0
LINE
  5
576
330
1F
100
AcDbEntity
  8
0
100
AcDbLine
 10
327971.6826994278
 20
1631862.83963821
 30
0.0
 11
327998.6996746168
 21
1631853.827951505
 31
0.0
  0
LINE
  5
577
330
1F
100
AcDbEntity
  8
0
100
AcDbLine
 10
327998.6996746168
 20
1631853.827951505
 30
0.0
 11
327998.6996746168
 21
1631853.827951505
 31
0.0
  0
LINE
  5
578
330
1F
100
AcDbEntity
  8
0
100
AcDbLine
 10
327998.6996746168
 20
1631853.827951505
 30
0.0
 11
328000.1505371997
 21
1631853.344006912
 31
0.0
  0
LINE
  5
579
330
1F
100
AcDbEntity
  8
0
100
AcDbLine
 10
327975.0886924482
 20
1631872.24517857
 30
0.0
 11
328001.8638572067
 21
1631863.314149296
 31
0.0
  0
LINE
  5
57A
330
1F
100
AcDbEntity
  8
0
100
AcDbLine
 10
328001.8638572067
 20
1631863.314149296
 30
0.0
 11
328001.8638572067
 21
1631863.314149296
 31
0.0
  0
LINE
  5
57B
330
1F
100
AcDbEntity
  8
0
100
AcDbLine
 10
328001.8638572067
 20
1631863.314149296
 30
0.0
 11
328003.55653022
 21
1631862.749547272
 31
0.0
  0
LINE
  5
57D
330
1F
100
AcDbEntity
  8
0
100
AcDbLine
 10
328005.0280397965
 20
1631872.800347088
 30
0.0
 11
328006.9625232403
 21
1631872.155087631
 31
0.0
  0
LINE
  5
57E
330
1F
100
AcDbEntity
  8
0
100
AcDbLine
 10
327994.118040296
 20
1631813.189820095
 30
0.0
 11
328022.09961113
 21
1631803.865602662
 31
0.0
  0
LINE
  5
57F
330
1F
100
AcDbEntity
  8
0
100
AcDbLine
 10
328022.09961113
 20
1631803.865602662
 30
0.0
 11
328022.09961113
 21
1631803.865602662
 31
0.0
  0
LINE
  5
580
330
1F
100
AcDbEntity
  8
0
100
AcDbLine
 10
328022.09961113
 20
1631803.865602662
 30
0.0
 11
328022.09961113
 21
1631803.865602662
 31
0.0
  0
LINE
  5
581
330
1F
100
AcDbEntity
  8
0
100
AcDbLine
 10
328022.09961113
 20
1631803.865602662
 30
0.0
 11
328022.5889079461
 21
1631803.702555708
 31
0.0
  0
LINE
  5
582
330
1F
100
AcDbEntity
  8
0
100
AcDbLine
 10
327997.5240592023
 20
1631822.595431937
 30
0.0
 11
328025.2609816282
 21
1631813.352737982
 31
0.0
  0
LINE
  5
583
330
1F
100
AcDbEntity
  8
0
100
AcDbLine
 10
328025.2609816282
 20
1631813.352737982
 30
0.0
 11
328025.2609816282
 21
1631813.352737982
 31
0.0
  0
LINE
  5
584
330
1F
100
AcDbEntity
  8
0
100
AcDbLine
 10
328025.2609816282
 20
1631813.352737982
 30
0.0
 11
328025.9949268523
 21
1631813.108167551
 31
0.0
  0
LINE
  5
585
330
1F
100
AcDbEntity
  8
0
100
AcDbLine
 10
328000.9300781085
 20
1631832.00104378
 30
0.0
 11
328028.4223521264
 21
1631822.839873302
 31
0.0
  0
LINE
  5
586
330
1F
100
AcDbEntity
  8
0
100
AcDbLine
 10
328028.4223521264
 20
1631822.839873302
 30
0.0
 11
328028.4223521264
 21
1631822.839873302
 31
0.0
  0
LINE
  5
587
330
1F
100
AcDbEntity
  8
0
100
AcDbLine
 10
328028.4223521264
 20
1631822.839873302
 30
0.0
 11
328029.4009457586
 21
1631822.513779393
 31
0.0
  0
LINE
  5
588
330
1F
100
AcDbEntity
  8
0
100
AcDbLine
 10
328000.9300781085
 20
1631832.00104378
 30
0.0
 11
328029.4009457586
 21
1631822.513779393
 31
0.0
  0
LINE
  5
589
330
1F
100
AcDbEntity
  8
0
100
AcDbLine
 10
328004.3360970147
 20
1631841.406655622
 30
0.0
 11
328031.5837226245
 21
1631832.327008622
 31
0.0
  0
LINE
  5
58A
330
1F
100
AcDbEntity
  8
0
100
AcDbLine
 10
328031.5837226245
 20
1631832.327008622
 30
0.0
 11
328031.5837226245
 21
1631832.327008622
 31
0.0
  0
LINE
  5
58B
330
1F
100
AcDbEntity
  8
0
100
AcDbLine
 10
328031.5837226245
 20
1631832.327008622
 30
0.0
 11
328031.5837226245
 21
1631832.327008622
 31
0.0
  0
LINE
  5
58C
330
1F
100
AcDbEntity
  8
0
100
AcDbLine
 10
328031.5837226245
 20
1631832.327008622
 30
0.0
 11
328032.8069646648
 21
1631831.919391236
 31
0.0
  0
LINE
  5
58D
330
1F
100
AcDbEntity
  8
0
100
AcDbLine
 10
328007.742115921
 20
1631850.812267465
 30
0.0
 11
328034.7450931227
 21
1631841.814143941
 31
0.0
  0
LINE
  5
58F
330
1F
100
AcDbEntity
  8
0
100
AcDbLine
 10
328007.742115921
 20
1631850.812267465
 30
0.0
 11
328034.7450931227
 21
1631841.814143941
 31
0.0
  0
LINE
  5
590
330
1F
100
AcDbEntity
  8
0
100
AcDbLine
 10
328034.7450931227
 20
1631841.814143941
 30
0.0
 11
328034.7450931227
 21
1631841.814143941
 31
0.0
  0
LINE
  5
591
330
1F
100
AcDbEntity
  8
0
100
AcDbLine
 10
328034.7450931227
 20
1631841.814143941
 30
0.0
 11
328034.7450931227
 21
1631841.814143941
 31
0.0
  0
LINE
  5
592
330
1F
100
AcDbEntity
  8
0
100
AcDbLine
 10
328034.7450931227
 20
1631841.814143941
 30
0.0
 11
328034.7450931227
 21
1631841.814143941
 31
0.0
  0
LINE
  5
593
330
1F
100
AcDbEntity
  8
0
100
AcDbLine
 10
328034.7450931227
 20
1631841.814143941
 30
0.0
 11
328036.2129835711
 21
1631841.325003078
 31
0.0
  0
LINE
  5
594
330
1F
100
AcDbEntity
  8
0
100
AcDbLine
 10
328011.1481348272
 20
1631860.217879307
 30
0.0
 11
328037.9064636209
 21
1631851.301279261
 31
0.0
  0
LINE
  5
595
330
1F
100
AcDbEntity
  8
0
100
AcDbLine
 10
328037.9064636209
 20
1631851.301279261
 30
0.0
 11
328039.6190024773
 21
1631850.730614921
 31
0.0
  0
LINE
  5
596
330
1F
100
AcDbEntity
  8
0
100
AcDbLine
 10
328014.5541537334
 20
1631869.62349115
 30
0.0
 11
328041.0678341191
 21
1631860.788414581
 31
0.0
  0
LINE
  5
597
330
1F
100
AcDbEntity
  8
0
100
AcDbLine
 10
328041.0678341191
 20
1631860.788414581
 30
0.0
 11
328041.0678341191
 21
1631860.788414581
 31
0.0
  0
LINE
  5
598
330
1F
100
AcDbEntity
  8
0
100
AcDbLine
 10
328041.0678341191
 20
1631860.788414581
 30
0.0
 11
328043.0250213835
 21
1631860.136226764
 31
0.0
  0
LINE
  5
599
330
1F
100
AcDbEntity
  8
0
100
AcDbLine
 10
328017.9601726397
 20
1631879.029102992
 30
0.0
 11
328044.2292046173
 21
1631870.275549901
 31
0.0
  0
LINE
  5
59A
330
1F
100
AcDbEntity
  8
0
100
AcDbLine
 10
328044.2292046173
 20
1631870.275549901
 30
0.0
 11
328044.2292046173
 21
1631870.275549901
 31
0.0
  0
LINE
  5
59B
330
1F
100
AcDbEntity
  8
0
100
AcDbLine
 10
328044.2292046173
 20
1631870.275549901
 30
0.0
 11
328046.4310402898
 21
1631869.541838606
 31
0.0
  0
LINE
  5
59C
330
1F
100
AcDbEntity
  8
0
100
AcDbLine
 10
328021.3661915459
 20
1631888.434714835
 30
0.0
 11
328047.3905751155
 21
1631879.76268522
 31
0.0
  0
LINE
  5
59D
330
1F
100
AcDbEntity
  8
0
100
AcDbLine
 10
328047.3905751155
 20
1631879.76268522
 30
0.0
 11
328049.837059196
 21
1631878.947450449
 31
0.0
  0
LINE
  5
59E
330
1F
100
AcDbEntity
  8
0
100
AcDbLine
 10
328030.1772497018
 20
1631801.161877484
 30
0.0
 11
328058.1614666126
 21
1631791.82756105
 31
0.0
  0
LINE
  5
59F
330
1F
100
AcDbEntity
  8
0
100
AcDbLine
 10
328058.1614666126
 20
1631791.82756105
 30
0.0
 11
328058.1614666126
 21
1631791.82756105
 31
0.0
  0
LINE
  5
5A0
330
1F
100
AcDbEntity
  8
0
100
AcDbLine
 10
328058.1614666126
 20
1631791.82756105
 30
0.0
 11
328058.640664062
 21
1631791.654031077
 31
0.0
  0
LINE
  5
5A1
330
1F
100
AcDbEntity
  8
0
100
AcDbLine
 10
328033.5832427221
 20
1631810.567417843
 30
0.0
 11
328061.3256492025
 21
1631801.313758842
 31
0.0
  0
LINE
  5
5A2
330
1F
100
AcDbEntity
  8
0
100
AcDbLine
 10
328061.3256492025
 20
1631801.313758842
 30
0.0
 11
328061.3256492025
 21
1631801.313758842
 31
0.0
  0
LINE
  5
5A3
330
1F
100
AcDbEntity
  8
0
100
AcDbLine
 10
328061.3256492025
 20
1631801.313758842
 30
0.0
 11
328061.3256492025
 21
1631801.313758842
 31
0.0
  0
LINE
  5
5A4
330
1F
100
AcDbEntity
  8
0
100
AcDbLine
 10
328061.3256492025
 20
1631801.313758842
 30
0.0
 11
328062.0510804939
 21
1631801.071786545
 31
0.0
  0
LINE
  5
5A5
330
1F
100
AcDbEntity
  8
0
100
AcDbLine
 10
328036.9892357424
 20
1631819.972958203
 30
0.0
 11
328064.4898317923
 21
1631810.799956633
 31
0.0
  0
LINE
  5
5A6
330
1F
100
AcDbEntity
  8
0
100
AcDbLine
 10
328064.4898317923
 20
1631810.799956633
 30
0.0
 11
328064.4898317923
 21
1631810.799956633
 31
0.0
  0
LINE
  5
5A7
330
1F
100
AcDbEntity
  8
0
100
AcDbLine
 10
328064.4898317923
 20
1631810.799956633
 30
0.0
 11
328065.4570735143
 21
1631810.477326905
 31
0.0
  0
LINE
  5
5A8
330
1F
100
AcDbEntity
  8
0
100
AcDbLine
 10
328040.3952287627
 20
1631829.378498562
 30
0.0
 11
328067.6540143822
 21
1631820.286154425
 31
0.0
  0
LINE
  5
5A9
330
1F
100
AcDbEntity
  8
0
100
AcDbLine
 10
328067.6540143822
 20
1631820.286154425
 30
0.0
 11
328067.6540143822
 21
1631820.286154425
 31
0.0
  0
LINE
  5
5AA
330
1F
100
AcDbEntity
  8
0
100
AcDbLine
 10
328067.6540143822
 20
1631820.286154425
 30
0.0
 11
328068.8630665345
 21
1631819.882867264
 31
0.0
  0
LINE
  5
5AB
330
1F
100
AcDbEntity
  8
0
100
AcDbLine
 10
328043.8012217831
 20
1631838.784038922
 30
0.0
 11
328070.818196972
 21
1631829.772352216
 31
0.0
  0
LINE
  5
5AC
330
1F
100
AcDbEntity
  8
0
100
AcDbLine
 10
328070.818196972
 20
1631829.772352216
 30
0.0
 11
328070.818196972
 21
1631829.772352216
 31
0.0
  0
LINE
  5
5AD
330
1F
100
AcDbEntity
  8
0
100
AcDbLine
 10
328070.818196972
 20
1631829.772352216
 30
0.0
 11
328070.818196972
 21
1631829.772352216
 31
0.0
  0
LINE
  5
5AE
330
1F
100
AcDbEntity
  8
0
100
AcDbLine
 10
328070.818196972
 20
1631829.772352216
 30
0.0
 11
328072.2690595549
 21
1631829.288407624
 31
0.0
  0
LINE
  5
5AF
330
1F
100
AcDbEntity
  8
0
100
AcDbLine
 10
328047.2072148033
 20
1631848.189579281
 30
0.0
 11
328073.9823795619
 21
1631839.258550008
 31
0.0
  0
LINE
  5
5B0
330
1F
100
AcDbEntity
  8
0
100
AcDbLine
 10
328073.9823795619
 20
1631839.258550008
 30
0.0
 11
328073.9823795619
 21
1631839.258550008
 31
0.0
  0
LINE
  5
5B1
330
1F
100
AcDbEntity
  8
0
100
AcDbLine
 10
328073.9823795619
 20
1631839.258550008
 30
0.0
 11
328073.9823795639
 21
1631839.258550007
 31
0.0
  0
LINE
  5
5B2
330
1F
100
AcDbEntity
  8
0
100
AcDbLine
 10
328073.9823795639
 20
1631839.258550007
 30
0.0
 11
328073.9823795639
 21
1631839.258550007
 31
0.0
  0
LINE
  5
5B3
330
1F
100
AcDbEntity
  8
0
100
AcDbLine
 10
328073.9823795639
 20
1631839.258550007
 30
0.0
 11
328075.6750525752
 21
1631838.693947983
 31
0.0
  0
LINE
  5
5B4
330
1F
100
AcDbEntity
  8
0
100
AcDbLine
 10
328050.6132078237
 20
1631857.595119641
 30
0.0
 11
328077.1465621518
 21
1631848.744747799
 31
0.0
  0
LINE
  5
5B5
330
1F
100
AcDbEntity
  8
0
100
AcDbLine
 10
328077.1465621518
 20
1631848.744747799
 30
0.0
 11
328079.0810455955
 21
1631848.099488343
 31
0.0
  0
LINE
  5
5BC
330
1F
100
AcDbEntity
  8
0
100
AcDbLine
 10
328069.6464142386
 20
1631798.550416474
 30
0.0
 11
328082.8684680784
 21
1631794.128005201
 31
0.0
  0
LINE
  5
5BD
330
1F
100
AcDbEntity
  8
0
100
AcDbLine
 10
328082.8684680784
 20
1631794.128005201
 30
0.0
 11
328082.8684680784
 21
1631794.128005201
 31
0.0
  0
LINE
  5
5BE
330
1F
100
AcDbEntity
  8
0
100
AcDbLine
 10
328082.8684680784
 20
1631794.128005201
 30
0.0
 11
328083.8063585669
 21
1631793.814306775
 31
0.0
  0
LINE
  5
5BF
330
1F
100
AcDbEntity
  8
0
100
AcDbLine
 10
328073.05233688
 20
1631807.955762485
 30
0.0
 11
328086.0404657516
 21
1631803.611592642
 31
0.0
  0
LINE
  5
5C0
330
1F
100
AcDbEntity
  8
0
100
AcDbLine
 10
328086.0404657516
 20
1631803.611592642
 30
0.0
 11
328087.7513403616
 21
1631803.03935241
 31
0.0
  0
LINE
  5
5C1
330
1F
100
AcDbEntity
  8
0
100
AcDbLine
 10
328076.4582595213
 20
1631817.361108495
 30
0.0
 11
328089.2124634249
 21
1631813.095180084
 31
0.0
  0
LINE
  5
5C2
330
1F
100
AcDbEntity
  8
0
100
AcDbLine
 10
328089.2124634249
 20
1631813.095180084
 30
0.0
 11
328091.2099726105
 21
1631812.427068514
 31
0.0
  0
LINE
  5
5C3
330
1F
100
AcDbEntity
  8
0
100
AcDbLine
 10
328079.8641821627
 20
1631826.766454505
 30
0.0
 11
328092.3844610981
 21
1631822.578767525
 31
0.0
  0
LINE
  5
5C4
330
1F
100
AcDbEntity
  8
0
100
AcDbLine
 10
328092.3844610981
 20
1631822.578767525
 30
0.0
 11
328094.9549968922
 21
1631821.718994406
 31
0.0
  0
LINE
  5
5C5
330
1F
100
AcDbEntity
  8
0
100
AcDbLine
 10
328083.2701048041
 20
1631836.171800516
 30
0.0
 11
328095.5564587713
 21
1631832.062354967
 31
0.0
  0
LINE
  5
5C6
330
1F
100
AcDbEntity
  8
0
100
AcDbLine
 10
328095.5564587713
 20
1631832.062354967
 30
0.0
 11
328099.8951091297
 21
1631830.611196434
 31
0.0
  0
LINE
  5
5C8
330
1F
100
AcDbEntity
  8
0
100
AcDbLine
 10
328005.0791599106
 20
1631799.404274347
 30
0.0
 11
328038.3726782892
 21
1631891.343256297
 31
0.0
  0
LINE
  5
5D0
330
1F
100
AcDbEntity
  8
0
100
AcDbLine
 10
327902.2922078509
 20
1631812.193865772
 30
0.0
 11
327873.8243700787
 21
1631821.689497069
 31
0.0
  0
LINE
  5
5D1
330
1F
100
AcDbEntity
  8
0
100
AcDbLine
 10
328070.9048096069
 20
1631869.575400801
 30
0.0
 11
328041.135365324
 21
1631787.368036308
 31
0.0
  0
LINE
  5
5D2
330
1F
100
AcDbEntity
  8
0
100
AcDbLine
 10
328041.135365324
 20
1631787.368036308
 30
0.0
 11
328041.0051755673
 21
1631787.008521475
 31
0.0
  0
LINE
  5
5D3
330
1F
100
AcDbEntity
  8
0
100
AcDbLine
 10
328037.599182547
 20
1631777.602981116
 30
0.0
 11
328010.479059891
 21
1631702.711633227
 31
0.0
  0
LINE
  5
5D4
330
1F
100
AcDbEntity
  8
0
100
AcDbLine
 10
328010.479059891
 20
1631702.711633227
 30
0.0
 11
328010.479059891
 21
1631702.711633227
 31
0.0
  0
LINE
  5
5D5
330
1F
100
AcDbEntity
  8
0
100
AcDbLine
 10
328010.479059891
 20
1631702.711633227
 30
0.0
 11
328010.479059891
 21
1631702.711633227
 31
0.0
  0
LINE
  5
5D6
330
1F
100
AcDbEntity
  8
0
100
AcDbLine
 10
328010.479059891
 20
1631702.711633227
 30
0.0
 11
328010.479059891
 21
1631702.711633227
 31
0.0
  0
LINE
  5
5D7
330
1F
100
AcDbEntity
  8
0
100
AcDbLine
 10
328010.479059891
 20
1631702.711633227
 30
0.0
 11
328010.479059891
 21
1631702.711633227
 31
0.0
  0
LINE
  5
5D8
330
1F
100
AcDbEntity
  8
0
100
AcDbLine
 10
328010.479059891
 20
1631702.711633227
 30
0.0
 11
328010.479059891
 21
1631702.711633227
 31
0.0
  0
LINE
  5
5D9
330
1F
100
AcDbEntity
  8
0
100
AcDbLine
 10
328010.479059891
 20
1631702.711633227
 30
0.0
 11
328010.479059891
 21
1631702.711633227
 31
0.0
  0
LINE
  5
5DA
330
1F
100
AcDbEntity
  8
0
100
AcDbLine
 10
328010.479059891
 20
1631702.711633227
 30
0.0
 11
328010.479059891
 21
1631702.711633227
 31
0.0
  0
LINE
  5
5DB
330
1F
100
AcDbEntity
  8
0
100
AcDbLine
 10
328010.479059891
 20
1631702.711633227
 30
0.0
 11
328010.4475395101
 21
1631702.624590707
 31
0.0
  0
LINE
  5
5DC
330
1F
100
AcDbEntity
  8
0
100
AcDbLine
 10
328005.0791599106
 20
1631799.404274347
 30
0.0
 11
328004.9474552148
 21
1631799.040576059
 31
0.0
  0
LINE
  5
5DD
330
1F
100
AcDbEntity
  8
0
100
AcDbLine
 10
328004.9474552148
 20
1631799.040576059
 30
0.0
 11
328038.3726782892
 21
1631891.343256297
 31
0.0
  0
LINE
  5
5DE
330
1F
100
AcDbEntity
  8
0
100
AcDbLine
 10
328038.3726782892
 20
1631891.343256297
 30
0.0
 11
328038.3726782892
 21
1631891.343256297
 31
0.0
  0
LINE
  5
5DF
330
1F
100
AcDbEntity
  8
0
100
AcDbLine
 10
328038.3726782892
 20
1631891.343256297
 30
0.0
 11
328038.3726782892
 21
1631891.343256297
 31
0.0
  0
LINE
  5
5E0
330
1F
100
AcDbEntity
  8
0
100
AcDbLine
 10
328038.3726782892
 20
1631891.343256297
 30
0.0
 11
328038.3726782892
 21
1631891.343256297
 31
0.0
  0
LINE
  5
5E1
330
1F
100
AcDbEntity
  8
0
100
AcDbLine
 10
328038.3726782892
 20
1631891.343256297
 30
0.0
 11
328038.3726782892
 21
1631891.343256297
 31
0.0
  0
LINE
  5
5E2
330
1F
100
AcDbEntity
  8
0
100
AcDbLine
 10
328038.3726782892
 20
1631891.343256297
 30
0.0
 11
328038.3726782892
 21
1631891.343256297
 31
0.0
  0
LINE
  5
5E3
330
1F
100
AcDbEntity
  8
0
100
AcDbLine
 10
328038.3726782892
 20
1631891.343256297
 30
0.0
 11
328039.8485117467
 21
1631895.418723001
 31
0.0
  0
LINE
  5
5E4
330
1F
100
AcDbEntity
  8
0
100
AcDbLine
 10
327997.9337776415
 20
1631891.276822175
 30
0.0
 11
327969.0168429688
 21
1631811.423635597
 31
0.0
  0
LINE
  5
5E5
330
1F
100
AcDbEntity
  8
0
100
AcDbLine
 10
327969.0168429688
 20
1631811.423635597
 30
0.0
 11
327969.0168429688
 21
1631811.423635597
 31
0.0
  0
LINE
  5
5E6
330
1F
100
AcDbEntity
  8
0
100
AcDbLine
 10
327969.0168429688
 20
1631811.423635597
 30
0.0
 11
327968.8866532121
 21
1631811.064120764
 31
0.0
  0
LINE
  5
5E7
330
1F
100
AcDbEntity
  8
0
100
AcDbLine
 10
327987.3060024835
 20
1631794.378596409
 30
0.0
 11
327959.6659901154
 21
1631718.074337178
 31
0.0
  0
LINE
  5
5E8
330
1F
100
AcDbEntity
  8
0
100
AcDbLine
 10
328001.5414363085
 20
1631789.634964216
 30
0.0
 11
327974.2348678829
 21
1631714.228752321
 31
0.0
  0
LINE
  5
5E9
330
1F
100
AcDbEntity
  8
0
100
AcDbLine
 10
327974.2348678829
 20
1631714.228752321
 30
0.0
 11
327974.2348678829
 21
1631714.228752321
 31
0.0
  0
LINE
  5
5EA
330
1F
100
AcDbEntity
  8
0
100
AcDbLine
 10
327974.2348678829
 20
1631714.228752321
 30
0.0
 11
327973.9084843567
 21
1631713.327454693
 31
0.0
  0
LINE
  5
5EB
330
1F
100
AcDbEntity
  8
0
100
AcDbLine
 10
327984.130792419
 20
1631784.896072808
 30
0.0
 11
327983.8990775562
 21
1631784.973286478
 31
0.0
  0
LINE
  5
5EC
330
1F
100
AcDbEntity
  8
0
100
AcDbLine
 10
327980.6921729629
 20
1631775.501324352
 30
0.0
 11
327980.6921729629
 21
1631775.501324352
 31
0.0
  0
LINE
  5
5ED
330
1F
100
AcDbEntity
  8
0
100
AcDbLine
 10
327980.6921729629
 20
1631775.501324352
 30
0.0
 11
327980.4921526287
 21
1631775.567976546
 31
0.0
  0
LINE
  5
5F3
330
1F
100
AcDbEntity
  8
0
100
AcDbLine
 10
327977.2535535068
 20
1631766.106575896
 30
0.0
 11
327977.0852277014
 21
1631766.162666614
 31
0.0
  0
LINE
  5
5F4
330
1F
100
AcDbEntity
  8
0
100
AcDbLine
 10
327973.8149340506
 20
1631756.711827439
 30
0.0
 11
327973.8149340506
 21
1631756.711827439
 31
0.0
  0
LINE
  5
5F5
330
1F
100
AcDbEntity
  8
0
100
AcDbLine
 10
327973.8149340506
 20
1631756.711827439
 30
0.0
 11
327973.6783027741
 21
1631756.757356682
 31
0.0
  0
LINE
  5
5F6
330
1F
100
AcDbEntity
  8
0
100
AcDbLine
 10
327970.3763145946
 20
1631747.317078983
 30
0.0
 11
327970.2713778467
 21
1631747.35204675
 31
0.0
  0
LINE
  5
5F7
330
1F
100
AcDbEntity
  8
0
100
AcDbLine
 10
327966.9376951384
 20
1631737.922330527
 30
0.0
 11
327966.8644529193
 21
1631737.946736819
 31
0.0
  0
LINE
  5
5F8
330
1F
100
AcDbEntity
  8
0
100
AcDbLine
 10
327963.4990756823
 20
1631728.527582071
 30
0.0
 11
327963.457527992
 21
1631728.541426887
 31
0.0
  0
LINE
  5
5F9
330
1F
100
AcDbEntity
  8
0
100
AcDbLine
 10
327965.4806601918
 20
1631801.658580405
 30
0.0
 11
327938.2312056584
 21
1631726.410086688
 31
0.0
  0
LINE
  5
5FA
330
1F
100
AcDbEntity
  8
0
100
AcDbLine
 10
327927.5235431626
 20
1631814.319422135
 30
0.0
 11
327900.235850761
 21
1631738.965335774
 31
0.0
  0
LINE
  5
5FB
330
1F
100
AcDbEntity
  8
0
100
AcDbLine
 10
327900.235850761
 20
1631738.965335774
 30
0.0
 11
327900.235850761
 21
1631738.965335774
 31
0.0
  0
LINE
  5
5FC
330
1F
100
AcDbEntity
  8
0
100
AcDbLine
 10
327900.235850761
 20
1631738.965335774
 30
0.0
 11
327900.1182690705
 21
1631738.640637711
 31
0.0
  0
LINE
  5
5FD
330
1F
100
AcDbEntity
  8
0
100
AcDbLine
 10
327891.464281985
 20
1631826.347221779
 30
0.0
 11
327865.9579334161
 21
1631755.912259213
 31
0.0
  0
LINE
  5
5FE
330
1F
100
AcDbEntity
  8
0
100
AcDbLine
 10
327855.4050208074
 20
1631838.375021423
 30
0.0
 11
327831.6908553873
 21
1631772.889115076
 31
0.0
  0
LINE
  5
642
330
1F
100
AcDbEntity
  8
0
100
AcDbLine
 10
328064.0202222924
 20
1631737.165178489
 30
0.0
 11
328064.9292928207
 21
1631736.861952138
 31
0.0
  0
LINE
  5
643
330
1F
100
AcDbEntity
  8
0
100
AcDbLine
 10
328049.931977069
 20
1631741.864403746
 30
0.0
 11
328049.2065457777
 21
1631742.106376042
 31
0.0
  0
LINE
  5
644
330
1F
100
AcDbEntity
  8
0
100
AcDbLine
 10
328046.7677944791
 20
1631732.378205955
 30
0.0
 11
328045.8005527574
 21
1631732.700835683
 31
0.0
  0
LINE
  5
645
330
1F
100
AcDbEntity
  8
0
100
AcDbLine
 10
328060.8560397025
 20
1631727.678980697
 30
0.0
 11
328063.4233934871
 21
1631726.822623248
 31
0.0
  0
LINE
  5
646
330
1F
100
AcDbEntity
  8
0
100
AcDbLine
 10
328057.6918571125
 20
1631718.192782906
 30
0.0
 11
328061.1154747432
 21
1631717.050813116
 31
0.0
  0
LINE
  5
647
330
1F
100
AcDbEntity
  8
0
100
AcDbLine
 10
328054.5276745226
 20
1631708.706585114
 30
0.0
 11
328058.4938673518
 21
1631707.38363586
 31
0.0
  0
LINE
  5
648
330
1F
100
AcDbEntity
  8
0
100
AcDbLine
 10
328043.6036118891
 20
1631722.892008163
 30
0.0
 11
328043.6036118891
 21
1631722.892008163
 31
0.0
  0
LINE
  5
649
330
1F
100
AcDbEntity
  8
0
100
AcDbLine
 10
328043.6036118891
 20
1631722.892008163
 30
0.0
 11
328043.6036118891
 21
1631722.892008163
 31
0.0
  0
LINE
  5
64A
330
1F
100
AcDbEntity
  8
0
100
AcDbLine
 10
328043.6036118891
 20
1631722.892008163
 30
0.0
 11
328042.394559737
 21
1631723.295295324
 31
0.0
  0
LINE
  5
64B
330
1F
100
AcDbEntity
  8
0
100
AcDbLine
 10
328040.4394292992
 20
1631713.405810372
 30
0.0
 11
328040.4394292992
 21
1631713.405810372
 31
0.0
  0
LINE
  5
64C
330
1F
100
AcDbEntity
  8
0
100
AcDbLine
 10
328040.4394292992
 20
1631713.405810372
 30
0.0
 11
328038.9885667167
 21
1631713.889754964
 31
0.0
  0
LINE
  5
64D
330
1F
100
AcDbEntity
  8
0
100
AcDbLine
 10
328037.2752467093
 20
1631703.91961258
 30
0.0
 11
328037.2752467093
 21
1631703.91961258
 31
0.0
  0
LINE
  5
64E
330
1F
100
AcDbEntity
  8
0
100
AcDbLine
 10
328037.2752467093
 20
1631703.91961258
 30
0.0
 11
328037.2752467093
 21
1631703.91961258
 31
0.0
  0
LINE
  5
64F
330
1F
100
AcDbEntity
  8
0
100
AcDbLine
 10
328037.2752467093
 20
1631703.91961258
 30
0.0
 11
328035.5825736964
 21
1631704.484214605
 31
0.0
  0
LINE
  5
650
330
1F
100
AcDbEntity
  8
0
100
AcDbLine
 10
328051.3634919327
 20
1631699.220387323
 30
0.0
 11
328055.8722599603
 21
1631697.716458603
 31
0.0
  0
TEXT
  5
651
330
1F
100
AcDbEntity
  8
CVL_PUNTO_NUM
 62
     3
100
AcDbText
 10
327854.7247137302
 20
1631855.119732317
 30
0.0
 40
4.115870421519502
  1
AREA VERDE
 50
340.8429444524236
  7
MONOTXT4
 11
327854.2744941357
 21
1631853.823750914
 31
0.0
100
AcDbText
 73
     1
  0
TEXT
  5
653
330
1F
100
AcDbEntity
  8
CVL_PUNTO_NUM
 62
     7
100
AcDbText
 10
327926.1385664951
 20
1631898.771138535
 30
0.0
 40
4.115870421519503
  1
PROPIEDAD PRIVADA
  7
MONOTXT4
 11
327926.1385664951
 21
1631897.399181728
 31
0.0
100
AcDbText
 73
     1
  0
TEXT
  5
655
330
1F
100
AcDbEntity
  8
CVL_PUNTO_NUM
 62
     7
100
AcDbText
 10
327750.613024364
 20
1631821.291672996
 30
0.0
 40
4.115870421519503
  1
PROPIEDAD PRIVADA
 50
43.12748173927629
  7
MONOTXT4
 11
327751.5509268479
 21
1631820.290371637
 31
0.0
100
AcDbText
 73
     1
  0
TEXT
  5
656
330
1F
100
AcDbEntity
  8
CVL_PUNTO_NUM
 62
     7
100
AcDbText
 10
328101.4104312337
 20
1631728.324990556
 30
0.0
 40
4.115870421519503
  1
PROPIEDAD PRIVADA
 50
76.96565313682062
  7
MONOTXT4
 11
328102.7470396275
 21
1631728.01556612
 31
0.0
100
AcDbText
 73
     1
  0
LINE
  5
65D
330
1F
100
AcDbEntity
  8
0
100
AcDbLine
 10
327762.6627245908
 20
1631784.205561865
 30
0.0
 11
327805.3922674864
 21
1631776.070736379
 31
0.0
  0
LINE
  5
65E
330
1F
100
AcDbEntity
  8
0
100
AcDbLine
 10
327805.3922674864
 20
1631776.070736379
 30
0.0
 11
327875.8739867006
 21
1631741.585883137
 31
0.0
  0
LINE
  5
65F
330
1F
100
AcDbEntity
  8
0
100
AcDbLine
 10
327875.8739867006
 20
1631741.585883137
 30
0.0
 11
327910.7744122761
 21
1631726.658856643
 31
0.0
  0
LINE
  5
660
330
1F
100
AcDbEntity
  8
0
100
AcDbLine
 10
327910.7744122761
 20
1631726.658856643
 30
0.0
 11
327948.7261071131
 21
1631714.118909896
 31
0.0
  0
LINE
  5
661
330
1F
100
AcDbEntity
  8
0
100
AcDbLine
 10
327948.7261071131
 20
1631714.118909896
 30
0.0
 11
328070.6244256292
 21
1631672.741692529
 31
0.0
  0
TEXT
  5
662
330
1F
100
AcDbEntity
  8
CVL_PUNTO_NUM
 62
     7
100
AcDbText
 10
327887.7969106072
 20
1631721.621137266
 30
0.0
 40
4.115870421519503
  1
PROPIEDAD PRIVADA
 50
341.73572412046
  7
MONOTXT4
 11
327887.3669387609
 21
1631720.318298177
 31
0.0
100
AcDbText
 73
     1
  0
TEXT
  5
663
330
1F
100
AcDbEntity
  8
CVL_PUNTO_NUM
 62
     5
100
AcDbText
 10
328042.1310631379
 20
1631696.672413796
 30
0.0
 40
2.5
  1
1
  7
MONOTXT4
 11
328042.1310631379
 21
1631695.839080463
 31
0.0
100
AcDbText
 73
     1
  0
TEXT
  5
664
330
1F
100
AcDbEntity
  8
CVL_PUNTO_NUM
 62
     5
100
AcDbText
 10
328044.9966963555
 20
1631705.054264528
 30
0.0
 40
2.5
  1
2
  7
MONOTXT4
 11
328044.9966963555
 21
1631704.220931195
 31
0.0
100
AcDbText
 73
     1
  0
TEXT
  5
665
330
1F
100
AcDbEntity
  8
CVL_PUNTO_NUM
 62
     5
100
AcDbText
 10
328048.4763945575
 20
1631714.253856508
 30
0.0
 40
2.5
  1
3
  7
MONOTXT4
 11
328048.4763945575
 21
1631713.420523174
 31
0.0
100
AcDbText
 73
     1
  0
TEXT
  5
666
330
1F
100
AcDbEntity
  8
CVL_PUNTO_NUM
 62
     5
100
AcDbText
 10
328051.7514027435
 20
1631723.862319766
 30
0.0
 40
2.5
  1
4
  7
MONOTXT4
 11
328051.7514027435
 21
1631723.028986432
 31
0.0
100
AcDbText
 73
     1
  0
TEXT
  5
667
330
1F
100
AcDbEntity
  8
CVL_PUNTO_NUM
 62
     5
100
AcDbText
 10
328054.6043443226
 20
1631734.499298041
 30
0.0
 40
2.5
  1
5
  7
MONOTXT4
 11
328054.6043443226
 21
1631733.665964708
 31
0.0
100
AcDbText
 73
     1
  0
TEXT
  5
668
330
1F
100
AcDbEntity
  8
CVL_PUNTO_NUM
 62
     5
100
AcDbText
 10
328057.2779825386
 20
1631742.05706874
 30
0.0
 40
2.5
  1
6
  7
MONOTXT4
 11
328057.2779825386
 21
1631741.223735407
 31
0.0
100
AcDbText
 73
     1
  0
TEXT
  5
669
330
1F
100
AcDbEntity
  8
CVL_PUNTO_NUM
 62
     5
100
AcDbText
 10
328063.0172633241
 20
1631756.237449568
 30
0.0
 40
2.5
  1
7
  7
MONOTXT4
 11
328063.0172633241
 21
1631755.404116235
 31
0.0
100
AcDbText
 73
     1
  0
TEXT
  5
66A
330
1F
100
AcDbEntity
  8
CVL_PUNTO_NUM
 62
     5
100
AcDbText
 10
328017.5903918237
 20
1631703.985025694
 30
0.0
 40
2.5
  1
1
  7
MONOTXT4
 11
328017.5903918237
 21
1631703.151692361
 31
0.0
100
AcDbText
 73
     1
  0
TEXT
  5
66B
330
1F
100
AcDbEntity
  8
CVL_PUNTO_NUM
 62
     5
100
AcDbText
 10
328020.7199263868
 20
1631713.025814353
 30
0.0
 40
2.5
  1
2
  7
MONOTXT4
 11
328020.7199263868
 21
1631712.19248102
 31
0.0
100
AcDbText
 73
     1
  0
TEXT
  5
66C
330
1F
100
AcDbEntity
  8
CVL_PUNTO_NUM
 62
     5
100
AcDbText
 10
328024.1996245888
 20
1631722.225406333
 30
0.0
 40
2.5
  1
3
  7
MONOTXT4
 11
328024.1996245888
 21
1631721.392073
 31
0.0
100
AcDbText
 73
     1
  0
TEXT
  5
66D
330
1F
100
AcDbEntity
  8
CVL_PUNTO_NUM
 62
     5
100
AcDbText
 10
328027.4746327747
 20
1631731.833869591
 30
0.0
 40
2.5
  1
4
  7
MONOTXT4
 11
328027.4746327747
 21
1631731.000536257
 31
0.0
100
AcDbText
 73
     1
  0
TEXT
  5
66E
330
1F
100
AcDbEntity
  8
CVL_PUNTO_NUM
 62
     5
100
AcDbText
 10
328030.9839442371
 20
1631741.553065303
 30
0.0
 40
2.5
  1
5
  7
MONOTXT4
 11
328030.9839442371
 21
1631740.71973197
 31
0.0
100
AcDbText
 73
     1
  0
TEXT
  5
66F
330
1F
100
AcDbEntity
  8
CVL_PUNTO_NUM
 62
     5
100
AcDbText
 10
328034.1826776845
 20
1631750.553066025
 30
0.0
 40
2.5
  1
6
  7
MONOTXT4
 11
328034.1826776845
 21
1631749.719732691
 31
0.0
100
AcDbText
 73
     1
  0
TEXT
  5
670
330
1F
100
AcDbEntity
  8
CVL_PUNTO_NUM
 62
     5
100
AcDbText
 10
328037.9528488203
 20
1631760.144532073
 30
0.0
 40
2.5
  1
7
  7
MONOTXT4
 11
328037.9528488203
 21
1631759.31119874
 31
0.0
100
AcDbText
 73
     1
  0
TEXT
  5
671
330
1F
100
AcDbEntity
  8
CVL_PUNTO_NUM
 62
     5
100
AcDbText
 10
328041.2346965486
 20
1631769.322360977
 30
0.0
 40
2.5
  1
8
  7
MONOTXT4
 11
328041.2346965486
 21
1631768.489027644
 31
0.0
100
AcDbText
 73
     1
  0
TEXT
  5
672
330
1F
100
AcDbEntity
  8
CVL_PUNTO_NUM
 62
     5
100
AcDbText
 10
328003.2355815656
 20
1631708.201816222
 30
0.0
 40
2.5
  1
16
  7
MONOTXT4
 11
328003.2355815656
 21
1631707.368482889
 31
0.0
100
AcDbText
 73
     1
  0
TEXT
  5
673
330
1F
100
AcDbEntity
  8
CVL_PUNTO_NUM
 62
     5
100
AcDbText
 10
328006.3651161287
 20
1631717.242604881
 30
0.0
 40
2.5
  1
15
  7
MONOTXT4
 11
328006.3651161287
 21
1631716.409271548
 31
0.0
100
AcDbText
 73
     1
  0
TEXT
  5
674
330
1F
100
AcDbEntity
  8
CVL_PUNTO_NUM
 62
     5
100
AcDbText
 10
328009.8448143307
 20
1631726.442196861
 30
0.0
 40
2.5
  1
14
  7
MONOTXT4
 11
328009.8448143307
 21
1631725.608863528
 31
0.0
100
AcDbText
 73
     1
  0
TEXT
  5
675
330
1F
100
AcDbEntity
  8
CVL_PUNTO_NUM
 62
     5
100
AcDbText
 10
328013.1198225166
 20
1631736.050660119
 30
0.0
 40
2.5
  1
13
  7
MONOTXT4
 11
328013.1198225166
 21
1631735.217326785
 31
0.0
100
AcDbText
 73
     1
  0
TEXT
  5
676
330
1F
100
AcDbEntity
  8
CVL_PUNTO_NUM
 62
     5
100
AcDbText
 10
328016.629133979
 20
1631745.769855831
 30
0.0
 40
2.5
  1
12
  7
MONOTXT4
 11
328016.629133979
 21
1631744.936522498
 31
0.0
100
AcDbText
 73
     1
  0
TEXT
  5
677
330
1F
100
AcDbEntity
  8
CVL_PUNTO_NUM
 62
     5
100
AcDbText
 10
328019.8278674264
 20
1631754.769856553
 30
0.0
 40
2.5
  1
11
  7
MONOTXT4
 11
328019.8278674264
 21
1631753.936523219
 31
0.0
100
AcDbText
 73
     1
  0
TEXT
  5
678
330
1F
100
AcDbEntity
  8
CVL_PUNTO_NUM
 62
     5
100
AcDbText
 10
328023.5980385621
 20
1631764.361322601
 30
0.0
 40
2.5
  1
10
  7
MONOTXT4
 11
328023.5980385621
 21
1631763.527989268
 31
0.0
100
AcDbText
 73
     1
  0
TEXT
  5
679
330
1F
100
AcDbEntity
  8
CVL_PUNTO_NUM
 62
     5
100
AcDbText
 10
328026.8798862904
 20
1631773.539151505
 30
0.0
 40
2.5
  1
9
  7
MONOTXT4
 11
328026.8798862904
 21
1631772.705818172
 31
0.0
100
AcDbText
 73
     1
  0
LINE
  5
67F
330
1F
100
AcDbEntity
  8
0
100
AcDbLine
 10
327974.3238473957
 20
1631756.519260005
 30
0.0
 11
327974.3238473957
 21
1631756.519260005
 31
0.0
  0
LINE
  5
680
330
1F
100
AcDbEntity
  8
0
100
AcDbLine
 10
327974.3238473957
 20
1631756.519260005
 30
0.0
 11
327974.3238473957
 21
1631756.519260005
 31
0.0
  0
LINE
  5
681
330
1F
100
AcDbEntity
  8
0
100
AcDbLine
 10
327974.3238473957
 20
1631756.519260005
 30
0.0
 11
327974.3238473957
 21
1631756.519260005
 31
0.0
  0
LINE
  5
682
330
1F
100
AcDbEntity
  8
0
100
AcDbLine
 10
327974.3238473957
 20
1631756.519260005
 30
0.0
 11
327974.3238473957
 21
1631756.519260005
 31
0.0
  0
LINE
  5
683
330
1F
100
AcDbEntity
  8
0
100
AcDbLine
 10
327974.3238473957
 20
1631756.519260005
 30
0.0
 11
327974.3238473957
 21
1631756.519260005
 31
0.0
  0
LINE
  5
684
330
1F
100
AcDbEntity
  8
0
100
AcDbLine
 10
327974.3238473957
 20
1631756.519260005
 30
0.0
 11
327973.3566056739
 21
1631756.841889733
 31
0.0
  0
LINE
  5
685
330
1F
100
AcDbEntity
  8
0
100
AcDbLine
 10
327983.8163951653
 20
1631784.977853379
 30
0.0
 11
327983.8163951653
 21
1631784.977853379
 31
0.0
  0
LINE
  5
686
330
1F
100
AcDbEntity
  8
0
100
AcDbLine
 10
327983.8163951653
 20
1631784.977853379
 30
0.0
 11
327983.8163951653
 21
1631784.977853379
 31
0.0
  0
LINE
  5
687
330
1F
100
AcDbEntity
  8
0
100
AcDbLine
 10
327983.8163951653
 20
1631784.977853379
 30
0.0
 11
327983.8163951653
 21
1631784.977853379
 31
0.0
  0
LINE
  5
688
330
1F
100
AcDbEntity
  8
0
100
AcDbLine
 10
327983.8163951653
 20
1631784.977853379
 30
0.0
 11
327983.5767964407
 21
1631785.064618366
 31
0.0
  0
TEXT
  5
689
330
1F
100
AcDbEntity
  8
CVL_PUNTO_NUM
 62
     5
100
AcDbText
 10
327981.2057059178
 20
1631716.0982801
 30
0.0
 40
2.5
  1
1
  7
MONOTXT4
 11
327981.2057059178
 21
1631715.264946767
 31
0.0
100
AcDbText
 73
     1
  0
TEXT
  5
68A
330
1F
100
AcDbEntity
  8
CVL_PUNTO_NUM
 62
     5
100
AcDbText
 10
327984.3352404809
 20
1631725.139068759
 30
0.0
 40
2.5
  1
2
  7
MONOTXT4
 11
327984.3352404809
 21
1631724.305735426
 31
0.0
100
AcDbText
 73
     1
  0
TEXT
  5
68B
330
1F
100
AcDbEntity
  8
CVL_PUNTO_NUM
 62
     5
100
AcDbText
 10
327987.8149386829
 20
1631734.338660739
 30
0.0
 40
2.5
  1
3
  7
MONOTXT4
 11
327987.8149386829
 21
1631733.505327405
 31
0.0
100
AcDbText
 73
     1
  0
TEXT
  5
68C
330
1F
100
AcDbEntity
  8
CVL_PUNTO_NUM
 62
     5
100
AcDbText
 10
327991.0899468688
 20
1631743.947123996
 30
0.0
 40
2.5
  1
4
  7
MONOTXT4
 11
327991.0899468688
 21
1631743.113790663
 31
0.0
100
AcDbText
 73
     1
  0
TEXT
  5
68D
330
1F
100
AcDbEntity
  8
CVL_PUNTO_NUM
 62
     5
100
AcDbText
 10
327994.5992583312
 20
1631753.666319709
 30
0.0
 40
2.5
  1
5
  7
MONOTXT4
 11
327994.5992583312
 21
1631752.832986375
 31
0.0
100
AcDbText
 73
     1
  0
TEXT
  5
68E
330
1F
100
AcDbEntity
  8
CVL_PUNTO_NUM
 62
     5
100
AcDbText
 10
327997.7979917786
 20
1631762.66632043
 30
0.0
 40
2.5
  1
6
  7
MONOTXT4
 11
327997.7979917786
 21
1631761.832987097
 31
0.0
100
AcDbText
 73
     1
  0
TEXT
  5
68F
330
1F
100
AcDbEntity
  8
CVL_PUNTO_NUM
 62
     5
100
AcDbText
 10
328001.5681629143
 20
1631772.257786479
 30
0.0
 40
2.5
  1
7
  7
MONOTXT4
 11
328001.5681629143
 21
1631771.424453145
 31
0.0
100
AcDbText
 73
     1
  0
TEXT
  5
690
330
1F
100
AcDbEntity
  8
CVL_PUNTO_NUM
 62
     5
100
AcDbText
 10
328004.8500106426
 20
1631781.435615383
 30
0.0
 40
2.5
  1
8
  7
MONOTXT4
 11
328004.8500106426
 21
1631780.60228205
 31
0.0
100
AcDbText
 73
     1
  0
TEXT
  5
691
330
1F
100
AcDbEntity
  8
CVL_PUNTO_NUM
 62
     5
100
AcDbText
 10
327966.8508956596
 20
1631720.315070628
 30
0.0
 40
2.5
  1
16
  7
MONOTXT4
 11
327966.8508956596
 21
1631719.481737295
 31
0.0
100
AcDbText
 73
     1
  0
TEXT
  5
692
330
1F
100
AcDbEntity
  8
CVL_PUNTO_NUM
 62
     5
100
AcDbText
 10
327969.9804302227
 20
1631729.355859287
 30
0.0
 40
2.5
  1
15
  7
MONOTXT4
 11
327969.9804302227
 21
1631728.522525954
 31
0.0
100
AcDbText
 73
     1
  0
TEXT
  5
693
330
1F
100
AcDbEntity
  8
CVL_PUNTO_NUM
 62
     5
100
AcDbText
 10
327973.4601284247
 20
1631738.555451267
 30
0.0
 40
2.5
  1
14
  7
MONOTXT4
 11
327973.4601284247
 21
1631737.722117933
 31
0.0
100
AcDbText
 73
     1
  0
TEXT
  5
694
330
1F
100
AcDbEntity
  8
CVL_PUNTO_NUM
 62
     5
100
AcDbText
 10
327976.7351366107
 20
1631748.163914524
 30
0.0
 40
2.5
  1
13
  7
MONOTXT4
 11
327976.7351366107
 21
1631747.330581191
 31
0.0
100
AcDbText
 73
     1
  0
TEXT
  5
695
330
1F
100
AcDbEntity
  8
CVL_PUNTO_NUM
 62
     5
100
AcDbText
 10
327980.2444480731
 20
1631757.883110237
 30
0.0
 40
2.5
  1
12
  7
MONOTXT4
 11
327980.2444480731
 21
1631757.049776903
 31
0.0
100
AcDbText
 73
     1
  0
TEXT
  5
696
330
1F
100
AcDbEntity
  8
CVL_PUNTO_NUM
 62
     5
100
AcDbText
 10
327983.4431815204
 20
1631766.883110959
 30
0.0
 40
2.5
  1
11
  7
MONOTXT4
 11
327983.4431815204
 21
1631766.049777625
 31
0.0
100
AcDbText
 73
     1
  0
TEXT
  5
697
330
1F
100
AcDbEntity
  8
CVL_PUNTO_NUM
 62
     5
100
AcDbText
 10
327987.2133526562
 20
1631776.474577007
 30
0.0
 40
2.5
  1
10
  7
MONOTXT4
 11
327987.2133526562
 21
1631775.641243674
 31
0.0
100
AcDbText
 73
     1
  0
TEXT
  5
698
330
1F
100
AcDbEntity
  8
CVL_PUNTO_NUM
 62
     5
100
AcDbText
 10
327990.4952003845
 20
1631785.652405911
 30
0.0
 40
2.5
  1
9
  7
MONOTXT4
 11
327990.4952003845
 21
1631784.819072578
 31
0.0
100
AcDbText
 73
     1
  0
LINE
  5
699
330
1F
100
AcDbEntity
  8
0
100
AcDbLine
 10
327938.9787246677
 20
1631768.632515065
 30
0.0
 11
327938.9787246677
 21
1631768.632515065
 31
0.0
  0
LINE
  5
69A
330
1F
100
AcDbEntity
  8
0
100
AcDbLine
 10
327938.9787246677
 20
1631768.632515065
 30
0.0
 11
327938.9787246677
 21
1631768.632515065
 31
0.0
  0
LINE
  5
69B
330
1F
100
AcDbEntity
  8
0
100
AcDbLine
 10
327938.9787246677
 20
1631768.632515065
 30
0.0
 11
327938.9787246677
 21
1631768.632515065
 31
0.0
  0
LINE
  5
69C
330
1F
100
AcDbEntity
  8
0
100
AcDbLine
 10
327938.9787246677
 20
1631768.632515065
 30
0.0
 11
327938.9787246677
 21
1631768.632515065
 31
0.0
  0
LINE
  5
69D
330
1F
100
AcDbEntity
  8
0
100
AcDbLine
 10
327938.9787246677
 20
1631768.632515065
 30
0.0
 11
327938.9787246677
 21
1631768.632515065
 31
0.0
  0
LINE
  5
69E
330
1F
100
AcDbEntity
  8
0
100
AcDbLine
 10
327938.9787246677
 20
1631768.632515065
 30
0.0
 11
327938.0114829458
 21
1631768.955144793
 31
0.0
  0
LINE
  5
69F
330
1F
100
AcDbEntity
  8
0
100
AcDbLine
 10
327948.4712724373
 20
1631797.091108439
 30
0.0
 11
327948.4712724373
 21
1631797.091108439
 31
0.0
  0
LINE
  5
6A0
330
1F
100
AcDbEntity
  8
0
100
AcDbLine
 10
327948.4712724373
 20
1631797.091108439
 30
0.0
 11
327948.4712724373
 21
1631797.091108439
 31
0.0
  0
LINE
  5
6A1
330
1F
100
AcDbEntity
  8
0
100
AcDbLine
 10
327948.4712724373
 20
1631797.091108439
 30
0.0
 11
327948.4712724373
 21
1631797.091108439
 31
0.0
  0
LINE
  5
6A2
330
1F
100
AcDbEntity
  8
0
100
AcDbLine
 10
327948.4712724373
 20
1631797.091108439
 30
0.0
 11
327948.2316737126
 21
1631797.177873426
 31
0.0
  0
TEXT
  5
6A3
330
1F
100
AcDbEntity
  8
CVL_PUNTO_NUM
 62
     5
100
AcDbText
 10
327945.8605831897
 20
1631728.21153516
 30
0.0
 40
2.5
  1
1
  7
MONOTXT4
 11
327945.8605831897
 21
1631727.378201827
 31
0.0
100
AcDbText
 73
     1
  0
TEXT
  5
6A4
330
1F
100
AcDbEntity
  8
CVL_PUNTO_NUM
 62
     5
100
AcDbText
 10
327948.9901177528
 20
1631737.252323819
 30
0.0
 40
2.5
  1
2
  7
MONOTXT4
 11
327948.9901177528
 21
1631736.418990486
 31
0.0
100
AcDbText
 73
     1
  0
TEXT
  5
6A5
330
1F
100
AcDbEntity
  8
CVL_PUNTO_NUM
 62
     5
100
AcDbText
 10
327952.4698159548
 20
1631746.451915799
 30
0.0
 40
2.5
  1
3
  7
MONOTXT4
 11
327952.4698159548
 21
1631745.618582465
 31
0.0
100
AcDbText
 73
     1
  0
TEXT
  5
6A6
330
1F
100
AcDbEntity
  8
CVL_PUNTO_NUM
 62
     5
100
AcDbText
 10
327955.7448241408
 20
1631756.060379056
 30
0.0
 40
2.5
  1
4
  7
MONOTXT4
 11
327955.7448241408
 21
1631755.227045723
 31
0.0
100
AcDbText
 73
     1
  0
TEXT
  5
6A7
330
1F
100
AcDbEntity
  8
CVL_PUNTO_NUM
 62
     5
100
AcDbText
 10
327959.2541356032
 20
1631765.779574769
 30
0.0
 40
2.5
  1
5
  7
MONOTXT4
 11
327959.2541356032
 21
1631764.946241435
 31
0.0
100
AcDbText
 73
     1
  0
TEXT
  5
6A8
330
1F
100
AcDbEntity
  8
CVL_PUNTO_NUM
 62
     5
100
AcDbText
 10
327962.4528690505
 20
1631774.779575491
 30
0.0
 40
2.5
  1
6
  7
MONOTXT4
 11
327962.4528690505
 21
1631773.946242157
 31
0.0
100
AcDbText
 73
     1
  0
TEXT
  5
6A9
330
1F
100
AcDbEntity
  8
CVL_PUNTO_NUM
 62
     5
100
AcDbText
 10
327966.2230401863
 20
1631784.371041539
 30
0.0
 40
2.5
  1
7
  7
MONOTXT4
 11
327966.2230401863
 21
1631783.537708206
 31
0.0
100
AcDbText
 73
     1
  0
TEXT
  5
6AA
330
1F
100
AcDbEntity
  8
CVL_PUNTO_NUM
 62
     5
100
AcDbText
 10
327969.5048879146
 20
1631793.548870443
 30
0.0
 40
2.5
  1
8
  7
MONOTXT4
 11
327969.5048879146
 21
1631792.71553711
 31
0.0
100
AcDbText
 73
     1
  0
TEXT
  5
6AB
330
1F
100
AcDbEntity
  8
CVL_PUNTO_NUM
 62
     5
100
AcDbText
 10
327931.5057729316
 20
1631732.428325688
 30
0.0
 40
2.5
  1
16
  7
MONOTXT4
 11
327931.5057729316
 21
1631731.594992355
 31
0.0
100
AcDbText
 73
     1
  0
TEXT
  5
6AC
330
1F
100
AcDbEntity
  8
CVL_PUNTO_NUM
 62
     5
100
AcDbText
 10
327934.6353074947
 20
1631741.469114347
 30
0.0
 40
2.5
  1
15
  7
MONOTXT4
 11
327934.6353074947
 21
1631740.635781014
 31
0.0
100
AcDbText
 73
     1
  0
TEXT
  5
6AD
330
1F
100
AcDbEntity
  8
CVL_PUNTO_NUM
 62
     5
100
AcDbText
 10
327938.1150056967
 20
1631750.668706327
 30
0.0
 40
2.5
  1
14
  7
MONOTXT4
 11
327938.1150056967
 21
1631749.835372993
 31
0.0
100
AcDbText
 73
     1
  0
TEXT
  5
6AE
330
1F
100
AcDbEntity
  8
CVL_PUNTO_NUM
 62
     5
100
AcDbText
 10
327941.3900138826
 20
1631760.277169584
 30
0.0
 40
2.5
  1
13
  7
MONOTXT4
 11
327941.3900138826
 21
1631759.443836251
 31
0.0
100
AcDbText
 73
     1
  0
TEXT
  5
6AF
330
1F
100
AcDbEntity
  8
CVL_PUNTO_NUM
 62
     5
100
AcDbText
 10
327944.899325345
 20
1631769.996365297
 30
0.0
 40
2.5
  1
12
  7
MONOTXT4
 11
327944.899325345
 21
1631769.163031964
 31
0.0
100
AcDbText
 73
     1
  0
TEXT
  5
6B0
330
1F
100
AcDbEntity
  8
CVL_PUNTO_NUM
 62
     5
100
AcDbText
 10
327948.0980587924
 20
1631778.996366019
 30
0.0
 40
2.5
  1
11
  7
MONOTXT4
 11
327948.0980587924
 21
1631778.163032685
 31
0.0
100
AcDbText
 73
     1
  0
TEXT
  5
6B1
330
1F
100
AcDbEntity
  8
CVL_PUNTO_NUM
 62
     5
100
AcDbText
 10
327951.8682299282
 20
1631788.587832067
 30
0.0
 40
2.5
  1
10
  7
MONOTXT4
 11
327951.8682299282
 21
1631787.754498734
 31
0.0
100
AcDbText
 73
     1
  0
TEXT
  5
6B2
330
1F
100
AcDbEntity
  8
CVL_PUNTO_NUM
 62
     5
100
AcDbText
 10
327955.1500776565
 20
1631797.765660971
 30
0.0
 40
2.5
  1
9
  7
MONOTXT4
 11
327955.1500776565
 21
1631796.932327638
 31
0.0
100
AcDbText
 73
     1
  0
LINE
  5
6B3
330
1F
100
AcDbEntity
  8
0
100
AcDbLine
 10
327900.1333901743
 20
1631781.147796195
 30
0.0
 11
327900.1333901743
 21
1631781.147796195
 31
0.0
  0
LINE
  5
6B4
330
1F
100
AcDbEntity
  8
0
100
AcDbLine
 10
327900.1333901743
 20
1631781.147796195
 30
0.0
 11
327900.1333901743
 21
1631781.147796195
 31
0.0
  0
LINE
  5
6B5
330
1F
100
AcDbEntity
  8
0
100
AcDbLine
 10
327900.1333901743
 20
1631781.147796195
 30
0.0
 11
327900.1333901743
 21
1631781.147796195
 31
0.0
  0
LINE
  5
6B6
330
1F
100
AcDbEntity
  8
0
100
AcDbLine
 10
327900.1333901743
 20
1631781.147796195
 30
0.0
 11
327900.1333901743
 21
1631781.147796195
 31
0.0
  0
LINE
  5
6B7
330
1F
100
AcDbEntity
  8
0
100
AcDbLine
 10
327900.1333901743
 20
1631781.147796195
 30
0.0
 11
327900.1333901743
 21
1631781.147796195
 31
0.0
  0
LINE
  5
6B8
330
1F
100
AcDbEntity
  8
0
100
AcDbLine
 10
327900.1333901743
 20
1631781.147796195
 30
0.0
 11
327899.1661484525
 21
1631781.470425923
 31
0.0
  0
TEXT
  5
6BD
330
1F
100
AcDbEntity
  8
CVL_PUNTO_NUM
 62
     5
100
AcDbText
 10
327907.0152486963
 20
1631740.72681629
 30
0.0
 40
2.5
  1
1
  7
MONOTXT4
 11
327907.0152486963
 21
1631739.893482957
 31
0.0
100
AcDbText
 73
     1
  0
TEXT
  5
6BE
330
1F
100
AcDbEntity
  8
CVL_PUNTO_NUM
 62
     5
100
AcDbText
 10
327910.1447832595
 20
1631749.767604949
 30
0.0
 40
2.5
  1
2
  7
MONOTXT4
 11
327910.1447832595
 21
1631748.934271616
 31
0.0
100
AcDbText
 73
     1
  0
TEXT
  5
6BF
330
1F
100
AcDbEntity
  8
CVL_PUNTO_NUM
 62
     5
100
AcDbText
 10
327913.6244814614
 20
1631758.967196929
 30
0.0
 40
2.5
  1
3
  7
MONOTXT4
 11
327913.6244814614
 21
1631758.133863596
 31
0.0
100
AcDbText
 73
     1
  0
TEXT
  5
6C0
330
1F
100
AcDbEntity
  8
CVL_PUNTO_NUM
 62
     5
100
AcDbText
 10
327916.8994896474
 20
1631768.575660187
 30
0.0
 40
2.5
  1
4
  7
MONOTXT4
 11
327916.8994896474
 21
1631767.742326853
 31
0.0
100
AcDbText
 73
     1
  0
TEXT
  5
6C1
330
1F
100
AcDbEntity
  8
CVL_PUNTO_NUM
 62
     5
100
AcDbText
 10
327920.4088011098
 20
1631778.294855899
 30
0.0
 40
2.5
  1
5
  7
MONOTXT4
 11
327920.4088011098
 21
1631777.461522566
 31
0.0
100
AcDbText
 73
     1
  0
TEXT
  5
6C2
330
1F
100
AcDbEntity
  8
CVL_PUNTO_NUM
 62
     5
100
AcDbText
 10
327923.6075345571
 20
1631787.294856621
 30
0.0
 40
2.5
  1
6
  7
MONOTXT4
 11
327923.6075345571
 21
1631786.461523288
 31
0.0
100
AcDbText
 73
     1
  0
TEXT
  5
6C3
330
1F
100
AcDbEntity
  8
CVL_PUNTO_NUM
 62
     5
100
AcDbText
 10
327927.3777056929
 20
1631796.886322669
 30
0.0
 40
2.5
  1
7
  7
MONOTXT4
 11
327927.3777056929
 21
1631796.052989336
 31
0.0
100
AcDbText
 73
     1
  0
TEXT
  5
6C4
330
1F
100
AcDbEntity
  8
CVL_PUNTO_NUM
 62
     5
100
AcDbText
 10
327930.6595534212
 20
1631806.064151573
 30
0.0
 40
2.5
  1
8
  7
MONOTXT4
 11
327930.6595534212
 21
1631805.23081824
 31
0.0
100
AcDbText
 73
     1
  0
TEXT
  5
6C5
330
1F
100
AcDbEntity
  8
CVL_PUNTO_NUM
 62
     5
100
AcDbText
 10
327892.6604384382
 20
1631744.943606818
 30
0.0
 40
2.5
  1
16
  7
MONOTXT4
 11
327892.6604384382
 21
1631744.110273485
 31
0.0
100
AcDbText
 73
     1
  0
TEXT
  5
6C6
330
1F
100
AcDbEntity
  8
CVL_PUNTO_NUM
 62
     5
100
AcDbText
 10
327895.7899730013
 20
1631753.984395477
 30
0.0
 40
2.5
  1
15
  7
MONOTXT4
 11
327895.7899730013
 21
1631753.151062144
 31
0.0
100
AcDbText
 73
     1
  0
TEXT
  5
6C7
330
1F
100
AcDbEntity
  8
CVL_PUNTO_NUM
 62
     5
100
AcDbText
 10
327899.2696712033
 20
1631763.183987457
 30
0.0
 40
2.5
  1
14
  7
MONOTXT4
 11
327899.2696712033
 21
1631762.350654124
 31
0.0
100
AcDbText
 73
     1
  0
TEXT
  5
6C8
330
1F
100
AcDbEntity
  8
CVL_PUNTO_NUM
 62
     5
100
AcDbText
 10
327902.5446793892
 20
1631772.792450715
 30
0.0
 40
2.5
  1
13
  7
MONOTXT4
 11
327902.5446793892
 21
1631771.959117381
 31
0.0
100
AcDbText
 73
     1
  0
TEXT
  5
6C9
330
1F
100
AcDbEntity
  8
CVL_PUNTO_NUM
 62
     5
100
AcDbText
 10
327906.0539908516
 20
1631782.511646427
 30
0.0
 40
2.5
  1
12
  7
MONOTXT4
 11
327906.0539908516
 21
1631781.678313094
 31
0.0
100
AcDbText
 73
     1
  0
TEXT
  5
6CA
330
1F
100
AcDbEntity
  8
CVL_PUNTO_NUM
 62
     5
100
AcDbText
 10
327909.252724299
 20
1631791.511647149
 30
0.0
 40
2.5
  1
11
  7
MONOTXT4
 11
327909.252724299
 21
1631790.678313816
 31
0.0
100
AcDbText
 73
     1
  0
TEXT
  5
6CB
330
1F
100
AcDbEntity
  8
CVL_PUNTO_NUM
 62
     5
100
AcDbText
 10
327913.0228954348
 20
1631801.103113197
 30
0.0
 40
2.5
  1
10
  7
MONOTXT4
 11
327913.0228954348
 21
1631800.269779864
 31
0.0
100
AcDbText
 73
     1
  0
TEXT
  5
6CC
330
1F
100
AcDbEntity
  8
CVL_PUNTO_NUM
 62
     5
100
AcDbText
 10
327916.3047431631
 20
1631810.280942101
 30
0.0
 40
2.5
  1
9
  7
MONOTXT4
 11
327916.3047431631
 21
1631809.447608768
 31
0.0
100
AcDbText
 73
     1
  0
LINE
  5
6CD
330
1F
100
AcDbEntity
  8
0
100
AcDbLine
 10
327868.2534746633
 20
1631801.913375364
 30
0.0
 11
327868.2534746633
 21
1631801.913375364
 31
0.0
  0
LINE
  5
6CE
330
1F
100
AcDbEntity
  8
0
100
AcDbLine
 10
327868.2534746633
 20
1631801.913375364
 30
0.0
 11
327868.2534746633
 21
1631801.913375364
 31
0.0
  0
LINE
  5
6CF
330
1F
100
AcDbEntity
  8
0
100
AcDbLine
 10
327868.2534746633
 20
1631801.913375364
 30
0.0
 11
327868.2534746633
 21
1631801.913375364
 31
0.0
  0
LINE
  5
6D0
330
1F
100
AcDbEntity
  8
0
100
AcDbLine
 10
327868.2534746633
 20
1631801.913375364
 30
0.0
 11
327868.2534746633
 21
1631801.913375364
 31
0.0
  0
LINE
  5
6D1
330
1F
100
AcDbEntity
  8
0
100
AcDbLine
 10
327868.2534746633
 20
1631801.913375364
 30
0.0
 11
327868.2534746633
 21
1631801.913375364
 31
0.0
  0
LINE
  5
6D2
330
1F
100
AcDbEntity
  8
0
100
AcDbLine
 10
327868.2534746633
 20
1631801.913375364
 30
0.0
 11
327867.2862329414
 21
1631802.236005092
 31
0.0
  0
LINE
  5
6D3
330
1F
100
AcDbEntity
  8
0
100
AcDbLine
 10
327877.7460224328
 20
1631830.371968738
 30
0.0
 11
327877.7460224328
 21
1631830.371968738
 31
0.0
  0
LINE
  5
6D4
330
1F
100
AcDbEntity
  8
0
100
AcDbLine
 10
327877.7460224328
 20
1631830.371968738
 30
0.0
 11
327877.7460224328
 21
1631830.371968738
 31
0.0
  0
LINE
  5
6D5
330
1F
100
AcDbEntity
  8
0
100
AcDbLine
 10
327877.7460224328
 20
1631830.371968738
 30
0.0
 11
327877.7460224328
 21
1631830.371968738
 31
0.0
  0
LINE
  5
6D6
330
1F
100
AcDbEntity
  8
0
100
AcDbLine
 10
327877.7460224328
 20
1631830.371968738
 30
0.0
 11
327877.5064237082
 21
1631830.458733725
 31
0.0
  0
TEXT
  5
6D7
330
1F
100
AcDbEntity
  8
CVL_PUNTO_NUM
 62
     5
100
AcDbText
 10
327875.1353331853
 20
1631761.492395459
 30
0.0
 40
2.5
  1
1
  7
MONOTXT4
 11
327875.1353331853
 21
1631760.659062126
 31
0.0
100
AcDbText
 73
     1
  0
TEXT
  5
6D8
330
1F
100
AcDbEntity
  8
CVL_PUNTO_NUM
 62
     5
100
AcDbText
 10
327878.2648677484
 20
1631770.533184118
 30
0.0
 40
2.5
  1
2
  7
MONOTXT4
 11
327878.2648677484
 21
1631769.699850785
 31
0.0
100
AcDbText
 73
     1
  0
TEXT
  5
6D9
330
1F
100
AcDbEntity
  8
CVL_PUNTO_NUM
 62
     5
100
AcDbText
 10
327881.7445659504
 20
1631779.732776097
 30
0.0
 40
2.5
  1
3
  7
MONOTXT4
 11
327881.7445659504
 21
1631778.899442764
 31
0.0
100
AcDbText
 73
     1
  0
TEXT
  5
6DA
330
1F
100
AcDbEntity
  8
CVL_PUNTO_NUM
 62
     5
100
AcDbText
 10
327885.0195741363
 20
1631789.341239355
 30
0.0
 40
2.5
  1
4
  7
MONOTXT4
 11
327885.0195741363
 21
1631788.507906022
 31
0.0
100
AcDbText
 73
     1
  0
TEXT
  5
6DB
330
1F
100
AcDbEntity
  8
CVL_PUNTO_NUM
 62
     5
100
AcDbText
 10
327888.5288855987
 20
1631799.060435068
 30
0.0
 40
2.5
  1
5
  7
MONOTXT4
 11
327888.5288855987
 21
1631798.227101734
 31
0.0
100
AcDbText
 73
     1
  0
TEXT
  5
6DC
330
1F
100
AcDbEntity
  8
CVL_PUNTO_NUM
 62
     5
100
AcDbText
 10
327891.7276190461
 20
1631808.060435789
 30
0.0
 40
2.5
  1
6
  7
MONOTXT4
 11
327891.7276190461
 21
1631807.227102456
 31
0.0
100
AcDbText
 73
     1
  0
TEXT
  5
6DD
330
1F
100
AcDbEntity
  8
CVL_PUNTO_NUM
 62
     5
100
AcDbText
 10
327895.4977901819
 20
1631817.651901838
 30
0.0
 40
2.5
  1
7
  7
MONOTXT4
 11
327895.4977901819
 21
1631816.818568504
 31
0.0
100
AcDbText
 73
     1
  0
TEXT
  5
6DF
330
1F
100
AcDbEntity
  8
CVL_PUNTO_NUM
 62
     5
100
AcDbText
 10
327859.6226873173
 20
1631765.709185987
 30
0.0
 40
2.5
  1
14
  7
MONOTXT4
 11
327859.6226873173
 21
1631764.875852654
 31
0.0
100
AcDbText
 73
     1
  0
TEXT
  5
6E0
330
1F
100
AcDbEntity
  8
CVL_PUNTO_NUM
 62
     5
100
AcDbText
 10
327862.7522218804
 20
1631774.749974646
 30
0.0
 40
2.5
  1
13
  7
MONOTXT4
 11
327862.7522218804
 21
1631773.916641313
 31
0.0
100
AcDbText
 73
     1
  0
TEXT
  5
6E1
330
1F
100
AcDbEntity
  8
CVL_PUNTO_NUM
 62
     5
100
AcDbText
 10
327866.2319200824
 20
1631783.949566625
 30
0.0
 40
2.5
  1
12
  7
MONOTXT4
 11
327866.2319200824
 21
1631783.116233292
 31
0.0
100
AcDbText
 73
     1
  0
TEXT
  5
6E2
330
1F
100
AcDbEntity
  8
CVL_PUNTO_NUM
 62
     5
100
AcDbText
 10
327869.5069282684
 20
1631793.558029883
 30
0.0
 40
2.5
  1
11
  7
MONOTXT4
 11
327869.5069282684
 21
1631792.72469655
 31
0.0
100
AcDbText
 73
     1
  0
TEXT
  5
6E3
330
1F
100
AcDbEntity
  8
CVL_PUNTO_NUM
 62
     5
100
AcDbText
 10
327872.5829597773
 20
1631803.277225596
 30
0.0
 40
2.5
  1
10
  7
MONOTXT4
 11
327872.5829597773
 21
1631802.443892262
 31
0.0
100
AcDbText
 73
     1
  0
TEXT
  5
6E4
330
1F
100
AcDbEntity
  8
CVL_PUNTO_NUM
 62
     5
100
AcDbText
 10
327877.3728087879
 20
1631812.277226317
 30
0.0
 40
2.5
  1
9
  7
MONOTXT4
 11
327877.3728087879
 21
1631811.443892984
 31
0.0
100
AcDbText
 73
     1
  0
TEXT
  5
6E5
330
1F
100
AcDbEntity
  8
CVL_PUNTO_NUM
 62
     5
100
AcDbText
 10
327881.1429799237
 20
1631821.868692366
 30
0.0
 40
2.5
  1
8
  7
MONOTXT4
 11
327881.1429799237
 21
1631821.035359032
 31
0.0
100
AcDbText
 73
     1
  0
TEXT
  5
6E7
330
1F
100
AcDbEntity
  8
CVL_PUNTO_NUM
 62
     5
100
AcDbText
 10
327839.5701483503
 20
1631774.442860893
 30
0.0
 40
2.5
  1
1
  7
MONOTXT4
 11
327839.5701483503
 21
1631773.60952756
 31
0.0
100
AcDbText
 73
     1
  0
TEXT
  5
6E8
330
1F
100
AcDbEntity
  8
CVL_PUNTO_NUM
 62
     5
100
AcDbText
 10
327842.6996829134
 20
1631783.483649552
 30
0.0
 40
2.5
  1
2
  7
MONOTXT4
 11
327842.6996829134
 21
1631782.650316219
 31
0.0
100
AcDbText
 73
     1
  0
TEXT
  5
6E9
330
1F
100
AcDbEntity
  8
CVL_PUNTO_NUM
 62
     5
100
AcDbText
 10
327846.1793811154
 20
1631792.683241531
 30
0.0
 40
2.5
  1
3
  7
MONOTXT4
 11
327846.1793811154
 21
1631791.849908198
 31
0.0
100
AcDbText
 73
     1
  0
TEXT
  5
6EA
330
1F
100
AcDbEntity
  8
CVL_PUNTO_NUM
 62
     5
100
AcDbText
 10
327849.4543893013
 20
1631802.291704789
 30
0.0
 40
2.5
  1
4
  7
MONOTXT4
 11
327849.4543893013
 21
1631801.458371456
 31
0.0
100
AcDbText
 73
     1
  0
TEXT
  5
6EB
330
1F
100
AcDbEntity
  8
CVL_PUNTO_NUM
 62
     5
100
AcDbText
 10
327852.9637007637
 20
1631812.010900502
 30
0.0
 40
2.5
  1
5
  7
MONOTXT4
 11
327852.9637007637
 21
1631811.177567168
 31
0.0
100
AcDbText
 73
     1
  0
TEXT
  5
6EC
330
1F
100
AcDbEntity
  8
CVL_PUNTO_NUM
 62
     5
100
AcDbText
 10
327856.1624342111
 20
1631821.010901223
 30
0.0
 40
2.5
  1
6
  7
MONOTXT4
 11
327856.1624342111
 21
1631820.17756789
 31
0.0
100
AcDbText
 73
     1
  0
TEXT
  5
6ED
330
1F
100
AcDbEntity
  8
CVL_PUNTO_NUM
 62
     5
100
AcDbText
 10
327859.9326053469
 20
1631830.602367272
 30
0.0
 40
2.5
  1
7
  7
MONOTXT4
 11
327859.9326053469
 21
1631829.769033938
 31
0.0
100
AcDbText
 73
     1
  0
TEXT
  5
6EE
330
1F
100
AcDbEntity
  8
CVL_PUNTO_NUM
 62
     5
100
AcDbText
 10
327824.0575024823
 20
1631778.659651421
 30
0.0
 40
2.5
  1
14
  7
MONOTXT4
 11
327824.0575024823
 21
1631777.826318088
 31
0.0
100
AcDbText
 73
     1
  0
TEXT
  5
6EF
330
1F
100
AcDbEntity
  8
CVL_PUNTO_NUM
 62
     5
100
AcDbText
 10
327827.1870370455
 20
1631787.70044008
 30
0.0
 40
2.5
  1
13
  7
MONOTXT4
 11
327827.1870370455
 21
1631786.867106747
 31
0.0
100
AcDbText
 73
     1
  0
TEXT
  5
6F0
330
1F
100
AcDbEntity
  8
CVL_PUNTO_NUM
 62
     5
100
AcDbText
 10
327830.6667352474
 20
1631796.900032059
 30
0.0
 40
2.5
  1
12
  7
MONOTXT4
 11
327830.6667352474
 21
1631796.066698726
 31
0.0
100
AcDbText
 73
     1
  0
TEXT
  5
6F1
330
1F
100
AcDbEntity
  8
CVL_PUNTO_NUM
 62
     5
100
AcDbText
 10
327833.9417434334
 20
1631806.508495317
 30
0.0
 40
2.5
  1
11
  7
MONOTXT4
 11
327833.9417434334
 21
1631805.675161984
 31
0.0
100
AcDbText
 73
     1
  0
TEXT
  5
6F2
330
1F
100
AcDbEntity
  8
CVL_PUNTO_NUM
 62
     5
100
AcDbText
 10
327837.0177749423
 20
1631816.22769103
 30
0.0
 40
2.5
  1
10
  7
MONOTXT4
 11
327837.0177749423
 21
1631815.394357696
 31
0.0
100
AcDbText
 73
     1
  0
TEXT
  5
6F3
330
1F
100
AcDbEntity
  8
CVL_PUNTO_NUM
 62
     5
100
AcDbText
 10
327841.8076239529
 20
1631825.227691751
 30
0.0
 40
2.5
  1
9
  7
MONOTXT4
 11
327841.8076239529
 21
1631824.394358418
 31
0.0
100
AcDbText
 73
     1
  0
TEXT
  5
6F4
330
1F
100
AcDbEntity
  8
CVL_PUNTO_NUM
 62
     5
100
AcDbText
 10
327845.5777950887
 20
1631834.8191578
 30
0.0
 40
2.5
  1
8
  7
MONOTXT4
 11
327845.5777950887
 21
1631833.985824466
 31
0.0
100
AcDbText
 73
     1
  0
TEXT
  5
6F5
330
1F
100
AcDbEntity
  8
CVL_PUNTO_NUM
 62
     5
100
AcDbText
 10
328046.9876877439
 20
1631789.389938327
 30
0.0
 40
2.5
  1
1
  7
MONOTXT4
 11
328046.9876877439
 21
1631788.556604994
 31
0.0
100
AcDbText
 73
     1
  0
TEXT
  5
6F6
330
1F
100
AcDbEntity
  8
CVL_PUNTO_NUM
 62
     5
100
AcDbText
 10
328050.117222307
 20
1631798.430726986
 30
0.0
 40
2.5
  1
2
  7
MONOTXT4
 11
328050.117222307
 21
1631797.597393653
 31
0.0
100
AcDbText
 73
     1
  0
TEXT
  5
6F7
330
1F
100
AcDbEntity
  8
CVL_PUNTO_NUM
 62
     5
100
AcDbText
 10
328053.596920509
 20
1631807.630318966
 30
0.0
 40
2.5
  1
3
  7
MONOTXT4
 11
328053.596920509
 21
1631806.796985633
 31
0.0
100
AcDbText
 73
     1
  0
TEXT
  5
6F8
330
1F
100
AcDbEntity
  8
CVL_PUNTO_NUM
 62
     5
100
AcDbText
 10
328056.871928695
 20
1631817.238782224
 30
0.0
 40
2.5
  1
4
  7
MONOTXT4
 11
328056.871928695
 21
1631816.40544889
 31
0.0
100
AcDbText
 73
     1
  0
TEXT
  5
6F9
330
1F
100
AcDbEntity
  8
CVL_PUNTO_NUM
 62
     5
100
AcDbText
 10
328060.3812401574
 20
1631826.957977936
 30
0.0
 40
2.5
  1
5
  7
MONOTXT4
 11
328060.3812401574
 21
1631826.124644603
 31
0.0
100
AcDbText
 73
     1
  0
TEXT
  5
6FA
330
1F
100
AcDbEntity
  8
CVL_PUNTO_NUM
 62
     5
100
AcDbText
 10
328063.5799736047
 20
1631835.957978658
 30
0.0
 40
2.5
  1
6
  7
MONOTXT4
 11
328063.5799736047
 21
1631835.124645325
 31
0.0
100
AcDbText
 73
     1
  0
TEXT
  5
6FB
330
1F
100
AcDbEntity
  8
CVL_PUNTO_NUM
 62
     5
100
AcDbText
 10
328067.3501447405
 20
1631845.549444706
 30
0.0
 40
2.5
  1
7
  7
MONOTXT4
 11
328067.3501447405
 21
1631844.716111373
 31
0.0
100
AcDbText
 73
     1
  0
TEXT
  5
6FC
330
1F
100
AcDbEntity
  8
CVL_PUNTO_NUM
 62
     5
100
AcDbText
 10
328070.6319924688
 20
1631854.72727361
 30
0.0
 40
2.5
  1
8
  7
MONOTXT4
 11
328070.6319924688
 21
1631853.893940277
 31
0.0
100
AcDbText
 73
     1
  0
TEXT
  5
6FD
330
1F
100
AcDbEntity
  8
CVL_PUNTO_NUM
 62
     5
100
AcDbText
 10
328032.6328774858
 20
1631793.606728855
 30
0.0
 40
2.5
  1
16
  7
MONOTXT4
 11
328032.6328774858
 21
1631792.773395522
 31
0.0
100
AcDbText
 73
     1
  0
TEXT
  5
6FE
330
1F
100
AcDbEntity
  8
CVL_PUNTO_NUM
 62
     5
100
AcDbText
 10
328035.7624120489
 20
1631802.647517514
 30
0.0
 40
2.5
  1
15
  7
MONOTXT4
 11
328035.7624120489
 21
1631801.814184181
 31
0.0
100
AcDbText
 73
     1
  0
TEXT
  5
6FF
330
1F
100
AcDbEntity
  8
CVL_PUNTO_NUM
 62
     5
100
AcDbText
 10
328039.2421102509
 20
1631811.847109494
 30
0.0
 40
2.5
  1
14
  7
MONOTXT4
 11
328039.2421102509
 21
1631811.013776161
 31
0.0
100
AcDbText
 73
     1
  0
TEXT
  5
700
330
1F
100
AcDbEntity
  8
CVL_PUNTO_NUM
 62
     5
100
AcDbText
 10
328042.5171184368
 20
1631821.455572752
 30
0.0
 40
2.5
  1
13
  7
MONOTXT4
 11
328042.5171184368
 21
1631820.622239418
 31
0.0
100
AcDbText
 73
     1
  0
TEXT
  5
701
330
1F
100
AcDbEntity
  8
CVL_PUNTO_NUM
 62
     5
100
AcDbText
 10
328046.0264298992
 20
1631831.174768464
 30
0.0
 40
2.5
  1
12
  7
MONOTXT4
 11
328046.0264298992
 21
1631830.341435131
 31
0.0
100
AcDbText
 73
     1
  0
TEXT
  5
702
330
1F
100
AcDbEntity
  8
CVL_PUNTO_NUM
 62
     5
100
AcDbText
 10
328049.2251633466
 20
1631840.174769186
 30
0.0
 40
2.5
  1
11
  7
MONOTXT4
 11
328049.2251633466
 21
1631839.341435853
 31
0.0
100
AcDbText
 73
     1
  0
TEXT
  5
703
330
1F
100
AcDbEntity
  8
CVL_PUNTO_NUM
 62
     5
100
AcDbText
 10
328052.9953344824
 20
1631849.766235234
 30
0.0
 40
2.5
  1
10
  7
MONOTXT4
 11
328052.9953344824
 21
1631848.932901901
 31
0.0
100
AcDbText
 73
     1
  0
TEXT
  5
704
330
1F
100
AcDbEntity
  8
CVL_PUNTO_NUM
 62
     5
100
AcDbText
 10
328056.2771822107
 20
1631858.944064138
 30
0.0
 40
2.5
  1
9
  7
MONOTXT4
 11
328056.2771822107
 21
1631858.110730805
 31
0.0
100
AcDbText
 73
     1
  0
TEXT
  5
705
330
1F
100
AcDbEntity
  8
CVL_PUNTO_NUM
 62
     5
100
AcDbText
 10
328011.5783935698
 20
1631800.576095021
 30
0.0
 40
2.5
  1
1
  7
MONOTXT4
 11
328011.5783935698
 21
1631799.742761687
 31
0.0
100
AcDbText
 73
     1
  0
TEXT
  5
706
330
1F
100
AcDbEntity
  8
CVL_PUNTO_NUM
 62
     5
100
AcDbText
 10
328014.7079281329
 20
1631809.616883679
 30
0.0
 40
2.5
  1
2
  7
MONOTXT4
 11
328014.7079281329
 21
1631808.783550346
 31
0.0
100
AcDbText
 73
     1
  0
TEXT
  5
707
330
1F
100
AcDbEntity
  8
CVL_PUNTO_NUM
 62
     5
100
AcDbText
 10
328018.1876263349
 20
1631818.816475659
 30
0.0
 40
2.5
  1
3
  7
MONOTXT4
 11
328018.1876263349
 21
1631817.983142326
 31
0.0
100
AcDbText
 73
     1
  0
TEXT
  5
708
330
1F
100
AcDbEntity
  8
CVL_PUNTO_NUM
 62
     5
100
AcDbText
 10
328021.4626345209
 20
1631828.424938917
 30
0.0
 40
2.5
  1
4
  7
MONOTXT4
 11
328021.4626345209
 21
1631827.591605584
 31
0.0
100
AcDbText
 73
     1
  0
TEXT
  5
709
330
1F
100
AcDbEntity
  8
CVL_PUNTO_NUM
 62
     5
100
AcDbText
 10
328024.9719459833
 20
1631838.144134629
 30
0.0
 40
2.5
  1
5
  7
MONOTXT4
 11
328024.9719459833
 21
1631837.310801296
 31
0.0
100
AcDbText
 73
     1
  0
TEXT
  5
70A
330
1F
100
AcDbEntity
  8
CVL_PUNTO_NUM
 62
     5
100
AcDbText
 10
328028.1706794306
 20
1631847.144135351
 30
0.0
 40
2.5
  1
6
  7
MONOTXT4
 11
328028.1706794306
 21
1631846.310802018
 31
0.0
100
AcDbText
 73
     1
  0
TEXT
  5
70B
330
1F
100
AcDbEntity
  8
CVL_PUNTO_NUM
 62
     5
100
AcDbText
 10
328031.9408505664
 20
1631856.735601399
 30
0.0
 40
2.5
  1
7
  7
MONOTXT4
 11
328031.9408505664
 21
1631855.902268066
 31
0.0
100
AcDbText
 73
     1
  0
TEXT
  5
70C
330
1F
100
AcDbEntity
  8
CVL_PUNTO_NUM
 62
     5
100
AcDbText
 10
328035.2226982947
 20
1631865.913430303
 30
0.0
 40
2.5
  1
8
  7
MONOTXT4
 11
328035.2226982947
 21
1631865.08009697
 31
0.0
100
AcDbText
 73
     1
  0
TEXT
  5
70D
330
1F
100
AcDbEntity
  8
CVL_PUNTO_NUM
 62
     5
100
AcDbText
 10
328010.2477807355
 20
1631843.389260234
 30
0.0
 40
2.5
  1
16
  7
MONOTXT4
 11
328010.2477807355
 21
1631842.5559269
 31
0.0
100
AcDbText
 73
     1
  0
TEXT
  5
70E
330
1F
100
AcDbEntity
  8
CVL_PUNTO_NUM
 62
     5
100
AcDbText
 10
328013.3773152986
 20
1631852.430048893
 30
0.0
 40
2.5
  1
15
  7
MONOTXT4
 11
328013.3773152986
 21
1631851.596715559
 31
0.0
100
AcDbText
 73
     1
  0
TEXT
  5
70F
330
1F
100
AcDbEntity
  8
CVL_PUNTO_NUM
 62
     5
100
AcDbText
 10
328016.8570135006
 20
1631861.629640872
 30
0.0
 40
2.5
  1
14
  7
MONOTXT4
 11
328016.8570135006
 21
1631860.796307539
 31
0.0
100
AcDbText
 73
     1
  0
TEXT
  5
710
330
1F
100
AcDbEntity
  8
CVL_PUNTO_NUM
 62
     5
100
AcDbText
 10
328020.1320216866
 20
1631871.23810413
 30
0.0
 40
2.5
  1
13
  7
MONOTXT4
 11
328020.1320216866
 21
1631870.404770797
 31
0.0
100
AcDbText
 73
     1
  0
TEXT
  5
711
330
1F
100
AcDbEntity
  8
CVL_PUNTO_NUM
 62
     5
100
AcDbText
 10
328023.641333149
 20
1631880.957299842
 30
0.0
 40
2.5
  1
12
  7
MONOTXT4
 11
328023.641333149
 21
1631880.123966509
 31
0.0
100
AcDbText
 73
     1
  0
TEXT
  5
712
330
1F
100
AcDbEntity
  8
CVL_PUNTO_NUM
 62
     5
100
AcDbText
 10
328026.8400665963
 20
1631889.957300564
 30
0.0
 40
2.5
  1
11
  7
MONOTXT4
 11
328026.8400665963
 21
1631889.123967231
 31
0.0
100
AcDbText
 73
     1
  0
TEXT
  5
713
330
1F
100
AcDbEntity
  8
CVL_PUNTO_NUM
 62
     5
100
AcDbText
 10
328041.6764516603
 20
1631885.436937187
 30
0.0
 40
2.5
  1
10
  7
MONOTXT4
 11
328041.6764516603
 21
1631884.603603854
 31
0.0
100
AcDbText
 73
     1
  0
TEXT
  5
714
330
1F
100
AcDbEntity
  8
CVL_PUNTO_NUM
 62
     5
100
AcDbText
 10
328039.1628030258
 20
1631875.58818909
 30
0.0
 40
2.5
  1
9
  7
MONOTXT4
 11
328039.1628030258
 21
1631874.754855756
 31
0.0
100
AcDbText
 73
     1
  0
TEXT
  5
715
330
1F
100
AcDbEntity
  8
CVL_PUNTO_NUM
 62
     5
100
AcDbText
 10
327975.084217596
 20
1631813.436381291
 30
0.0
 40
2.5
  1
1
  7
MONOTXT4
 11
327975.084217596
 21
1631812.603047958
 31
0.0
100
AcDbText
 73
     1
  0
TEXT
  5
716
330
1F
100
AcDbEntity
  8
CVL_PUNTO_NUM
 62
     5
100
AcDbText
 10
327978.2137521591
 20
1631822.47716995
 30
0.0
 40
2.5
  1
2
  7
MONOTXT4
 11
327978.2137521591
 21
1631821.643836617
 31
0.0
100
AcDbText
 73
     1
  0
TEXT
  5
717
330
1F
100
AcDbEntity
  8
CVL_PUNTO_NUM
 62
     5
100
AcDbText
 10
327981.693450361
 20
1631831.67676193
 30
0.0
 40
2.5
  1
3
  7
MONOTXT4
 11
327981.693450361
 21
1631830.843428597
 31
0.0
100
AcDbText
 73
     1
  0
TEXT
  5
718
330
1F
100
AcDbEntity
  8
CVL_PUNTO_NUM
 62
     5
100
AcDbText
 10
327984.968458547
 20
1631841.285225188
 30
0.0
 40
2.5
  1
4
  7
MONOTXT4
 11
327984.968458547
 21
1631840.451891855
 31
0.0
100
AcDbText
 73
     1
  0
TEXT
  5
719
330
1F
100
AcDbEntity
  8
CVL_PUNTO_NUM
 62
     5
100
AcDbText
 10
327988.4777700094
 20
1631851.0044209
 30
0.0
 40
2.5
  1
5
  7
MONOTXT4
 11
327988.4777700094
 21
1631850.171087567
 31
0.0
100
AcDbText
 73
     1
  0
TEXT
  5
71A
330
1F
100
AcDbEntity
  8
CVL_PUNTO_NUM
 62
     5
100
AcDbText
 10
327991.6765034567
 20
1631860.004421622
 30
0.0
 40
2.5
  1
6
  7
MONOTXT4
 11
327991.6765034567
 21
1631859.171088289
 31
0.0
100
AcDbText
 73
     1
  0
TEXT
  5
71B
330
1F
100
AcDbEntity
  8
CVL_PUNTO_NUM
 62
     5
100
AcDbText
 10
327995.4466745925
 20
1631869.59588767
 30
0.0
 40
2.5
  1
7
  7
MONOTXT4
 11
327995.4466745925
 21
1631868.762554337
 31
0.0
100
AcDbText
 73
     1
  0
TEXT
  5
71C
330
1F
100
AcDbEntity
  8
CVL_PUNTO_NUM
 62
     5
100
AcDbText
 10
328000.659180644
 20
1631881.740293594
 30
0.0
 40
2.5
  1
8
  7
MONOTXT4
 11
328000.659180644
 21
1631880.90696026
 31
0.0
100
AcDbText
 73
     1
  0
TEXT
  5
71D
330
1F
100
AcDbEntity
  8
CVL_PUNTO_NUM
 62
     5
100
AcDbText
 10
327960.7294073378
 20
1631817.65317182
 30
0.0
 40
2.5
  1
16
  7
MONOTXT4
 11
327960.7294073378
 21
1631816.819838486
 31
0.0
100
AcDbText
 73
     1
  0
TEXT
  5
71E
330
1F
100
AcDbEntity
  8
CVL_PUNTO_NUM
 62
     5
100
AcDbText
 10
327963.8589419009
 20
1631826.693960478
 30
0.0
 40
2.5
  1
15
  7
MONOTXT4
 11
327963.8589419009
 21
1631825.860627145
 31
0.0
100
AcDbText
 73
     1
  0
TEXT
  5
71F
330
1F
100
AcDbEntity
  8
CVL_PUNTO_NUM
 62
     5
100
AcDbText
 10
327967.3386401029
 20
1631835.893552458
 30
0.0
 40
2.5
  1
14
  7
MONOTXT4
 11
327967.3386401029
 21
1631835.060219125
 31
0.0
100
AcDbText
 73
     1
  0
TEXT
  5
720
330
1F
100
AcDbEntity
  8
CVL_PUNTO_NUM
 62
     5
100
AcDbText
 10
327970.6136482889
 20
1631845.502015716
 30
0.0
 40
2.5
  1
13
  7
MONOTXT4
 11
327970.6136482889
 21
1631844.668682383
 31
0.0
100
AcDbText
 73
     1
  0
TEXT
  5
721
330
1F
100
AcDbEntity
  8
CVL_PUNTO_NUM
 62
     5
100
AcDbText
 10
327974.1229597513
 20
1631855.221211428
 30
0.0
 40
2.5
  1
12
  7
MONOTXT4
 11
327974.1229597513
 21
1631854.387878095
 31
0.0
100
AcDbText
 73
     1
  0
TEXT
  5
722
330
1F
100
AcDbEntity
  8
CVL_PUNTO_NUM
 62
     5
100
AcDbText
 10
327977.3216931986
 20
1631864.22121215
 30
0.0
 40
2.5
  1
11
  7
MONOTXT4
 11
327977.3216931986
 21
1631863.387878817
 31
0.0
100
AcDbText
 73
     1
  0
TEXT
  5
723
330
1F
100
AcDbEntity
  8
CVL_PUNTO_NUM
 62
     5
100
AcDbText
 10
327983.4264280814
 20
1631878.621771638
 30
0.0
 40
2.5
  1
10
  7
MONOTXT4
 11
327983.4264280814
 21
1631877.788438304
 31
0.0
100
AcDbText
 73
     1
  0
TEXT
  5
724
330
1F
100
AcDbEntity
  8
CVL_PUNTO_NUM
 62
     5
100
AcDbText
 10
328005.2648987441
 20
1631887.211483006
 30
0.0
 40
2.5
  1
9
  7
MONOTXT4
 11
328005.2648987441
 21
1631886.378149673
 31
0.0
100
AcDbText
 73
     1
  0
TEXT
  5
725
330
1F
100
AcDbEntity
  8
CVL_PUNTO_NUM
 62
     5
100
AcDbText
 10
328006.6838356433
 20
1631833.659838585
 30
0.0
 40
2.5
  1
17
  7
MONOTXT4
 11
328006.6838356433
 21
1631832.826505252
 31
0.0
100
AcDbText
 73
     1
  0
TEXT
  5
726
330
1F
100
AcDbEntity
  8
CVL_PUNTO_NUM
 62
     5
100
AcDbText
 10
328002.4071028829
 20
1631823.455811513
 30
0.0
 40
2.5
  1
18
  7
MONOTXT4
 11
328002.4071028829
 21
1631822.622478179
 31
0.0
100
AcDbText
 73
     1
  0
TEXT
  5
727
330
1F
100
AcDbEntity
  8
CVL_PUNTO_NUM
 62
     5
100
AcDbText
 10
327999.0807542427
 20
1631813.96369323
 30
0.0
 40
2.5
  1
19
  7
MONOTXT4
 11
327999.0807542427
 21
1631813.130359897
 31
0.0
100
AcDbText
 73
     1
  0
TEXT
  5
728
330
1F
100
AcDbEntity
  8
CVL_PUNTO_NUM
 62
     5
100
AcDbText
 10
327995.7544072905
 20
1631804.946181025
 30
0.0
 40
2.5
  1
20
  7
MONOTXT4
 11
327995.7544072905
 21
1631804.112847692
 31
0.0
100
AcDbText
 73
     1
  0
TEXT
  5
729
330
1F
100
AcDbEntity
  8
CVL_PUNTO_NUM
 62
     5
100
AcDbText
 10
328071.5421266618
 20
1631784.835494307
 30
0.0
 40
2.5
  1
1
  7
MONOTXT4
 11
328071.5421266618
 21
1631784.002160973
 31
0.0
100
AcDbText
 73
     1
  0
TEXT
  5
72A
330
1F
100
AcDbEntity
  8
CVL_PUNTO_NUM
 62
     5
100
AcDbText
 10
328077.0347906315
 20
1631799.419022008
 30
0.0
 40
2.5
  1
2
  7
MONOTXT4
 11
328077.0347906315
 21
1631798.585688674
 31
0.0
100
AcDbText
 73
     1
  0
TEXT
  5
72B
330
1F
100
AcDbEntity
  8
CVL_PUNTO_NUM
 62
     5
100
AcDbText
 10
328080.5144888335
 20
1631808.618613987
 30
0.0
 40
2.5
  1
3
  7
MONOTXT4
 11
328080.5144888335
 21
1631807.785280654
 31
0.0
100
AcDbText
 73
     1
  0
TEXT
  5
72C
330
1F
100
AcDbEntity
  8
CVL_PUNTO_NUM
 62
     5
100
AcDbText
 10
328083.7894970194
 20
1631818.227077245
 30
0.0
 40
2.5
  1
4
  7
MONOTXT4
 11
328083.7894970194
 21
1631817.393743912
 31
0.0
100
AcDbText
 73
     1
  0
TEXT
  5
72D
330
1F
100
AcDbEntity
  8
CVL_PUNTO_NUM
 62
     5
100
AcDbText
 10
328086.6424385985
 20
1631828.864055521
 30
0.0
 40
2.5
  1
5
  7
MONOTXT4
 11
328086.6424385985
 21
1631828.030722187
 31
0.0
100
AcDbText
 73
     1
  0
TEXT
  5
72E
330
1F
100
AcDbEntity
  8
CVL_PUNTO_NUM
 62
     5
100
AcDbText
 10
328090.7490014516
 20
1631838.807086643
 30
0.0
 40
2.5
  1
6
  7
MONOTXT4
 11
328090.7490014516
 21
1631837.97375331
 31
0.0
100
AcDbText
 73
     1
  0
TEXT
  5
72F
330
1F
100
AcDbEntity
  8
CVL_PUNTO_NUM
 62
     5
100
AcDbText
 10
327806.5857007606
 20
1631790.188023336
 30
0.0
 40
2.5
  1
1
  7
MONOTXT4
 11
327806.5857007606
 21
1631789.354690003
 31
0.0
100
AcDbText
 73
     1
  0
TEXT
  5
730
330
1F
100
AcDbEntity
  8
CVL_PUNTO_NUM
 62
     5
100
AcDbText
 10
327797.3694579276
 20
1631793.094822889
 30
0.0
 40
2.5
  1
2
  7
MONOTXT4
 11
327797.3694579276
 21
1631792.261489556
 31
0.0
100
AcDbText
 73
     1
  0
TEXT
  5
731
330
1F
100
AcDbEntity
  8
CVL_PUNTO_NUM
 62
     5
100
AcDbText
 10
327784.0301593569
 20
1631795.759388327
 30
0.0
 40
2.5
  1
3
  7
MONOTXT4
 11
327784.0301593569
 21
1631794.926054994
 31
0.0
100
AcDbText
 73
     1
  0
TEXT
  5
732
330
1F
100
AcDbEntity
  8
CVL_PUNTO_NUM
 62
     5
100
AcDbText
 10
327819.1974016571
 20
1631822.647281408
 30
0.0
 40
2.5
  1
1
  7
MONOTXT4
 11
327819.1974016571
 21
1631821.813948074
 31
0.0
100
AcDbText
 73
     1
  0
TEXT
  5
733
330
1F
100
AcDbEntity
  8
CVL_PUNTO_NUM
 62
     5
100
AcDbText
 10
327814.1042145618
 20
1631810.777851047
 30
0.0
 40
2.5
  1
2
  7
MONOTXT4
 11
327814.1042145618
 21
1631809.944517713
 31
0.0
100
AcDbText
 73
     1
  0
TEXT
  5
734
330
1F
100
AcDbEntity
  8
CVL_PUNTO_NUM
 62
     5
100
AcDbText
 10
327804.4029060501
 20
1631812.715717415
 30
0.0
 40
2.5
  1
3
  7
MONOTXT4
 11
327804.4029060501
 21
1631811.882384082
 31
0.0
100
AcDbText
 73
     1
  0
TEXT
  5
735
330
1F
100
AcDbEntity
  8
CVL_PUNTO_NUM
 62
     5
100
AcDbText
 10
327938.273022419
 20
1631825.123506147
 30
0.0
 40
2.5
  1
1
  7
MONOTXT4
 11
327938.273022419
 21
1631824.290172814
 31
0.0
100
AcDbText
 73
     1
  0
TEXT
  5
736
330
1F
100
AcDbEntity
  8
CVL_PUNTO_NUM
 62
     5
100
AcDbText
 10
327941.4025569821
 20
1631834.164294806
 30
0.0
 40
2.5
  1
2
  7
MONOTXT4
 11
327941.4025569821
 21
1631833.330961473
 31
0.0
100
AcDbText
 73
     1
  0
TEXT
  5
737
330
1F
100
AcDbEntity
  8
CVL_PUNTO_NUM
 62
     5
100
AcDbText
 10
327944.8822551841
 20
1631843.363886786
 30
0.0
 40
2.5
  1
3
  7
MONOTXT4
 11
327944.8822551841
 21
1631842.530553452
 31
0.0
100
AcDbText
 73
     1
  0
TEXT
  5
738
330
1F
100
AcDbEntity
  8
CVL_PUNTO_NUM
 62
     5
100
AcDbText
 10
327948.1572633701
 20
1631852.972350043
 30
0.0
 40
2.5
  1
4
  7
MONOTXT4
 11
327948.1572633701
 21
1631852.13901671
 31
0.0
100
AcDbText
 73
     1
  0
TEXT
  5
739
330
1F
100
AcDbEntity
  8
CVL_PUNTO_NUM
 62
     5
100
AcDbText
 10
327951.6665748325
 20
1631862.691545756
 30
0.0
 40
2.5
  1
5
  7
MONOTXT4
 11
327951.6665748325
 21
1631861.858212422
 31
0.0
100
AcDbText
 73
     1
  0
TEXT
  5
73A
330
1F
100
AcDbEntity
  8
CVL_PUNTO_NUM
 62
     5
100
AcDbText
 10
327923.9315268517
 20
1631829.801933296
 30
0.0
 40
2.5
  1
6
  7
MONOTXT4
 11
327923.9315268517
 21
1631828.968599963
 31
0.0
100
AcDbText
 73
     1
  0
TEXT
  5
73B
330
1F
100
AcDbEntity
  8
CVL_PUNTO_NUM
 62
     5
100
AcDbText
 10
327927.7016979875
 20
1631839.393399345
 30
0.0
 40
2.5
  1
7
  7
MONOTXT4
 11
327927.7016979875
 21
1631838.560066011
 31
0.0
100
AcDbText
 73
     1
  0
TEXT
  5
73C
330
1F
100
AcDbEntity
  8
CVL_PUNTO_NUM
 62
     5
100
AcDbText
 10
327932.9338078014
 20
1631852.466936534
 30
0.0
 40
2.5
  1
8
  7
MONOTXT4
 11
327932.9338078014
 21
1631851.633603201
 31
0.0
100
AcDbText
 73
     1
  0
TEXT
  5
780
330
1F
100
AcDbEntity
  8
CVL_PUNTO_NUM
 62
     5
100
AcDbText
 10
328061.3560292938
 20
1631696.40816863
 30
0.0
 40
2.5
  1
8
  7
MONOTXT4
 11
328061.3560292938
 21
1631695.574835296
 31
0.0
100
AcDbText
 73
     1
  0
TEXT
  5
781
330
1F
100
AcDbEntity
  8
CVL_PUNTO_NUM
 62
     7
100
AcDbText
 10
328035.6775440788
 20
1631695.578266534
 30
0.0
 40
1.862696263103601
  1
9.40
 50
71.55354596058005
  7
MONOTXT4
 11
328036.266540918
 21
1631695.381802831
 31
0.0
100
AcDbText
 73
     1
  0
TEXT
  5
783
330
1F
100
AcDbEntity
  8
CVL_PUNTO_NUM
 62
     7
100
AcDbText
 10
328038.9528746617
 20
1631704.676533476
 30
0.0
 40
1.862696263103601
  1
10.00
 50
71.55354596058005
  7
MONOTXT4
 11
328039.5418715009
 21
1631704.480069773
 31
0.0
100
AcDbText
 73
     1
  0
TEXT
  5
784
330
1F
100
AcDbEntity
  8
CVL_PUNTO_NUM
 62
     7
100
AcDbText
 10
328041.9211432134
 20
1631713.774800418
 30
0.0
 40
1.862696263103601
  1
10.00
 50
71.55354596058005
  7
MONOTXT4
 11
328042.5101400527
 21
1631713.578336715
 31
0.0
100
AcDbText
 73
     1
  0
TEXT
  5
785
330
1F
100
AcDbEntity
  8
CVL_PUNTO_NUM
 62
     7
100
AcDbText
 10
328045.31165223
 20
1631723.230554435
 30
0.0
 40
1.862696263103601
  1
10.00
 50
71.55354596058005
  7
MONOTXT4
 11
328045.9006490693
 21
1631723.034090732
 31
0.0
100
AcDbText
 73
     1
  0
TEXT
  5
786
330
1F
100
AcDbEntity
  8
CVL_PUNTO_NUM
 62
     7
100
AcDbText
 10
328048.7916913964
 20
1631732.328821377
 30
0.0
 40
1.862696263103601
  1
10.00
 50
71.55354596058005
  7
MONOTXT4
 11
328049.3806882356
 21
1631732.132357675
 31
0.0
100
AcDbText
 73
     1
  0
TEXT
  5
787
330
1F
100
AcDbEntity
  8
CVL_PUNTO_NUM
 62
     7
100
AcDbText
 10
328051.9646685315
 20
1631741.631544242
 30
0.0
 40
1.862696263103601
  1
10.00
 50
71.55354596058005
  7
MONOTXT4
 11
328052.5536653708
 21
1631741.435080539
 31
0.0
100
AcDbText
 73
     1
  0
TEXT
  5
788
330
1F
100
AcDbEntity
  8
CVL_PUNTO_NUM
 62
     7
100
AcDbText
 10
328057.7078771589
 20
1631756.317226623
 30
0.0
 40
1.862696263103601
  1
20.00
 50
71.55354596058005
  7
MONOTXT4
 11
328058.2968739982
 21
1631756.12076292
 31
0.0
100
AcDbText
 73
     1
  0
TEXT
  5
789
330
1F
100
AcDbEntity
  8
CVL_PUNTO_NUM
 62
     7
100
AcDbText
 10
328068.4550566891
 20
1631753.148167028
 30
0.0
 40
1.862696263103601
  1
20.00
 50
71.55354596058005
  7
MONOTXT4
 11
328069.0440535283
 21
1631752.951703325
 31
0.0
100
AcDbText
 73
     1
  0
TEXT
  5
78A
330
1F
100
AcDbEntity
  8
CVL_PUNTO_NUM
 62
     7
100
AcDbText
 10
328063.233315905
 20
1631738.489538985
 30
0.0
 40
1.862696263103601
  1
10.00
 50
71.55354596058005
  7
MONOTXT4
 11
328063.8223127442
 21
1631738.293075282
 31
0.0
100
AcDbText
 73
     1
  0
TEXT
  5
78B
330
1F
100
AcDbEntity
  8
CVL_PUNTO_NUM
 62
     7
100
AcDbText
 10
328062.1074212281
 20
1631728.573449663
 30
0.0
 40
1.862696263103601
  1
10.00
 50
71.55354596058005
  7
MONOTXT4
 11
328062.6964180673
 21
1631728.37698596
 31
0.0
100
AcDbText
 73
     1
  0
TEXT
  5
78C
330
1F
100
AcDbEntity
  8
CVL_PUNTO_NUM
 62
     7
100
AcDbText
 10
328059.6152195425
 20
1631719.284784957
 30
0.0
 40
1.862696263103601
  1
10.00
 50
71.55354596058005
  7
MONOTXT4
 11
328060.2042163817
 21
1631719.088321254
 31
0.0
100
AcDbText
 73
     1
  0
TEXT
  5
78D
330
1F
100
AcDbEntity
  8
CVL_PUNTO_NUM
 62
     7
100
AcDbText
 10
328057.3949647196
 20
1631708.893064904
 30
0.0
 40
1.862696263103601
  1
10.00
 50
71.55354596058005
  7
MONOTXT4
 11
328057.9839615588
 21
1631708.696601201
 31
0.0
100
AcDbText
 73
     1
  0
TEXT
  5
78E
330
1F
100
AcDbEntity
  8
CVL_PUNTO_NUM
 62
     7
100
AcDbText
 10
328054.6273975761
 20
1631699.24524661
 30
0.0
 40
1.862696263103601
  1
10.00
 50
71.55354596058005
  7
MONOTXT4
 11
328055.2163944154
 21
1631699.048782907
 31
0.0
100
AcDbText
 73
     1
  0
TEXT
  5
78F
330
1F
100
AcDbEntity
  8
CVL_PUNTO_NUM
 62
     7
100
AcDbText
 10
328052.0685445033
 20
1631689.9425244
 30
0.0
 40
1.862696263103601
  1
9.00
 50
71.55354596058005
  7
MONOTXT4
 11
328052.6575413425
 21
1631689.746060697
 31
0.0
100
AcDbText
 73
     1
  0
TEXT
  5
790
330
1F
100
AcDbEntity
  8
CVL_PUNTO_NUM
 62
     7
100
AcDbText
 10
328027.4690230793
 20
1631708.218638567
 30
0.0
 40
1.862696263103601
  1
10.00
 50
71.55354596058005
  7
MONOTXT4
 11
328028.0580199185
 21
1631708.022174864
 31
0.0
100
AcDbText
 73
     1
  0
TEXT
  5
791
330
1F
100
AcDbEntity
  8
CVL_PUNTO_NUM
 62
     7
100
AcDbText
 10
328030.437291631
 20
1631717.316905509
 30
0.0
 40
1.862696263103601
  1
10.00
 50
71.55354596058005
  7
MONOTXT4
 11
328031.0262884703
 21
1631717.120441806
 31
0.0
100
AcDbText
 73
     1
  0
TEXT
  5
792
330
1F
100
AcDbEntity
  8
CVL_PUNTO_NUM
 62
     7
100
AcDbText
 10
328033.8278006476
 20
1631726.772659526
 30
0.0
 40
1.862696263103601
  1
10.00
 50
71.55354596058005
  7
MONOTXT4
 11
328034.4167974869
 21
1631726.576195823
 31
0.0
100
AcDbText
 73
     1
  0
TEXT
  5
793
330
1F
100
AcDbEntity
  8
CVL_PUNTO_NUM
 62
     7
100
AcDbText
 10
328037.307839814
 20
1631735.870926468
 30
0.0
 40
1.862696263103601
  1
10.00
 50
71.55354596058005
  7
MONOTXT4
 11
328037.8968366532
 21
1631735.674462765
 31
0.0
100
AcDbText
 73
     1
  0
TEXT
  5
794
330
1F
100
AcDbEntity
  8
CVL_PUNTO_NUM
 62
     7
100
AcDbText
 10
328040.4808169491
 20
1631745.173649332
 30
0.0
 40
1.862696263103601
  1
10.00
 50
71.55354596058005
  7
MONOTXT4
 11
328041.0698137884
 21
1631744.977185629
 31
0.0
100
AcDbText
 73
     1
  0
TEXT
  5
795
330
1F
100
AcDbEntity
  8
CVL_PUNTO_NUM
 62
     7
100
AcDbText
 10
328002.6436397785
 20
1631716.652220931
 30
0.0
 40
1.862696263103601
  1
10.00
 50
71.55354596058005
  7
MONOTXT4
 11
328003.2326366177
 21
1631716.455757228
 31
0.0
100
AcDbText
 73
     1
  0
TEXT
  5
796
330
1F
100
AcDbEntity
  8
CVL_PUNTO_NUM
 62
     7
100
AcDbText
 10
328005.6119083302
 20
1631725.750487873
 30
0.0
 40
1.862696263103601
  1
10.00
 50
71.55354596058005
  7
MONOTXT4
 11
328006.2009051694
 21
1631725.554024171
 31
0.0
100
AcDbText
 73
     1
  0
TEXT
  5
797
330
1F
100
AcDbEntity
  8
CVL_PUNTO_NUM
 62
     7
100
AcDbText
 10
328009.0024173468
 20
1631735.20624189
 30
0.0
 40
1.862696263103601
  1
10.00
 50
71.55354596058005
  7
MONOTXT4
 11
328009.591414186
 21
1631735.009778188
 31
0.0
100
AcDbText
 73
     1
  0
TEXT
  5
798
330
1F
100
AcDbEntity
  8
CVL_PUNTO_NUM
 62
     7
100
AcDbText
 10
328012.4824565131
 20
1631744.304508833
 30
0.0
 40
1.862696263103601
  1
10.00
 50
71.55354596058005
  7
MONOTXT4
 11
328013.0714533524
 21
1631744.10804513
 31
0.0
100
AcDbText
 73
     1
  0
TEXT
  5
799
330
1F
100
AcDbEntity
  8
CVL_PUNTO_NUM
 62
     7
100
AcDbText
 10
328015.6554336483
 20
1631753.607231697
 30
0.0
 40
1.862696263103601
  1
10.00
 50
71.55354596058005
  7
MONOTXT4
 11
328016.2444304875
 21
1631753.410767994
 31
0.0
100
AcDbText
 73
     1
  0
TEXT
  5
79A
330
1F
100
AcDbEntity
  8
CVL_PUNTO_NUM
 62
     7
100
AcDbText
 10
328013.4519700838
 20
1631713.278787855
 30
0.0
 40
1.862696263103601
  1
10.00
 50
71.55354596058005
  7
MONOTXT4
 11
328014.0409669231
 21
1631713.082324152
 31
0.0
100
AcDbText
 73
     1
  0
TEXT
  5
79B
330
1F
100
AcDbEntity
  8
CVL_PUNTO_NUM
 62
     7
100
AcDbText
 10
328016.4202386356
 20
1631722.377054797
 30
0.0
 40
1.862696263103601
  1
10.00
 50
71.55354596058005
  7
MONOTXT4
 11
328017.0092354748
 21
1631722.180591094
 31
0.0
100
AcDbText
 73
     1
  0
TEXT
  5
79C
330
1F
100
AcDbEntity
  8
CVL_PUNTO_NUM
 62
     7
100
AcDbText
 10
328019.8107476522
 20
1631731.832808814
 30
0.0
 40
1.862696263103601
  1
10.00
 50
71.55354596058005
  7
MONOTXT4
 11
328020.3997444914
 21
1631731.636345111
 31
0.0
100
AcDbText
 73
     1
  0
TEXT
  5
79D
330
1F
100
AcDbEntity
  8
CVL_PUNTO_NUM
 62
     7
100
AcDbText
 10
328023.2907868185
 20
1631740.931075756
 30
0.0
 40
1.862696263103601
  1
10.00
 50
71.55354596058005
  7
MONOTXT4
 11
328023.8797836578
 21
1631740.734612053
 31
0.0
100
AcDbText
 73
     1
  0
TEXT
  5
79E
330
1F
100
AcDbEntity
  8
CVL_PUNTO_NUM
 62
     7
100
AcDbText
 10
328026.4637639537
 20
1631750.23379862
 30
0.0
 40
1.862696263103601
  1
10.00
 50
71.55354596058005
  7
MONOTXT4
 11
328027.0527607929
 21
1631750.037334917
 31
0.0
100
AcDbText
 73
     1
  0
TEXT
  5
79F
330
1F
100
AcDbEntity
  8
CVL_PUNTO_NUM
 62
     7
100
AcDbText
 10
328023.8691855811
 20
1631698.697507648
 30
0.0
 40
1.862696263103601
  1
10.00
 50
71.55354596058005
  7
MONOTXT4
 11
328024.4581824204
 21
1631698.501043945
 31
0.0
100
AcDbText
 73
     1
  0
TEXT
  5
7A0
330
1F
100
AcDbEntity
  8
CVL_PUNTO_NUM
 62
     7
100
AcDbText
 10
327999.0438022803
 20
1631707.131090013
 30
0.0
 40
1.862696263103601
  1
10.00
 50
71.55354596058005
  7
MONOTXT4
 11
327999.6327991195
 21
1631706.93462631
 31
0.0
100
AcDbText
 73
     1
  0
TEXT
  5
7A1
330
1F
100
AcDbEntity
  8
CVL_PUNTO_NUM
 62
     7
100
AcDbText
 10
328009.8521325857
 20
1631703.757656936
 30
0.0
 40
1.862696263103601
  1
10.00
 50
71.55354596058005
  7
MONOTXT4
 11
328010.4411294249
 21
1631703.561193233
 31
0.0
100
AcDbText
 73
     1
  0
TEXT
  5
7A2
330
1F
100
AcDbEntity
  8
CVL_PUNTO_NUM
 62
     7
100
AcDbText
 10
328044.1680375344
 20
1631754.713176338
 30
0.0
 40
1.862696263103601
  1
10.00
 50
71.55354596058005
  7
MONOTXT4
 11
328044.7570343737
 21
1631754.516712635
 31
0.0
100
AcDbText
 73
     1
  0
TEXT
  5
7A3
330
1F
100
AcDbEntity
  8
CVL_PUNTO_NUM
 62
     7
100
AcDbText
 10
328047.3410146696
 20
1631764.015899202
 30
0.0
 40
1.862696263103601
  1
10.00
 50
71.55354596058005
  7
MONOTXT4
 11
328047.9300115088
 21
1631763.819435499
 31
0.0
100
AcDbText
 73
     1
  0
TEXT
  5
7A4
330
1F
100
AcDbEntity
  8
CVL_PUNTO_NUM
 62
     7
100
AcDbText
 10
328019.3426542336
 20
1631763.146758702
 30
0.0
 40
1.862696263103601
  1
10.00
 50
71.55354596058005
  7
MONOTXT4
 11
328019.9316510728
 21
1631762.950294999
 31
0.0
100
AcDbText
 73
     1
  0
TEXT
  5
7A5
330
1F
100
AcDbEntity
  8
CVL_PUNTO_NUM
 62
     7
100
AcDbText
 10
328022.5156313688
 20
1631772.449481567
 30
0.0
 40
1.862696263103601
  1
10.00
 50
71.55354596058005
  7
MONOTXT4
 11
328023.104628208
 21
1631772.253017864
 31
0.0
100
AcDbText
 73
     1
  0
TEXT
  5
7A6
330
1F
100
AcDbEntity
  8
CVL_PUNTO_NUM
 62
     7
100
AcDbText
 10
328030.150984539
 20
1631759.773325626
 30
0.0
 40
1.862696263103601
  1
10.00
 50
71.55354596058005
  7
MONOTXT4
 11
328030.7399813782
 21
1631759.576861923
 31
0.0
100
AcDbText
 73
     1
  0
TEXT
  5
7A7
330
1F
100
AcDbEntity
  8
CVL_PUNTO_NUM
 62
     7
100
AcDbText
 10
328033.3239616741
 20
1631769.07604849
 30
0.0
 40
1.862696263103601
  1
10.00
 50
71.55354596058005
  7
MONOTXT4
 11
328033.9129585134
 21
1631768.879584787
 31
0.0
100
AcDbText
 73
     1
  0
TEXT
  5
7A8
330
1F
100
AcDbEntity
  8
CVL_PUNTO_NUM
 62
     7
100
AcDbText
 10
328039.2189957602
 20
1631774.152190309
 30
0.0
 40
1.8626962631036
  1
15.00
 50
342.0224217242073
  7
MONOTXT4
 11
328039.027358594
 21
1631773.561605464
 31
0.0
100
AcDbText
 73
     1
  0
TEXT
  5
7A9
330
1F
100
AcDbEntity
  8
CVL_PUNTO_NUM
 62
     7
100
AcDbText
 10
328026.072113937
 20
1631778.696424835
 30
0.0
 40
1.862696263103601
  1
15.00
 50
342.5674398519623
  7
MONOTXT4
 11
328025.8861032122
 21
1631778.104043815
 31
0.0
100
AcDbText
 73
     1
  0
TEXT
  5
7AA
330
1F
100
AcDbEntity
  8
CVL_PUNTO_NUM
 62
     7
100
AcDbText
 10
328035.7632190771
 20
1631764.944733734
 30
0.0
 40
1.8626962631036
  1
15.00
 50
342.0224217242073
  7
MONOTXT4
 11
328035.5715819109
 21
1631764.354148889
 31
0.0
100
AcDbText
 73
     1
  0
TEXT
  5
7AB
330
1F
100
AcDbEntity
  8
CVL_PUNTO_NUM
 62
     7
100
AcDbText
 10
328022.6163372539
 20
1631769.48896826
 30
0.0
 40
1.862696263103601
  1
15.00
 50
342.5674398519623
  7
MONOTXT4
 11
328022.430326529
 21
1631768.89658724
 31
0.0
100
AcDbText
 73
     1
  0
TEXT
  5
7AC
330
1F
100
AcDbEntity
  8
CVL_PUNTO_NUM
 62
     7
100
AcDbText
 10
328032.4477407856
 20
1631755.574220283
 30
0.0
 40
1.8626962631036
  1
15.00
 50
342.0224217242073
  7
MONOTXT4
 11
328032.2561036193
 21
1631754.983635438
 31
0.0
100
AcDbText
 73
     1
  0
TEXT
  5
7AD
330
1F
100
AcDbEntity
  8
CVL_PUNTO_NUM
 62
     7
100
AcDbText
 10
328019.3008589623
 20
1631760.118454809
 30
0.0
 40
1.862696263103601
  1
15.00
 50
342.5674398519623
  7
MONOTXT4
 11
328019.1148482375
 21
1631759.526073789
 31
0.0
100
AcDbText
 73
     1
  0
TEXT
  5
7AE
330
1F
100
AcDbEntity
  8
CVL_PUNTO_NUM
 62
     7
100
AcDbText
 10
328029.6211412346
 20
1631746.032906406
 30
0.0
 40
1.8626962631036
  1
15.00
 50
342.0224217242073
  7
MONOTXT4
 11
328029.4295040684
 21
1631745.44232156
 31
0.0
100
AcDbText
 73
     1
  0
TEXT
  5
7AF
330
1F
100
AcDbEntity
  8
CVL_PUNTO_NUM
 62
     7
100
AcDbText
 10
328016.4742594114
 20
1631750.577140932
 30
0.0
 40
1.862696263103601
  1
15.00
 50
342.5674398519623
  7
MONOTXT4
 11
328016.2882486866
 21
1631749.984759911
 31
0.0
100
AcDbText
 73
     1
  0
TEXT
  5
7B0
330
1F
100
AcDbEntity
  8
CVL_PUNTO_NUM
 62
     7
100
AcDbText
 10
328025.3180748858
 20
1631736.73284782
 30
0.0
 40
1.8626962631036
  1
15.00
 50
342.0224217242073
  7
MONOTXT4
 11
328025.1264377195
 21
1631736.142262974
 31
0.0
100
AcDbText
 73
     1
  0
TEXT
  5
7B1
330
1F
100
AcDbEntity
  8
CVL_PUNTO_NUM
 62
     7
100
AcDbText
 10
328012.1711930625
 20
1631741.277082346
 30
0.0
 40
1.862696263103601
  1
15.00
 50
342.5674398519623
  7
MONOTXT4
 11
328011.9851823377
 21
1631740.684701325
 31
0.0
100
AcDbText
 73
     1
  0
TEXT
  5
7B2
330
1F
100
AcDbEntity
  8
CVL_PUNTO_NUM
 62
     7
100
AcDbText
 10
328021.6411034864
 20
1631727.318068868
 30
0.0
 40
1.8626962631036
  1
15.00
 50
342.0224217242073
  7
MONOTXT4
 11
328021.4494663202
 21
1631726.727484022
 31
0.0
100
AcDbText
 73
     1
  0
TEXT
  5
7B3
330
1F
100
AcDbEntity
  8
CVL_PUNTO_NUM
 62
     7
100
AcDbText
 10
328008.4942216632
 20
1631731.862303394
 30
0.0
 40
1.862696263103601
  1
15.00
 50
342.5674398519623
  7
MONOTXT4
 11
328008.3082109384
 21
1631731.269922373
 31
0.0
100
AcDbText
 73
     1
  0
TEXT
  5
7B4
330
1F
100
AcDbEntity
  8
CVL_PUNTO_NUM
 62
     7
100
AcDbText
 10
328018.1139994238
 20
1631718.158920013
 30
0.0
 40
1.8626962631036
  1
15.00
 50
342.0224217242073
  7
MONOTXT4
 11
328017.9223622575
 21
1631717.568335167
 31
0.0
100
AcDbText
 73
     1
  0
TEXT
  5
7B5
330
1F
100
AcDbEntity
  8
CVL_PUNTO_NUM
 62
     7
100
AcDbText
 10
328004.9671176005
 20
1631722.703154539
 30
0.0
 40
1.862696263103601
  1
15.00
 50
342.5674398519623
  7
MONOTXT4
 11
328004.7811068757
 21
1631722.110773519
 31
0.0
100
AcDbText
 73
     1
  0
TEXT
  5
7B6
330
1F
100
AcDbEntity
  8
CVL_PUNTO_NUM
 62
     7
100
AcDbText
 10
328014.7950979852
 20
1631708.770615042
 30
0.0
 40
1.8626962631036
  1
15.00
 50
342.0224217242073
  7
MONOTXT4
 11
328014.6034608189
 21
1631708.180030196
 31
0.0
100
AcDbText
 73
     1
  0
TEXT
  5
7B7
330
1F
100
AcDbEntity
  8
CVL_PUNTO_NUM
 62
     7
100
AcDbText
 10
328001.6482161619
 20
1631713.314849568
 30
0.0
 40
1.862696263103601
  1
15.00
 50
342.5674398519623
  7
MONOTXT4
 11
328001.4622054371
 21
1631712.722468547
 31
0.0
100
AcDbText
 73
     1
  0
TEXT
  5
7B8
330
1F
100
AcDbEntity
  8
CVL_PUNTO_NUM
 62
     7
100
AcDbText
 10
328012.7482720941
 20
1631701.999676815
 30
0.0
 40
1.8626962631036
  1
15.00
 50
342.0224217242073
  7
MONOTXT4
 11
328012.5566349278
 21
1631701.409091969
 31
0.0
100
AcDbText
 73
     1
  0
TEXT
  5
7B9
330
1F
100
AcDbEntity
  8
CVL_PUNTO_NUM
 62
     7
100
AcDbText
 10
327999.6013902708
 20
1631706.543911341
 30
0.0
 40
1.862696263103601
  1
15.00
 50
342.5674398519623
  7
MONOTXT4
 11
327999.415379546
 21
1631705.95153032
 31
0.0
100
AcDbText
 73
     1
  0
LWPOLYLINE
  5
AD0
330
1F
100
AcDbEntity
  8
0
370
    40
100
AcDbPolyline
 90
        4
 70
     1
 43
0.0
 10
327740.5625440809
 20
1631913.772596861
 10
328152.2830957463
 20
1631913.772596861
 10
328151.7876119237
 20
1631660.65503043
 10
327740.0670602583
 20
1631660.65503043
  0
LINE
  5
B35
330
1F
100
AcDbEntity
  8
TEXTO
100
AcDbLine
 10
328077.9245054348
 20
1631716.597122168
 30
0.0
 11
328095.7745054349
 21
1631716.597122168
 31
0.0
  0
LINE
  5
B36
330
1F
100
AcDbEntity
  8
TEXTO
100
AcDbLine
 10
328095.7745054349
 20
1631716.597122168
 30
0.0
 11
328095.7745054349
 21
1631689.822122167
 31
0.0
  0
LINE
  5
B37
330
1F
100
AcDbEntity
  8
TEXTO
100
AcDbLine
 10
328095.7745054349
 20
1631689.822122167
 30
0.0
 11
328077.9245054348
 21
1631689.822122167
 31
0.0
  0
LINE
  5
B38
330
1F
100
AcDbEntity
  8
TEXTO
100
AcDbLine
 10
328077.9245054348
 20
1631689.822122167
 30
0.0
 11
328077.9245054348
 21
1631716.597122168
 31
0.0
  0
TEXT
  5
B39
330
1F
100
AcDbEntity
  8
TEXTO
100
AcDbText
 10
328071.7725591237
 20
1631675.39789617
 30
0.0
 40
3.3075
  1
LOTE TIPICO
  7
Estilo8
100
AcDbText
  0
TEXT
  5
B3A
330
1F
100
AcDbEntity
  8
TEXTO
100
AcDbText
 10
328081.8810042552
 20
1631714.367245444
 30
0.0
 40
1.68
  1
10.00 M
  7
Estilo2
100
AcDbText
  0
TEXT
  5
B3B
330
1F
100
AcDbEntity
  8
TEXTO
100
AcDbText
 10
328080.4175591221
 20
1631699.65166741
 30
0.0
 40
1.68
  1
15.00 M
 50
90.0
  7
Estilo2
100
AcDbText
  0
TEXT
  5
B3C
330
1F
100
AcDbEntity
  8
TEXTO
100
AcDbText
 10
328081.916015873
 20
1631691.009915017
 30
0.0
 40
1.68
  1
10.00 M
  7
Estilo2
100
AcDbText
  0
TEXT
  5
B3D
330
1F
100
AcDbEntity
  8
TEXTO
100
AcDbText
 10
328095.399349839
 20
1631699.476806006
 30
0.0
 40
1.68
  1
15.00 M
 50
90.0
  7
Estilo2
100
AcDbText
  0
TEXT
  5
B3E
330
1F
100
AcDbEntity
  8
TEXTO
100
AcDbText
 10
328099.8856283796
 20
1631706.981902433
 30
0.0
 40
2.0125
  1
AREA DE LOTE = 150.00 MTS.
  7
Estilo2
100
AcDbText
  0
TEXT
  5
B3F
330
1F
100
AcDbEntity
  8
TEXTO
100
AcDbText
 10
328099.7284166166
 20
1631703.322833834
 30
0.0
 40
2.0125
  1
                      = 215.14 VRS.2
  7
Estilo2
100
AcDbText
  0
TEXT
  5
B40
330
1F
100
AcDbEntity
  8
TEXTO
100
AcDbText
 10
328082.7322014673
 20
1631670.034991485
 30
0.0
 40
1.771875
  1
SIN ESCALA
  7
Estilo4
100
AcDbText
  0
TEXT
  5
B4A
330
1F
100
AcDbEntity
  8
CVL_PUNTO_NUM
 62
     7
100
AcDbText
 10
327991.8246664709
 20
1631720.332646632
 30
0.0
 40
1.862696263103601
  1
10.00
 50
71.55354596058005
  7
MONOTXT4
 11
327992.4136633101
 21
1631720.13618293
 31
0.0
100
AcDbText
 73
     1
  0
TEXT
  5
B4B
330
1F
100
AcDbEntity
  8
CVL_PUNTO_NUM
 62
     7
100
AcDbText
 10
327994.7929350226
 20
1631729.430913575
 30
0.0
 40
1.862696263103601
  1
10.00
 50
71.55354596058005
  7
MONOTXT4
 11
327995.3819318619
 21
1631729.234449872
 31
0.0
100
AcDbText
 73
     1
  0
TEXT
  5
B4C
330
1F
100
AcDbEntity
  8
CVL_PUNTO_NUM
 62
     7
100
AcDbText
 10
327998.1834440392
 20
1631738.886667592
 30
0.0
 40
1.862696263103601
  1
10.00
 50
71.55354596058005
  7
MONOTXT4
 11
327998.7724408785
 21
1631738.690203889
 31
0.0
100
AcDbText
 73
     1
  0
TEXT
  5
B4D
330
1F
100
AcDbEntity
  8
CVL_PUNTO_NUM
 62
     7
100
AcDbText
 10
328001.6634832056
 20
1631747.984934534
 30
0.0
 40
1.862696263103601
  1
10.00
 50
71.55354596058005
  7
MONOTXT4
 11
328002.2524800448
 21
1631747.788470831
 31
0.0
100
AcDbText
 73
     1
  0
TEXT
  5
B4E
330
1F
100
AcDbEntity
  8
CVL_PUNTO_NUM
 62
     7
100
AcDbText
 10
328004.8364603407
 20
1631757.287657398
 30
0.0
 40
1.862696263103601
  1
10.00
 50
71.55354596058005
  7
MONOTXT4
 11
328005.42545718
 21
1631757.091193695
 31
0.0
100
AcDbText
 73
     1
  0
TEXT
  5
B4F
330
1F
100
AcDbEntity
  8
CVL_PUNTO_NUM
 62
     7
100
AcDbText
 10
327966.9992831701
 20
1631728.766228997
 30
0.0
 40
1.862696263103601
  1
10.00
 50
71.55354596058005
  7
MONOTXT4
 11
327967.5882800093
 21
1631728.569765294
 31
0.0
100
AcDbText
 73
     1
  0
TEXT
  5
B50
330
1F
100
AcDbEntity
  8
CVL_PUNTO_NUM
 62
     7
100
AcDbText
 10
327969.9675517218
 20
1631737.864495939
 30
0.0
 40
1.862696263103601
  1
10.00
 50
71.55354596058005
  7
MONOTXT4
 11
327970.5565485611
 21
1631737.668032236
 31
0.0
100
AcDbText
 73
     1
  0
TEXT
  5
B51
330
1F
100
AcDbEntity
  8
CVL_PUNTO_NUM
 62
     7
100
AcDbText
 10
327973.3580607384
 20
1631747.320249956
 30
0.0
 40
1.862696263103601
  1
10.00
 50
71.55354596058005
  7
MONOTXT4
 11
327973.9470575776
 21
1631747.123786253
 31
0.0
100
AcDbText
 73
     1
  0
TEXT
  5
B52
330
1F
100
AcDbEntity
  8
CVL_PUNTO_NUM
 62
     7
100
AcDbText
 10
327976.8380999047
 20
1631756.418516898
 30
0.0
 40
1.862696263103601
  1
10.00
 50
71.55354596058005
  7
MONOTXT4
 11
327977.427096744
 21
1631756.222053195
 31
0.0
100
AcDbText
 73
     1
  0
TEXT
  5
B53
330
1F
100
AcDbEntity
  8
CVL_PUNTO_NUM
 62
     7
100
AcDbText
 10
327980.0110770399
 20
1631765.721239763
 30
0.0
 40
1.862696263103601
  1
10.00
 50
71.55354596058005
  7
MONOTXT4
 11
327980.6000738791
 21
1631765.52477606
 31
0.0
100
AcDbText
 73
     1
  0
TEXT
  5
B54
330
1F
100
AcDbEntity
  8
CVL_PUNTO_NUM
 62
     7
100
AcDbText
 10
327977.8076134754
 20
1631725.39279592
 30
0.0
 40
1.862696263103601
  1
10.00
 50
71.55354596058005
  7
MONOTXT4
 11
327978.3966103147
 21
1631725.196332218
 31
0.0
100
AcDbText
 73
     1
  0
TEXT
  5
B55
330
1F
100
AcDbEntity
  8
CVL_PUNTO_NUM
 62
     7
100
AcDbText
 10
327980.7758820272
 20
1631734.491062863
 30
0.0
 40
1.862696263103601
  1
10.00
 50
71.55354596058005
  7
MONOTXT4
 11
327981.3648788664
 21
1631734.29459916
 31
0.0
100
AcDbText
 73
     1
  0
TEXT
  5
B56
330
1F
100
AcDbEntity
  8
CVL_PUNTO_NUM
 62
     7
100
AcDbText
 10
327984.1663910438
 20
1631743.94681688
 30
0.0
 40
1.862696263103601
  1
10.00
 50
71.55354596058005
  7
MONOTXT4
 11
327984.755387883
 21
1631743.750353177
 31
0.0
100
AcDbText
 73
     1
  0
TEXT
  5
B57
330
1F
100
AcDbEntity
  8
CVL_PUNTO_NUM
 62
     7
100
AcDbText
 10
327987.6464302101
 20
1631753.045083822
 30
0.0
 40
1.862696263103601
  1
10.00
 50
71.55354596058005
  7
MONOTXT4
 11
327988.2354270494
 21
1631752.848620119
 31
0.0
100
AcDbText
 73
     1
  0
TEXT
  5
B58
330
1F
100
AcDbEntity
  8
CVL_PUNTO_NUM
 62
     7
100
AcDbText
 10
327990.8194073453
 20
1631762.347806686
 30
0.0
 40
1.862696263103601
  1
10.00
 50
71.55354596058005
  7
MONOTXT4
 11
327991.4084041845
 21
1631762.151342983
 31
0.0
100
AcDbText
 73
     1
  0
TEXT
  5
B59
330
1F
100
AcDbEntity
  8
CVL_PUNTO_NUM
 62
     7
100
AcDbText
 10
327988.2248289727
 20
1631710.811515714
 30
0.0
 40
1.862696263103601
  1
10.50
 50
71.55354596058005
  7
MONOTXT4
 11
327988.813825812
 21
1631710.615052011
 31
0.0
100
AcDbText
 73
     1
  0
TEXT
  5
B5A
330
1F
100
AcDbEntity
  8
CVL_PUNTO_NUM
 62
     7
100
AcDbText
 10
327963.3994456719
 20
1631719.245098078
 30
0.0
 40
1.862696263103601
  1
11.00
 50
71.55354596058005
  7
MONOTXT4
 11
327963.9884425111
 21
1631719.048634375
 31
0.0
100
AcDbText
 73
     1
  0
TEXT
  5
B5B
330
1F
100
AcDbEntity
  8
CVL_PUNTO_NUM
 62
     7
100
AcDbText
 10
327974.2077759773
 20
1631715.871665002
 30
0.0
 40
1.862696263103601
  1
11.00
 50
71.55354596058005
  7
MONOTXT4
 11
327974.7967728165
 21
1631715.675201299
 31
0.0
100
AcDbText
 73
     1
  0
TEXT
  5
B5C
330
1F
100
AcDbEntity
  8
CVL_PUNTO_NUM
 62
     7
100
AcDbText
 10
328008.523680926
 20
1631766.827184403
 30
0.0
 40
1.862696263103601
  1
10.00
 50
71.55354596058005
  7
MONOTXT4
 11
328009.1126777653
 21
1631766.6307207
 31
0.0
100
AcDbText
 73
     1
  0
TEXT
  5
B5D
330
1F
100
AcDbEntity
  8
CVL_PUNTO_NUM
 62
     7
100
AcDbText
 10
328011.6966580612
 20
1631776.129907268
 30
0.0
 40
1.862696263103601
  1
10.00
 50
71.55354596058005
  7
MONOTXT4
 11
328012.2856549004
 21
1631775.933443565
 31
0.0
100
AcDbText
 73
     1
  0
TEXT
  5
B5E
330
1F
100
AcDbEntity
  8
CVL_PUNTO_NUM
 62
     7
100
AcDbText
 10
327983.6982976252
 20
1631775.260766768
 30
0.0
 40
1.862696263103601
  1
10.00
 50
71.55354596058005
  7
MONOTXT4
 11
327984.2872944644
 21
1631775.064303065
 31
0.0
100
AcDbText
 73
     1
  0
TEXT
  5
B5F
330
1F
100
AcDbEntity
  8
CVL_PUNTO_NUM
 62
     7
100
AcDbText
 10
327986.8712747604
 20
1631784.563489632
 30
0.0
 40
1.862696263103601
  1
10.00
 50
71.55354596058005
  7
MONOTXT4
 11
327987.4602715996
 21
1631784.367025929
 31
0.0
100
AcDbText
 73
     1
  0
TEXT
  5
B60
330
1F
100
AcDbEntity
  8
CVL_PUNTO_NUM
 62
     7
100
AcDbText
 10
327994.5066279306
 20
1631771.887333691
 30
0.0
 40
1.862696263103601
  1
10.00
 50
71.55354596058005
  7
MONOTXT4
 11
327995.0956247698
 21
1631771.690869989
 31
0.0
100
AcDbText
 73
     1
  0
TEXT
  5
B61
330
1F
100
AcDbEntity
  8
CVL_PUNTO_NUM
 62
     7
100
AcDbText
 10
327997.6796050658
 20
1631781.190056556
 30
0.0
 40
1.862696263103601
  1
10.00
 50
71.55354596058005
  7
MONOTXT4
 11
327998.268601905
 21
1631780.993592853
 31
0.0
100
AcDbText
 73
     1
  0
TEXT
  5
B62
330
1F
100
AcDbEntity
  8
CVL_PUNTO_NUM
 62
     7
100
AcDbText
 10
328003.5746391518
 20
1631786.266198375
 30
0.0
 40
1.8626962631036
  1
15.00
 50
342.0224217242073
  7
MONOTXT4
 11
328003.3830019856
 21
1631785.675613529
 31
0.0
100
AcDbText
 73
     1
  0
TEXT
  5
B63
330
1F
100
AcDbEntity
  8
CVL_PUNTO_NUM
 62
     7
100
AcDbText
 10
327990.4277573286
 20
1631790.810432901
 30
0.0
 40
1.862696263103601
  1
15.00
 50
342.5674398519623
  7
MONOTXT4
 11
327990.2417466038
 21
1631790.21805188
 31
0.0
100
AcDbText
 73
     1
  0
TEXT
  5
B64
330
1F
100
AcDbEntity
  8
CVL_PUNTO_NUM
 62
     7
100
AcDbText
 10
328000.1188624687
 20
1631777.0587418
 30
0.0
 40
1.8626962631036
  1
15.00
 50
342.0224217242073
  7
MONOTXT4
 11
327999.9272253025
 21
1631776.468156954
 31
0.0
100
AcDbText
 73
     1
  0
TEXT
  5
B65
330
1F
100
AcDbEntity
  8
CVL_PUNTO_NUM
 62
     7
100
AcDbText
 10
327986.9719806455
 20
1631781.602976326
 30
0.0
 40
1.862696263103601
  1
15.00
 50
342.5674398519623
  7
MONOTXT4
 11
327986.7859699207
 21
1631781.010595305
 31
0.0
100
AcDbText
 73
     1
  0
TEXT
  5
B66
330
1F
100
AcDbEntity
  8
CVL_PUNTO_NUM
 62
     7
100
AcDbText
 10
327996.8033841772
 20
1631767.688228349
 30
0.0
 40
1.8626962631036
  1
15.00
 50
342.0224217242073
  7
MONOTXT4
 11
327996.6117470109
 21
1631767.097643504
 31
0.0
100
AcDbText
 73
     1
  0
TEXT
  5
B67
330
1F
100
AcDbEntity
  8
CVL_PUNTO_NUM
 62
     7
100
AcDbText
 10
327983.6565023539
 20
1631772.232462875
 30
0.0
 40
1.862696263103601
  1
15.00
 50
342.5674398519623
  7
MONOTXT4
 11
327983.4704916291
 21
1631771.640081855
 31
0.0
100
AcDbText
 73
     1
  0
TEXT
  5
B68
330
1F
100
AcDbEntity
  8
CVL_PUNTO_NUM
 62
     7
100
AcDbText
 10
327993.9767846262
 20
1631758.146914471
 30
0.0
 40
1.8626962631036
  1
15.00
 50
342.0224217242073
  7
MONOTXT4
 11
327993.78514746
 21
1631757.556329626
 31
0.0
100
AcDbText
 73
     1
  0
TEXT
  5
B69
330
1F
100
AcDbEntity
  8
CVL_PUNTO_NUM
 62
     7
100
AcDbText
 10
327980.829902803
 20
1631762.691148997
 30
0.0
 40
1.862696263103601
  1
15.00
 50
342.5674398519623
  7
MONOTXT4
 11
327980.6438920782
 21
1631762.098767977
 31
0.0
100
AcDbText
 73
     1
  0
TEXT
  5
B6A
330
1F
100
AcDbEntity
  8
CVL_PUNTO_NUM
 62
     7
100
AcDbText
 10
327989.6737182774
 20
1631748.846855886
 30
0.0
 40
1.8626962631036
  1
15.00
 50
342.0224217242073
  7
MONOTXT4
 11
327989.4820811111
 21
1631748.25627104
 31
0.0
100
AcDbText
 73
     1
  0
TEXT
  5
B6B
330
1F
100
AcDbEntity
  8
CVL_PUNTO_NUM
 62
     7
100
AcDbText
 10
327976.5268364541
 20
1631753.391090412
 30
0.0
 40
1.862696263103601
  1
15.00
 50
342.5674398519623
  7
MONOTXT4
 11
327976.3408257293
 21
1631752.798709391
 31
0.0
100
AcDbText
 73
     1
  0
TEXT
  5
B6C
330
1F
100
AcDbEntity
  8
CVL_PUNTO_NUM
 62
     7
100
AcDbText
 10
327985.996746878
 20
1631739.432076933
 30
0.0
 40
1.8626962631036
  1
15.00
 50
342.0224217242073
  7
MONOTXT4
 11
327985.8051097118
 21
1631738.841492088
 31
0.0
100
AcDbText
 73
     1
  0
TEXT
  5
B6D
330
1F
100
AcDbEntity
  8
CVL_PUNTO_NUM
 62
     7
100
AcDbText
 10
327972.8498650548
 20
1631743.97631146
 30
0.0
 40
1.862696263103601
  1
15.00
 50
342.5674398519623
  7
MONOTXT4
 11
327972.66385433
 21
1631743.383930439
 31
0.0
100
AcDbText
 73
     1
  0
TEXT
  5
B6E
330
1F
100
AcDbEntity
  8
CVL_PUNTO_NUM
 62
     7
100
AcDbText
 10
327982.4696428154
 20
1631730.272928079
 30
0.0
 40
1.8626962631036
  1
15.00
 50
342.0224217242073
  7
MONOTXT4
 11
327982.2780056491
 21
1631729.682343233
 31
0.0
100
AcDbText
 73
     1
  0
TEXT
  5
B6F
330
1F
100
AcDbEntity
  8
CVL_PUNTO_NUM
 62
     7
100
AcDbText
 10
327969.3227609921
 20
1631734.817162605
 30
0.0
 40
1.862696263103601
  1
15.00
 50
342.5674398519623
  7
MONOTXT4
 11
327969.1367502673
 21
1631734.224781584
 31
0.0
100
AcDbText
 73
     1
  0
TEXT
  5
B70
330
1F
100
AcDbEntity
  8
CVL_PUNTO_NUM
 62
     7
100
AcDbText
 10
327979.1507413768
 20
1631720.884623108
 30
0.0
 40
1.8626962631036
  1
15.00
 50
342.0224217242073
  7
MONOTXT4
 11
327978.9591042105
 21
1631720.294038262
 31
0.0
100
AcDbText
 73
     1
  0
TEXT
  5
B71
330
1F
100
AcDbEntity
  8
CVL_PUNTO_NUM
 62
     7
100
AcDbText
 10
327966.0038595535
 20
1631725.428857634
 30
0.0
 40
1.862696263103601
  1
15.00
 50
342.5674398519623
  7
MONOTXT4
 11
327965.8178488287
 21
1631724.836476613
 31
0.0
100
AcDbText
 73
     1
  0
TEXT
  5
B72
330
1F
100
AcDbEntity
  8
CVL_PUNTO_NUM
 62
     7
100
AcDbText
 10
327977.1039154857
 20
1631714.11368488
 30
0.0
 40
1.8626962631036
  1
15.00
 50
342.0224217242073
  7
MONOTXT4
 11
327976.9122783194
 21
1631713.523100035
 31
0.0
100
AcDbText
 73
     1
  0
TEXT
  5
B73
330
1F
100
AcDbEntity
  8
CVL_PUNTO_NUM
 62
     7
100
AcDbText
 10
327963.9570336624
 20
1631718.657919407
 30
0.0
 40
1.862696263103601
  1
15.00
 50
342.5674398519623
  7
MONOTXT4
 11
327963.7710229376
 21
1631718.065538386
 31
0.0
100
AcDbText
 73
     1
  0
TEXT
  5
B74
330
1F
100
AcDbEntity
  8
CVL_PUNTO_NUM
 62
     7
100
AcDbText
 10
327955.4377180312
 20
1631732.199429653
 30
0.0
 40
1.862696263103601
  1
10.00
 50
71.55354596058005
  7
MONOTXT4
 11
327956.0267148704
 21
1631732.00296595
 31
0.0
100
AcDbText
 73
     1
  0
TEXT
  5
B75
330
1F
100
AcDbEntity
  8
CVL_PUNTO_NUM
 62
     7
100
AcDbText
 10
327958.4059865829
 20
1631741.297696595
 30
0.0
 40
1.862696263103601
  1
10.00
 50
71.55354596058005
  7
MONOTXT4
 11
327958.9949834222
 21
1631741.101232892
 31
0.0
100
AcDbText
 73
     1
  0
TEXT
  5
B76
330
1F
100
AcDbEntity
  8
CVL_PUNTO_NUM
 62
     7
100
AcDbText
 10
327961.7964955995
 20
1631750.753450612
 30
0.0
 40
1.862696263103601
  1
10.00
 50
71.55354596058005
  7
MONOTXT4
 11
327962.3854924388
 21
1631750.556986909
 31
0.0
100
AcDbText
 73
     1
  0
TEXT
  5
B77
330
1F
100
AcDbEntity
  8
CVL_PUNTO_NUM
 62
     7
100
AcDbText
 10
327965.2765347659
 20
1631759.851717555
 30
0.0
 40
1.862696263103601
  1
10.00
 50
71.55354596058005
  7
MONOTXT4
 11
327965.8655316051
 21
1631759.655253852
 31
0.0
100
AcDbText
 73
     1
  0
TEXT
  5
B78
330
1F
100
AcDbEntity
  8
CVL_PUNTO_NUM
 62
     7
100
AcDbText
 10
327968.449511901
 20
1631769.154440419
 30
0.0
 40
1.862696263103601
  1
10.00
 50
71.55354596058005
  7
MONOTXT4
 11
327969.0385087403
 21
1631768.957976716
 31
0.0
100
AcDbText
 73
     1
  0
TEXT
  5
B79
330
1F
100
AcDbEntity
  8
CVL_PUNTO_NUM
 62
     7
100
AcDbText
 10
327930.6123347304
 20
1631740.633012018
 30
0.0
 40
1.862696263103601
  1
10.00
 50
71.55354596058005
  7
MONOTXT4
 11
327931.2013315696
 21
1631740.436548315
 31
0.0
100
AcDbText
 73
     1
  0
TEXT
  5
B7A
330
1F
100
AcDbEntity
  8
CVL_PUNTO_NUM
 62
     7
100
AcDbText
 10
327933.5806032821
 20
1631749.73127896
 30
0.0
 40
1.862696263103601
  1
10.00
 50
71.55354596058005
  7
MONOTXT4
 11
327934.1696001214
 21
1631749.534815257
 31
0.0
100
AcDbText
 73
     1
  0
TEXT
  5
B7B
330
1F
100
AcDbEntity
  8
CVL_PUNTO_NUM
 62
     7
100
AcDbText
 10
327936.9711122987
 20
1631759.187032977
 30
0.0
 40
1.862696263103601
  1
10.00
 50
71.55354596058005
  7
MONOTXT4
 11
327937.5601091379
 21
1631758.990569274
 31
0.0
100
AcDbText
 73
     1
  0
TEXT
  5
B7C
330
1F
100
AcDbEntity
  8
CVL_PUNTO_NUM
 62
     7
100
AcDbText
 10
327940.451151465
 20
1631768.285299919
 30
0.0
 40
1.862696263103601
  1
10.00
 50
71.55354596058005
  7
MONOTXT4
 11
327941.0401483043
 21
1631768.088836216
 31
0.0
100
AcDbText
 73
     1
  0
TEXT
  5
B7D
330
1F
100
AcDbEntity
  8
CVL_PUNTO_NUM
 62
     7
100
AcDbText
 10
327943.6241286002
 20
1631777.588022784
 30
0.0
 40
1.862696263103601
  1
10.00
 50
71.55354596058005
  7
MONOTXT4
 11
327944.2131254394
 21
1631777.391559081
 31
0.0
100
AcDbText
 73
     1
  0
TEXT
  5
B7E
330
1F
100
AcDbEntity
  8
CVL_PUNTO_NUM
 62
     7
100
AcDbText
 10
327941.4206650357
 20
1631737.259578941
 30
0.0
 40
1.862696263103601
  1
10.00
 50
71.55354596058005
  7
MONOTXT4
 11
327942.009661875
 21
1631737.063115238
 31
0.0
100
AcDbText
 73
     1
  0
TEXT
  5
B7F
330
1F
100
AcDbEntity
  8
CVL_PUNTO_NUM
 62
     7
100
AcDbText
 10
327944.3889335875
 20
1631746.357845883
 30
0.0
 40
1.862696263103601
  1
10.00
 50
71.55354596058005
  7
MONOTXT4
 11
327944.9779304267
 21
1631746.161382181
 31
0.0
100
AcDbText
 73
     1
  0
TEXT
  5
B80
330
1F
100
AcDbEntity
  8
CVL_PUNTO_NUM
 62
     7
100
AcDbText
 10
327947.7794426041
 20
1631755.8135999
 30
0.0
 40
1.862696263103601
  1
10.00
 50
71.55354596058005
  7
MONOTXT4
 11
327948.3684394433
 21
1631755.617136198
 31
0.0
100
AcDbText
 73
     1
  0
TEXT
  5
B81
330
1F
100
AcDbEntity
  8
CVL_PUNTO_NUM
 62
     7
100
AcDbText
 10
327951.2594817704
 20
1631764.911866843
 30
0.0
 40
1.862696263103601
  1
10.00
 50
71.55354596058005
  7
MONOTXT4
 11
327951.8484786097
 21
1631764.71540314
 31
0.0
100
AcDbText
 73
     1
  0
TEXT
  5
B82
330
1F
100
AcDbEntity
  8
CVL_PUNTO_NUM
 62
     7
100
AcDbText
 10
327954.4324589056
 20
1631774.214589707
 30
0.0
 40
1.862696263103601
  1
10.00
 50
71.55354596058005
  7
MONOTXT4
 11
327955.0214557448
 21
1631774.018126004
 31
0.0
100
AcDbText
 73
     1
  0
TEXT
  5
B83
330
1F
100
AcDbEntity
  8
CVL_PUNTO_NUM
 62
     7
100
AcDbText
 10
327951.837880533
 20
1631722.678298734
 30
0.0
 40
1.862696263103601
  1
10.60
 50
71.55354596058005
  7
MONOTXT4
 11
327952.4268773723
 21
1631722.481835032
 31
0.0
100
AcDbText
 73
     1
  0
TEXT
  5
B84
330
1F
100
AcDbEntity
  8
CVL_PUNTO_NUM
 62
     7
100
AcDbText
 10
327927.0124972322
 20
1631731.111881099
 30
0.0
 40
1.862696263103601
  1
10.00
 50
71.55354596058005
  7
MONOTXT4
 11
327927.6014940714
 21
1631730.915417396
 31
0.0
100
AcDbText
 73
     1
  0
TEXT
  5
B85
330
1F
100
AcDbEntity
  8
CVL_PUNTO_NUM
 62
     7
100
AcDbText
 10
327937.8208275376
 20
1631727.738448023
 30
0.0
 40
1.862696263103601
  1
10.00
 50
71.55354596058005
  7
MONOTXT4
 11
327938.4098243768
 21
1631727.54198432
 31
0.0
100
AcDbText
 73
     1
  0
TEXT
  5
B86
330
1F
100
AcDbEntity
  8
CVL_PUNTO_NUM
 62
     7
100
AcDbText
 10
327972.1367324863
 20
1631778.693967424
 30
0.0
 40
1.862696263103601
  1
10.00
 50
71.55354596058005
  7
MONOTXT4
 11
327972.7257293256
 21
1631778.497503721
 31
0.0
100
AcDbText
 73
     1
  0
TEXT
  5
B87
330
1F
100
AcDbEntity
  8
CVL_PUNTO_NUM
 62
     7
100
AcDbText
 10
327975.3097096215
 20
1631787.996690289
 30
0.0
 40
1.862696263103601
  1
10.00
 50
71.55354596058005
  7
MONOTXT4
 11
327975.8987064607
 21
1631787.800226586
 31
0.0
100
AcDbText
 73
     1
  0
TEXT
  5
B88
330
1F
100
AcDbEntity
  8
CVL_PUNTO_NUM
 62
     7
100
AcDbText
 10
327947.3113491855
 20
1631787.127549789
 30
0.0
 40
1.862696263103601
  1
10.00
 50
71.55354596058005
  7
MONOTXT4
 11
327947.9003460247
 21
1631786.931086086
 31
0.0
100
AcDbText
 73
     1
  0
TEXT
  5
B89
330
1F
100
AcDbEntity
  8
CVL_PUNTO_NUM
 62
     7
100
AcDbText
 10
327950.4843263207
 20
1631796.430272653
 30
0.0
 40
1.862696263103601
  1
10.00
 50
71.55354596058005
  7
MONOTXT4
 11
327951.0733231599
 21
1631796.23380895
 31
0.0
100
AcDbText
 73
     1
  0
TEXT
  5
B8A
330
1F
100
AcDbEntity
  8
CVL_PUNTO_NUM
 62
     7
100
AcDbText
 10
327958.1196794909
 20
1631783.754116712
 30
0.0
 40
1.862696263103601
  1
10.00
 50
71.55354596058005
  7
MONOTXT4
 11
327958.7086763301
 21
1631783.557653009
 31
0.0
100
AcDbText
 73
     1
  0
TEXT
  5
B8B
330
1F
100
AcDbEntity
  8
CVL_PUNTO_NUM
 62
     7
100
AcDbText
 10
327961.2926566261
 20
1631793.056839577
 30
0.0
 40
1.862696263103601
  1
10.00
 50
71.55354596058005
  7
MONOTXT4
 11
327961.8816534653
 21
1631792.860375874
 31
0.0
100
AcDbText
 73
     1
  0
TEXT
  5
B8C
330
1F
100
AcDbEntity
  8
CVL_PUNTO_NUM
 62
     7
100
AcDbText
 10
327967.1876907121
 20
1631798.132981396
 30
0.0
 40
1.8626962631036
  1
15.00
 50
342.0224217242073
  7
MONOTXT4
 11
327966.9960535459
 21
1631797.54239655
 31
0.0
100
AcDbText
 73
     1
  0
TEXT
  5
B8D
330
1F
100
AcDbEntity
  8
CVL_PUNTO_NUM
 62
     7
100
AcDbText
 10
327954.0408088889
 20
1631802.677215922
 30
0.0
 40
1.862696263103601
  1
15.00
 50
342.5674398519623
  7
MONOTXT4
 11
327953.8547981641
 21
1631802.084834901
 31
0.0
100
AcDbText
 73
     1
  0
TEXT
  5
B8E
330
1F
100
AcDbEntity
  8
CVL_PUNTO_NUM
 62
     7
100
AcDbText
 10
327963.731914029
 20
1631788.925524821
 30
0.0
 40
1.8626962631036
  1
15.00
 50
342.0224217242073
  7
MONOTXT4
 11
327963.5402768628
 21
1631788.334939975
 31
0.0
100
AcDbText
 73
     1
  0
TEXT
  5
B8F
330
1F
100
AcDbEntity
  8
CVL_PUNTO_NUM
 62
     7
100
AcDbText
 10
327950.5850322058
 20
1631793.469759347
 30
0.0
 40
1.862696263103601
  1
15.00
 50
342.5674398519623
  7
MONOTXT4
 11
327950.399021481
 21
1631792.877378326
 31
0.0
100
AcDbText
 73
     1
  0
TEXT
  5
B90
330
1F
100
AcDbEntity
  8
CVL_PUNTO_NUM
 62
     7
100
AcDbText
 10
327960.4164357375
 20
1631779.55501137
 30
0.0
 40
1.8626962631036
  1
15.00
 50
342.0224217242073
  7
MONOTXT4
 11
327960.2247985712
 21
1631778.964426524
 31
0.0
100
AcDbText
 73
     1
  0
TEXT
  5
B91
330
1F
100
AcDbEntity
  8
CVL_PUNTO_NUM
 62
     7
100
AcDbText
 10
327947.2695539142
 20
1631784.099245896
 30
0.0
 40
1.862696263103601
  1
15.00
 50
342.5674398519623
  7
MONOTXT4
 11
327947.0835431894
 21
1631783.506864875
 31
0.0
100
AcDbText
 73
     1
  0
TEXT
  5
B92
330
1F
100
AcDbEntity
  8
CVL_PUNTO_NUM
 62
     7
100
AcDbText
 10
327957.5898361865
 20
1631770.013697492
 30
0.0
 40
1.8626962631036
  1
15.00
 50
342.0224217242073
  7
MONOTXT4
 11
327957.3981990203
 21
1631769.423112647
 31
0.0
100
AcDbText
 73
     1
  0
TEXT
  5
B93
330
1F
100
AcDbEntity
  8
CVL_PUNTO_NUM
 62
     7
100
AcDbText
 10
327944.4429543633
 20
1631774.557932018
 30
0.0
 40
1.862696263103601
  1
15.00
 50
342.5674398519623
  7
MONOTXT4
 11
327944.2569436385
 21
1631773.965550998
 31
0.0
100
AcDbText
 73
     1
  0
TEXT
  5
B94
330
1F
100
AcDbEntity
  8
CVL_PUNTO_NUM
 62
     7
100
AcDbText
 10
327953.2867698377
 20
1631760.713638906
 30
0.0
 40
1.8626962631036
  1
15.00
 50
342.0224217242073
  7
MONOTXT4
 11
327953.0951326714
 21
1631760.123054061
 31
0.0
100
AcDbText
 73
     1
  0
TEXT
  5
B95
330
1F
100
AcDbEntity
  8
CVL_PUNTO_NUM
 62
     7
100
AcDbText
 10
327940.1398880144
 20
1631765.257873433
 30
0.0
 40
1.862696263103601
  1
15.00
 50
342.5674398519623
  7
MONOTXT4
 11
327939.9538772896
 21
1631764.665492412
 31
0.0
100
AcDbText
 73
     1
  0
TEXT
  5
B96
330
1F
100
AcDbEntity
  8
CVL_PUNTO_NUM
 62
     7
100
AcDbText
 10
327949.6097984383
 20
1631751.298859954
 30
0.0
 40
1.8626962631036
  1
15.00
 50
342.0224217242073
  7
MONOTXT4
 11
327949.4181612721
 21
1631750.708275109
 31
0.0
100
AcDbText
 73
     1
  0
TEXT
  5
B97
330
1F
100
AcDbEntity
  8
CVL_PUNTO_NUM
 62
     7
100
AcDbText
 10
327936.4629166151
 20
1631755.84309448
 30
0.0
 40
1.862696263103601
  1
15.00
 50
342.5674398519623
  7
MONOTXT4
 11
327936.2769058903
 21
1631755.25071346
 31
0.0
100
AcDbText
 73
     1
  0
TEXT
  5
B98
330
1F
100
AcDbEntity
  8
CVL_PUNTO_NUM
 62
     7
100
AcDbText
 10
327946.0826943757
 20
1631742.1397111
 30
0.0
 40
1.8626962631036
  1
15.00
 50
342.0224217242073
  7
MONOTXT4
 11
327945.8910572094
 21
1631741.549126254
 31
0.0
100
AcDbText
 73
     1
  0
TEXT
  5
B99
330
1F
100
AcDbEntity
  8
CVL_PUNTO_NUM
 62
     7
100
AcDbText
 10
327932.9358125524
 20
1631746.683945626
 30
0.0
 40
1.862696263103601
  1
15.00
 50
342.5674398519623
  7
MONOTXT4
 11
327932.7498018276
 21
1631746.091564605
 31
0.0
100
AcDbText
 73
     1
  0
TEXT
  5
B9A
330
1F
100
AcDbEntity
  8
CVL_PUNTO_NUM
 62
     7
100
AcDbText
 10
327942.7637929371
 20
1631732.751406128
 30
0.0
 40
1.8626962631036
  1
15.00
 50
342.0224217242073
  7
MONOTXT4
 11
327942.5721557708
 21
1631732.160821283
 31
0.0
100
AcDbText
 73
     1
  0
TEXT
  5
B9B
330
1F
100
AcDbEntity
  8
CVL_PUNTO_NUM
 62
     7
100
AcDbText
 10
327929.6169111138
 20
1631737.295640655
 30
0.0
 40
1.862696263103601
  1
15.00
 50
342.5674398519623
  7
MONOTXT4
 11
327929.430900389
 21
1631736.703259634
 31
0.0
100
AcDbText
 73
     1
  0
TEXT
  5
B9C
330
1F
100
AcDbEntity
  8
CVL_PUNTO_NUM
 62
     7
100
AcDbText
 10
327940.716967046
 20
1631725.980467901
 30
0.0
 40
1.8626962631036
  1
15.00
 50
342.0224217242073
  7
MONOTXT4
 11
327940.5253298797
 21
1631725.389883056
 31
0.0
100
AcDbText
 73
     1
  0
TEXT
  5
B9D
330
1F
100
AcDbEntity
  8
CVL_PUNTO_NUM
 62
     7
100
AcDbText
 10
327927.5700852227
 20
1631730.524702427
 30
0.0
 40
1.862696263103601
  1
15.00
 50
342.5674398519623
  7
MONOTXT4
 11
327927.3840744979
 21
1631729.932321407
 31
0.0
100
AcDbText
 73
     1
  0
TEXT
  5
B9E
330
1F
100
AcDbEntity
  8
CVL_PUNTO_NUM
 62
     7
100
AcDbText
 10
327917.0705278743
 20
1631745.302336427
 30
0.0
 40
1.862696263103601
  1
10.00
 50
71.55354596058005
  7
MONOTXT4
 11
327917.6595247136
 21
1631745.105872724
 31
0.0
100
AcDbText
 73
     1
  0
TEXT
  5
B9F
330
1F
100
AcDbEntity
  8
CVL_PUNTO_NUM
 62
     7
100
AcDbText
 10
327920.0387964261
 20
1631754.400603369
 30
0.0
 40
1.862696263103601
  1
10.00
 50
71.55354596058005
  7
MONOTXT4
 11
327920.6277932653
 21
1631754.204139666
 31
0.0
100
AcDbText
 73
     1
  0
TEXT
  5
BA0
330
1F
100
AcDbEntity
  8
CVL_PUNTO_NUM
 62
     7
100
AcDbText
 10
327923.4293054426
 20
1631763.856357386
 30
0.0
 40
1.862696263103601
  1
10.00
 50
71.55354596058005
  7
MONOTXT4
 11
327924.0183022819
 21
1631763.659893683
 31
0.0
100
AcDbText
 73
     1
  0
TEXT
  5
BA1
330
1F
100
AcDbEntity
  8
CVL_PUNTO_NUM
 62
     7
100
AcDbText
 10
327926.909344609
 20
1631772.954624328
 30
0.0
 40
1.862696263103601
  1
10.00
 50
71.55354596058005
  7
MONOTXT4
 11
327927.4983414482
 21
1631772.758160625
 31
0.0
100
AcDbText
 73
     1
  0
TEXT
  5
BA2
330
1F
100
AcDbEntity
  8
CVL_PUNTO_NUM
 62
     7
100
AcDbText
 10
327930.0823217441
 20
1631782.257347193
 30
0.0
 40
1.862696263103601
  1
10.00
 50
71.55354596058005
  7
MONOTXT4
 11
327930.6713185834
 21
1631782.06088349
 31
0.0
100
AcDbText
 73
     1
  0
TEXT
  5
BA3
330
1F
100
AcDbEntity
  8
CVL_PUNTO_NUM
 62
     7
100
AcDbText
 10
327892.2451445735
 20
1631753.735918791
 30
0.0
 40
1.862696263103601
  1
10.00
 50
71.55354596058005
  7
MONOTXT4
 11
327892.8341414127
 21
1631753.539455088
 31
0.0
100
AcDbText
 73
     1
  0
TEXT
  5
BA4
330
1F
100
AcDbEntity
  8
CVL_PUNTO_NUM
 62
     7
100
AcDbText
 10
327895.2134131252
 20
1631762.834185734
 30
0.0
 40
1.862696263103601
  1
10.00
 50
71.55354596058005
  7
MONOTXT4
 11
327895.8024099645
 21
1631762.637722031
 31
0.0
100
AcDbText
 73
     1
  0
TEXT
  5
BA5
330
1F
100
AcDbEntity
  8
CVL_PUNTO_NUM
 62
     7
100
AcDbText
 10
327898.6039221418
 20
1631772.289939751
 30
0.0
 40
1.862696263103601
  1
10.00
 50
71.55354596058005
  7
MONOTXT4
 11
327899.192918981
 21
1631772.093476048
 31
0.0
100
AcDbText
 73
     1
  0
TEXT
  5
BA6
330
1F
100
AcDbEntity
  8
CVL_PUNTO_NUM
 62
     7
100
AcDbText
 10
327902.0839613081
 20
1631781.388206693
 30
0.0
 40
1.862696263103601
  1
10.00
 50
71.55354596058005
  7
MONOTXT4
 11
327902.6729581474
 21
1631781.19174299
 31
0.0
100
AcDbText
 73
     1
  0
TEXT
  5
BA7
330
1F
100
AcDbEntity
  8
CVL_PUNTO_NUM
 62
     7
100
AcDbText
 10
327905.2569384433
 20
1631790.690929557
 30
0.0
 40
1.862696263103601
  1
10.00
 50
71.55354596058005
  7
MONOTXT4
 11
327905.8459352826
 21
1631790.494465854
 31
0.0
100
AcDbText
 73
     1
  0
TEXT
  5
BA8
330
1F
100
AcDbEntity
  8
CVL_PUNTO_NUM
 62
     7
100
AcDbText
 10
327903.0534748789
 20
1631750.362485715
 30
0.0
 40
1.862696263103601
  1
10.00
 50
71.55354596058005
  7
MONOTXT4
 11
327903.6424717181
 21
1631750.166022012
 31
0.0
100
AcDbText
 73
     1
  0
TEXT
  5
BA9
330
1F
100
AcDbEntity
  8
CVL_PUNTO_NUM
 62
     7
100
AcDbText
 10
327906.0217434306
 20
1631759.460752657
 30
0.0
 40
1.862696263103601
  1
10.00
 50
71.55354596058005
  7
MONOTXT4
 11
327906.6107402699
 21
1631759.264288954
 31
0.0
100
AcDbText
 73
     1
  0
TEXT
  5
BAA
330
1F
100
AcDbEntity
  8
CVL_PUNTO_NUM
 62
     7
100
AcDbText
 10
327909.4122524472
 20
1631768.916506674
 30
0.0
 40
1.862696263103601
  1
10.00
 50
71.55354596058005
  7
MONOTXT4
 11
327910.0012492864
 21
1631768.720042971
 31
0.0
100
AcDbText
 73
     1
  0
TEXT
  5
BAB
330
1F
100
AcDbEntity
  8
CVL_PUNTO_NUM
 62
     7
100
AcDbText
 10
327912.8922916135
 20
1631778.014773616
 30
0.0
 40
1.862696263103601
  1
10.00
 50
71.55354596058005
  7
MONOTXT4
 11
327913.4812884528
 21
1631777.818309913
 31
0.0
100
AcDbText
 73
     1
  0
TEXT
  5
BAC
330
1F
100
AcDbEntity
  8
CVL_PUNTO_NUM
 62
     7
100
AcDbText
 10
327916.0652687487
 20
1631787.317496481
 30
0.0
 40
1.862696263103601
  1
10.00
 50
71.55354596058005
  7
MONOTXT4
 11
327916.6542655879
 21
1631787.121032778
 31
0.0
100
AcDbText
 73
     1
  0
TEXT
  5
BAD
330
1F
100
AcDbEntity
  8
CVL_PUNTO_NUM
 62
     7
100
AcDbText
 10
327913.4706903762
 20
1631735.781205508
 30
0.0
 40
1.862696263103601
  1
10.50
 50
71.55354596058005
  7
MONOTXT4
 11
327914.0596872154
 21
1631735.584741805
 31
0.0
100
AcDbText
 73
     1
  0
TEXT
  5
BAE
330
1F
100
AcDbEntity
  8
CVL_PUNTO_NUM
 62
     7
100
AcDbText
 10
327888.6453070753
 20
1631744.214787873
 30
0.0
 40
1.862696263103601
  1
9.20
 50
71.55354596058005
  7
MONOTXT4
 11
327889.2343039146
 21
1631744.01832417
 31
0.0
100
AcDbText
 73
     1
  0
TEXT
  5
BAF
330
1F
100
AcDbEntity
  8
CVL_PUNTO_NUM
 62
     7
100
AcDbText
 10
327899.4536373807
 20
1631740.841354796
 30
0.0
 40
1.862696263103601
  1
10.30
 50
71.55354596058005
  7
MONOTXT4
 11
327900.0426342199
 21
1631740.644891093
 31
0.0
100
AcDbText
 73
     1
  0
TEXT
  5
BB0
330
1F
100
AcDbEntity
  8
CVL_PUNTO_NUM
 62
     7
100
AcDbText
 10
327933.7695423294
 20
1631791.796874198
 30
0.0
 40
1.862696263103601
  1
10.00
 50
71.55354596058005
  7
MONOTXT4
 11
327934.3585391687
 21
1631791.600410495
 31
0.0
100
AcDbText
 73
     1
  0
TEXT
  5
BB1
330
1F
100
AcDbEntity
  8
CVL_PUNTO_NUM
 62
     7
100
AcDbText
 10
327936.9425194646
 20
1631801.099597062
 30
0.0
 40
1.862696263103601
  1
10.00
 50
71.55354596058005
  7
MONOTXT4
 11
327937.5315163039
 21
1631800.903133359
 31
0.0
100
AcDbText
 73
     1
  0
TEXT
  5
BB2
330
1F
100
AcDbEntity
  8
CVL_PUNTO_NUM
 62
     7
100
AcDbText
 10
327908.9441590286
 20
1631800.230456562
 30
0.0
 40
1.862696263103601
  1
10.00
 50
71.55354596058005
  7
MONOTXT4
 11
327909.5331558679
 21
1631800.033992859
 31
0.0
100
AcDbText
 73
     1
  0
TEXT
  5
BB3
330
1F
100
AcDbEntity
  8
CVL_PUNTO_NUM
 62
     7
100
AcDbText
 10
327912.1171361638
 20
1631809.533179427
 30
0.0
 40
1.862696263103601
  1
10.00
 50
71.55354596058005
  7
MONOTXT4
 11
327912.706133003
 21
1631809.336715724
 31
0.0
100
AcDbText
 73
     1
  0
TEXT
  5
BB4
330
1F
100
AcDbEntity
  8
CVL_PUNTO_NUM
 62
     7
100
AcDbText
 10
327919.752489334
 20
1631796.857023486
 30
0.0
 40
1.862696263103601
  1
10.00
 50
71.55354596058005
  7
MONOTXT4
 11
327920.3414861732
 21
1631796.660559783
 31
0.0
100
AcDbText
 73
     1
  0
TEXT
  5
BB5
330
1F
100
AcDbEntity
  8
CVL_PUNTO_NUM
 62
     7
100
AcDbText
 10
327922.9254664692
 20
1631806.15974635
 30
0.0
 40
1.862696263103601
  1
10.00
 50
71.55354596058005
  7
MONOTXT4
 11
327923.5144633084
 21
1631805.963282647
 31
0.0
100
AcDbText
 73
     1
  0
TEXT
  5
BB6
330
1F
100
AcDbEntity
  8
CVL_PUNTO_NUM
 62
     7
100
AcDbText
 10
327928.8205005552
 20
1631811.235888169
 30
0.0
 40
1.8626962631036
  1
15.00
 50
342.0224217242073
  7
MONOTXT4
 11
327928.628863389
 21
1631810.645303324
 31
0.0
100
AcDbText
 73
     1
  0
TEXT
  5
BB7
330
1F
100
AcDbEntity
  8
CVL_PUNTO_NUM
 62
     7
100
AcDbText
 10
327915.673618732
 20
1631815.780122695
 30
0.0
 40
1.862696263103601
  1
15.00
 50
342.5674398519623
  7
MONOTXT4
 11
327915.4876080072
 21
1631815.187741675
 31
0.0
100
AcDbText
 73
     1
  0
TEXT
  5
BB8
330
1F
100
AcDbEntity
  8
CVL_PUNTO_NUM
 62
     7
100
AcDbText
 10
327925.3647238721
 20
1631802.028431594
 30
0.0
 40
1.8626962631036
  1
15.00
 50
342.0224217242073
  7
MONOTXT4
 11
327925.1730867059
 21
1631801.437846749
 31
0.0
100
AcDbText
 73
     1
  0
TEXT
  5
BB9
330
1F
100
AcDbEntity
  8
CVL_PUNTO_NUM
 62
     7
100
AcDbText
 10
327912.2178420489
 20
1631806.57266612
 30
0.0
 40
1.862696263103601
  1
15.00
 50
342.5674398519623
  7
MONOTXT4
 11
327912.0318313241
 21
1631805.9802851
 31
0.0
100
AcDbText
 73
     1
  0
TEXT
  5
BBA
330
1F
100
AcDbEntity
  8
CVL_PUNTO_NUM
 62
     7
100
AcDbText
 10
327922.0492455806
 20
1631792.657918143
 30
0.0
 40
1.8626962631036
  1
15.00
 50
342.0224217242073
  7
MONOTXT4
 11
327921.8576084143
 21
1631792.067333298
 31
0.0
100
AcDbText
 73
     1
  0
TEXT
  5
BBB
330
1F
100
AcDbEntity
  8
CVL_PUNTO_NUM
 62
     7
100
AcDbText
 10
327908.9023637573
 20
1631797.20215267
 30
0.0
 40
1.862696263103601
  1
15.00
 50
342.5674398519623
  7
MONOTXT4
 11
327908.7163530325
 21
1631796.609771649
 31
0.0
100
AcDbText
 73
     1
  0
TEXT
  5
BBC
330
1F
100
AcDbEntity
  8
CVL_PUNTO_NUM
 62
     7
100
AcDbText
 10
327919.2226460296
 20
1631783.116604266
 30
0.0
 40
1.8626962631036
  1
15.00
 50
342.0224217242073
  7
MONOTXT4
 11
327919.0310088634
 21
1631782.52601942
 31
0.0
100
AcDbText
 73
     1
  0
TEXT
  5
BBD
330
1F
100
AcDbEntity
  8
CVL_PUNTO_NUM
 62
     7
100
AcDbText
 10
327906.0757642064
 20
1631787.660838792
 30
0.0
 40
1.862696263103601
  1
15.00
 50
342.5674398519623
  7
MONOTXT4
 11
327905.8897534816
 21
1631787.068457771
 31
0.0
100
AcDbText
 73
     1
  0
TEXT
  5
BBE
330
1F
100
AcDbEntity
  8
CVL_PUNTO_NUM
 62
     7
100
AcDbText
 10
327914.9195796808
 20
1631773.81654568
 30
0.0
 40
1.8626962631036
  1
15.00
 50
342.0224217242073
  7
MONOTXT4
 11
327914.7279425145
 21
1631773.225960835
 31
0.0
100
AcDbText
 73
     1
  0
TEXT
  5
BBF
330
1F
100
AcDbEntity
  8
CVL_PUNTO_NUM
 62
     7
100
AcDbText
 10
327901.7726978575
 20
1631778.360780206
 30
0.0
 40
1.862696263103601
  1
15.00
 50
342.5674398519623
  7
MONOTXT4
 11
327901.5866871327
 21
1631777.768399186
 31
0.0
100
AcDbText
 73
     1
  0
TEXT
  5
BC0
330
1F
100
AcDbEntity
  8
CVL_PUNTO_NUM
 62
     7
100
AcDbText
 10
327911.2426082815
 20
1631764.401766728
 30
0.0
 40
1.8626962631036
  1
15.00
 50
342.0224217242073
  7
MONOTXT4
 11
327911.0509711152
 21
1631763.811181882
 31
0.0
100
AcDbText
 73
     1
  0
TEXT
  5
BC1
330
1F
100
AcDbEntity
  8
CVL_PUNTO_NUM
 62
     7
100
AcDbText
 10
327898.0957264582
 20
1631768.946001254
 30
0.0
 40
1.862696263103601
  1
15.00
 50
342.5674398519623
  7
MONOTXT4
 11
327897.9097157334
 21
1631768.353620233
 31
0.0
100
AcDbText
 73
     1
  0
TEXT
  5
BC2
330
1F
100
AcDbEntity
  8
CVL_PUNTO_NUM
 62
     7
100
AcDbText
 10
327907.7155042188
 20
1631755.242617873
 30
0.0
 40
1.8626962631036
  1
15.00
 50
342.0224217242073
  7
MONOTXT4
 11
327907.5238670525
 21
1631754.652033028
 31
0.0
100
AcDbText
 73
     1
  0
TEXT
  5
BC3
330
1F
100
AcDbEntity
  8
CVL_PUNTO_NUM
 62
     7
100
AcDbText
 10
327894.5686223955
 20
1631759.786852399
 30
0.0
 40
1.862696263103601
  1
15.00
 50
342.5674398519623
  7
MONOTXT4
 11
327894.3826116707
 21
1631759.194471379
 31
0.0
100
AcDbText
 73
     1
  0
TEXT
  5
BC4
330
1F
100
AcDbEntity
  8
CVL_PUNTO_NUM
 62
     7
100
AcDbText
 10
327904.3966027802
 20
1631745.854312902
 30
0.0
 40
1.8626962631036
  1
15.00
 50
342.0224217242073
  7
MONOTXT4
 11
327904.2049656139
 21
1631745.263728056
 31
0.0
100
AcDbText
 73
     1
  0
TEXT
  5
BC5
330
1F
100
AcDbEntity
  8
CVL_PUNTO_NUM
 62
     7
100
AcDbText
 10
327891.2497209569
 20
1631750.398547428
 30
0.0
 40
1.862696263103601
  1
15.00
 50
342.5674398519623
  7
MONOTXT4
 11
327891.0637102321
 21
1631749.806166408
 31
0.0
100
AcDbText
 73
     1
  0
TEXT
  5
BC6
330
1F
100
AcDbEntity
  8
CVL_PUNTO_NUM
 62
     7
100
AcDbText
 10
327902.3497768891
 20
1631739.083374675
 30
0.0
 40
1.8626962631036
  1
15.00
 50
342.0224217242073
  7
MONOTXT4
 11
327902.1581397229
 21
1631738.492789829
 31
0.0
100
AcDbText
 73
     1
  0
TEXT
  5
BC7
330
1F
100
AcDbEntity
  8
CVL_PUNTO_NUM
 62
     7
100
AcDbText
 10
327889.2028950659
 20
1631743.627609201
 30
0.0
 40
1.862696263103601
  1
15.00
 50
342.5674398519623
  7
MONOTXT4
 11
327889.016884341
 21
1631743.03522818
 31
0.0
100
AcDbText
 73
     1
  0
TEXT
  5
BC8
330
1F
100
AcDbEntity
  8
CVL_PUNTO_NUM
 62
     7
100
AcDbText
 10
327880.939243959
 20
1631754.648526492
 30
0.0
 40
1.862696263103601
  1
17.70
 50
71.55354596058005
  7
MONOTXT4
 11
327881.5282407982
 21
1631754.452062789
 31
0.0
100
AcDbText
 73
     1
  0
TEXT
  5
BC9
330
1F
100
AcDbEntity
  8
CVL_PUNTO_NUM
 62
     7
100
AcDbText
 10
327884.598550082
 20
1631766.310337867
 30
0.0
 40
1.862696263103601
  1
10.00
 50
71.55354596058005
  7
MONOTXT4
 11
327885.1875469213
 21
1631766.113874164
 31
0.0
100
AcDbText
 73
     1
  0
TEXT
  5
BCA
330
1F
100
AcDbEntity
  8
CVL_PUNTO_NUM
 62
     7
100
AcDbText
 10
327887.9890590986
 20
1631775.766091884
 30
0.0
 40
1.862696263103601
  1
10.00
 50
71.55354596058005
  7
MONOTXT4
 11
327888.5780559379
 21
1631775.569628181
 31
0.0
100
AcDbText
 73
     1
  0
TEXT
  5
BCB
330
1F
100
AcDbEntity
  8
CVL_PUNTO_NUM
 62
     7
100
AcDbText
 10
327891.469098265
 20
1631784.864358826
 30
0.0
 40
1.862696263103601
  1
10.00
 50
71.55354596058005
  7
MONOTXT4
 11
327892.0580951042
 21
1631784.667895123
 31
0.0
100
AcDbText
 73
     1
  0
TEXT
  5
BCC
330
1F
100
AcDbEntity
  8
CVL_PUNTO_NUM
 62
     7
100
AcDbText
 10
327894.6420754001
 20
1631794.16708169
 30
0.0
 40
1.862696263103601
  1
10.00
 50
71.55354596058005
  7
MONOTXT4
 11
327895.2310722394
 21
1631793.970617987
 31
0.0
100
AcDbText
 73
     1
  0
TEXT
  5
BCD
330
1F
100
AcDbEntity
  8
CVL_PUNTO_NUM
 62
     7
100
AcDbText
 10
327856.1138606582
 20
1631763.082108857
 30
0.0
 40
1.862696263103601
  1
12.35
 50
71.55354596058005
  7
MONOTXT4
 11
327856.7028574974
 21
1631762.885645154
 31
0.0
100
AcDbText
 73
     1
  0
TEXT
  5
BCE
330
1F
100
AcDbEntity
  8
CVL_PUNTO_NUM
 62
     7
100
AcDbText
 10
327859.7731667812
 20
1631774.743920231
 30
0.0
 40
1.862696263103601
  1
10.00
 50
71.55354596058005
  7
MONOTXT4
 11
327860.3621636204
 21
1631774.547456528
 31
0.0
100
AcDbText
 73
     1
  0
TEXT
  5
BCF
330
1F
100
AcDbEntity
  8
CVL_PUNTO_NUM
 62
     7
100
AcDbText
 10
327863.1636757978
 20
1631784.199674248
 30
0.0
 40
1.862696263103601
  1
10.00
 50
71.55354596058005
  7
MONOTXT4
 11
327863.752672637
 21
1631784.003210545
 31
0.0
100
AcDbText
 73
     1
  0
TEXT
  5
BD0
330
1F
100
AcDbEntity
  8
CVL_PUNTO_NUM
 62
     7
100
AcDbText
 10
327866.6437149641
 20
1631793.297941191
 30
0.0
 40
1.862696263103601
  1
10.00
 50
71.55354596058005
  7
MONOTXT4
 11
327867.2327118034
 21
1631793.101477488
 31
0.0
100
AcDbText
 73
     1
  0
TEXT
  5
BD1
330
1F
100
AcDbEntity
  8
CVL_PUNTO_NUM
 62
     7
100
AcDbText
 10
327869.8166920993
 20
1631802.600664055
 30
0.0
 40
1.862696263103601
  1
10.00
 50
71.55354596058005
  7
MONOTXT4
 11
327870.4056889385
 21
1631802.404200352
 31
0.0
100
AcDbText
 73
     1
  0
TEXT
  5
BD2
330
1F
100
AcDbEntity
  8
CVL_PUNTO_NUM
 62
     7
100
AcDbText
 10
327866.9221909635
 20
1631759.70867578
 30
0.0
 40
1.862696263103601
  1
15.00
 50
71.55354596058005
  7
MONOTXT4
 11
327867.5111878028
 21
1631759.512212078
 31
0.0
100
AcDbText
 73
     1
  0
TEXT
  5
BD3
330
1F
100
AcDbEntity
  8
CVL_PUNTO_NUM
 62
     7
100
AcDbText
 10
327870.5814970866
 20
1631771.370487155
 30
0.0
 40
1.862696263103601
  1
10.00
 50
71.55354596058005
  7
MONOTXT4
 11
327871.1704939258
 21
1631771.174023452
 31
0.0
100
AcDbText
 73
     1
  0
TEXT
  5
BD4
330
1F
100
AcDbEntity
  8
CVL_PUNTO_NUM
 62
     7
100
AcDbText
 10
327873.9720061032
 20
1631780.826241172
 30
0.0
 40
1.862696263103601
  1
10.00
 50
71.55354596058005
  7
MONOTXT4
 11
327874.5610029424
 21
1631780.629777469
 31
0.0
100
AcDbText
 73
     1
  0
TEXT
  5
BD5
330
1F
100
AcDbEntity
  8
CVL_PUNTO_NUM
 62
     7
100
AcDbText
 10
327877.4520452695
 20
1631789.924508114
 30
0.0
 40
1.862696263103601
  1
10.00
 50
71.55354596058005
  7
MONOTXT4
 11
327878.0410421088
 21
1631789.728044411
 31
0.0
100
AcDbText
 73
     1
  0
TEXT
  5
BD6
330
1F
100
AcDbEntity
  8
CVL_PUNTO_NUM
 62
     7
100
AcDbText
 10
327880.6250224047
 20
1631799.227230978
 30
0.0
 40
1.862696263103601
  1
10.00
 50
71.55354596058005
  7
MONOTXT4
 11
327881.2140192439
 21
1631799.030767275
 31
0.0
100
AcDbText
 73
     1
  0
TEXT
  5
BDA
330
1F
100
AcDbEntity
  8
CVL_PUNTO_NUM
 62
     7
100
AcDbText
 10
327898.3292959854
 20
1631803.706608696
 30
0.0
 40
1.862696263103601
  1
10.00
 50
71.55354596058005
  7
MONOTXT4
 11
327898.9182928247
 21
1631803.510144993
 31
0.0
100
AcDbText
 73
     1
  0
TEXT
  5
BDB
330
1F
100
AcDbEntity
  8
CVL_PUNTO_NUM
 62
     7
100
AcDbText
 10
327901.5022731206
 20
1631813.00933156
 30
0.0
 40
1.862696263103601
  1
10.00
 50
71.55354596058005
  7
MONOTXT4
 11
327902.0912699598
 21
1631812.812867857
 31
0.0
100
AcDbText
 73
     1
  0
TEXT
  5
BDC
330
1F
100
AcDbEntity
  8
CVL_PUNTO_NUM
 62
     7
100
AcDbText
 10
327873.5039126846
 20
1631812.14019106
 30
0.0
 40
1.862696263103601
  1
10.00
 50
71.55354596058005
  7
MONOTXT4
 11
327874.0929095238
 21
1631811.943727357
 31
0.0
100
AcDbText
 73
     1
  0
TEXT
  5
BDD
330
1F
100
AcDbEntity
  8
CVL_PUNTO_NUM
 62
     7
100
AcDbText
 10
327876.6768898198
 20
1631821.442913924
 30
0.0
 40
1.862696263103601
  1
10.00
 50
71.55354596058005
  7
MONOTXT4
 11
327877.265886659
 21
1631821.246450222
 31
0.0
100
AcDbText
 73
     1
  0
TEXT
  5
BDE
330
1F
100
AcDbEntity
  8
CVL_PUNTO_NUM
 62
     7
100
AcDbText
 10
327884.31224299
 20
1631808.766757984
 30
0.0
 40
1.862696263103601
  1
10.00
 50
71.55354596058005
  7
MONOTXT4
 11
327884.9012398292
 21
1631808.570294281
 31
0.0
100
AcDbText
 73
     1
  0
TEXT
  5
BDF
330
1F
100
AcDbEntity
  8
CVL_PUNTO_NUM
 62
     7
100
AcDbText
 10
327887.4852201251
 20
1631818.069480848
 30
0.0
 40
1.862696263103601
  1
10.00
 50
71.55354596058005
  7
MONOTXT4
 11
327888.0742169644
 21
1631817.873017145
 31
0.0
100
AcDbText
 73
     1
  0
TEXT
  5
BE0
330
1F
100
AcDbEntity
  8
CVL_PUNTO_NUM
 62
     7
100
AcDbText
 10
327893.3802542112
 20
1631823.145622667
 30
0.0
 40
1.8626962631036
  1
15.00
 50
342.0224217242073
  7
MONOTXT4
 11
327893.188617045
 21
1631822.555037822
 31
0.0
100
AcDbText
 73
     1
  0
TEXT
  5
BE1
330
1F
100
AcDbEntity
  8
CVL_PUNTO_NUM
 62
     7
100
AcDbText
 10
327880.233372388
 20
1631827.689857193
 30
0.0
 40
1.862696263103601
  1
15.00
 50
342.5674398519623
  7
MONOTXT4
 11
327880.0473616632
 21
1631827.097476173
 31
0.0
100
AcDbText
 73
     1
  0
TEXT
  5
BE2
330
1F
100
AcDbEntity
  8
CVL_PUNTO_NUM
 62
     7
100
AcDbText
 10
327889.9244775281
 20
1631813.938166092
 30
0.0
 40
1.8626962631036
  1
15.00
 50
342.0224217242073
  7
MONOTXT4
 11
327889.7328403619
 21
1631813.347581247
 31
0.0
100
AcDbText
 73
     1
  0
TEXT
  5
BE3
330
1F
100
AcDbEntity
  8
CVL_PUNTO_NUM
 62
     7
100
AcDbText
 10
327876.7775957049
 20
1631818.482400618
 30
0.0
 40
1.862696263103601
  1
15.00
 50
342.5674398519623
  7
MONOTXT4
 11
327876.59158498
 21
1631817.890019598
 31
0.0
100
AcDbText
 73
     1
  0
TEXT
  5
BE4
330
1F
100
AcDbEntity
  8
CVL_PUNTO_NUM
 62
     7
100
AcDbText
 10
327886.6089992366
 20
1631804.567652641
 30
0.0
 40
1.8626962631036
  1
15.00
 50
342.0224217242073
  7
MONOTXT4
 11
327886.4173620703
 21
1631803.977067796
 31
0.0
100
AcDbText
 73
     1
  0
TEXT
  5
BE5
330
1F
100
AcDbEntity
  8
CVL_PUNTO_NUM
 62
     7
100
AcDbText
 10
327873.4621174133
 20
1631809.111887167
 30
0.0
 40
1.862696263103601
  1
15.00
 50
342.5674398519623
  7
MONOTXT4
 11
327873.2761066885
 21
1631808.519506147
 31
0.0
100
AcDbText
 73
     1
  0
TEXT
  5
BE6
330
1F
100
AcDbEntity
  8
CVL_PUNTO_NUM
 62
     7
100
AcDbText
 10
327883.7823996856
 20
1631795.026338763
 30
0.0
 40
1.8626962631036
  1
15.00
 50
342.0224217242073
  7
MONOTXT4
 11
327883.5907625194
 21
1631794.435753918
 31
0.0
100
AcDbText
 73
     1
  0
TEXT
  5
BE7
330
1F
100
AcDbEntity
  8
CVL_PUNTO_NUM
 62
     7
100
AcDbText
 10
327870.6355178624
 20
1631799.57057329
 30
0.0
 40
1.862696263103601
  1
15.00
 50
342.5674398519623
  7
MONOTXT4
 11
327870.4495071376
 21
1631798.978192269
 31
0.0
100
AcDbText
 73
     1
  0
TEXT
  5
BE8
330
1F
100
AcDbEntity
  8
CVL_PUNTO_NUM
 62
     7
100
AcDbText
 10
327879.4793333368
 20
1631785.726280178
 30
0.0
 40
1.8626962631036
  1
15.00
 50
342.0224217242073
  7
MONOTXT4
 11
327879.2876961705
 21
1631785.135695332
 31
0.0
100
AcDbText
 73
     1
  0
TEXT
  5
BE9
330
1F
100
AcDbEntity
  8
CVL_PUNTO_NUM
 62
     7
100
AcDbText
 10
327866.3324515135
 20
1631790.270514704
 30
0.0
 40
1.862696263103601
  1
15.00
 50
342.5674398519623
  7
MONOTXT4
 11
327866.1464407887
 21
1631789.678133683
 31
0.0
100
AcDbText
 73
     1
  0
TEXT
  5
BEA
330
1F
100
AcDbEntity
  8
CVL_PUNTO_NUM
 62
     7
100
AcDbText
 10
327875.8023619374
 20
1631776.311501226
 30
0.0
 40
1.8626962631036
  1
15.00
 50
342.0224217242073
  7
MONOTXT4
 11
327875.6107247712
 21
1631775.72091638
 31
0.0
100
AcDbText
 73
     1
  0
TEXT
  5
BEB
330
1F
100
AcDbEntity
  8
CVL_PUNTO_NUM
 62
     7
100
AcDbText
 10
327862.6554801142
 20
1631780.855735752
 30
0.0
 40
1.862696263103601
  1
15.00
 50
342.5674398519623
  7
MONOTXT4
 11
327862.4694693894
 21
1631780.263354731
 31
0.0
100
AcDbText
 73
     1
  0
TEXT
  5
BEC
330
1F
100
AcDbEntity
  8
CVL_PUNTO_NUM
 62
     7
100
AcDbText
 10
327872.2752578748
 20
1631767.152352371
 30
0.0
 40
1.8626962631036
  1
15.00
 50
342.0224217242073
  7
MONOTXT4
 11
327872.0836207085
 21
1631766.561767525
 31
0.0
100
AcDbText
 73
     1
  0
TEXT
  5
BED
330
1F
100
AcDbEntity
  8
CVL_PUNTO_NUM
 62
     7
100
AcDbText
 10
327859.1283760515
 20
1631771.696586897
 30
0.0
 40
1.862696263103601
  1
15.00
 50
342.5674398519623
  7
MONOTXT4
 11
327858.9423653267
 21
1631771.104205876
 31
0.0
100
AcDbText
 73
     1
  0
TEXT
  5
BEE
330
1F
100
AcDbEntity
  8
CVL_PUNTO_NUM
 62
     7
100
AcDbText
 10
327867.9691601772
 20
1631755.299101086
 30
0.0
 40
1.8626962631036
  1
15.00
 50
342.0224217242073
  7
MONOTXT4
 11
327867.7775230109
 21
1631754.70851624
 31
0.0
100
AcDbText
 73
     1
  0
TEXT
  5
BEF
330
1F
100
AcDbEntity
  8
CVL_PUNTO_NUM
 62
     7
100
AcDbText
 10
327855.8094746129
 20
1631762.308281926
 30
0.0
 40
1.862696263103601
  1
15.00
 50
342.5674398519623
  7
MONOTXT4
 11
327855.6234638881
 21
1631761.715900905
 31
0.0
100
AcDbText
 73
     1
  0
TEXT
  5
BF2
330
1F
100
AcDbEntity
  8
CVL_PUNTO_NUM
 62
     7
100
AcDbText
 10
327845.7383930449
 20
1631768.831629637
 30
0.0
 40
1.862696263103601
  1
11.00
 50
71.55354596058005
  7
MONOTXT4
 11
327846.3273898842
 21
1631768.635165934
 31
0.0
100
AcDbText
 73
     1
  0
TEXT
  5
BF3
330
1F
100
AcDbEntity
  8
CVL_PUNTO_NUM
 62
     7
100
AcDbText
 10
327848.7066615967
 20
1631777.929896579
 30
0.0
 40
1.862696263103601
  1
10.00
 50
71.55354596058005
  7
MONOTXT4
 11
327849.2956584359
 21
1631777.733432876
 31
0.0
100
AcDbText
 73
     1
  0
TEXT
  5
BF4
330
1F
100
AcDbEntity
  8
CVL_PUNTO_NUM
 62
     7
100
AcDbText
 10
327852.0971706133
 20
1631787.385650596
 30
0.0
 40
1.862696263103601
  1
10.00
 50
71.55354596058005
  7
MONOTXT4
 11
327852.6861674525
 21
1631787.189186893
 31
0.0
100
AcDbText
 73
     1
  0
TEXT
  5
BF5
330
1F
100
AcDbEntity
  8
CVL_PUNTO_NUM
 62
     7
100
AcDbText
 10
327855.5772097796
 20
1631796.483917538
 30
0.0
 40
1.862696263103601
  1
10.00
 50
71.55354596058005
  7
MONOTXT4
 11
327856.1662066189
 21
1631796.287453835
 31
0.0
100
AcDbText
 73
     1
  0
TEXT
  5
BF6
330
1F
100
AcDbEntity
  8
CVL_PUNTO_NUM
 62
     7
100
AcDbText
 10
327858.7501869148
 20
1631805.786640402
 30
0.0
 40
1.862696263103601
  1
10.00
 50
71.55354596058005
  7
MONOTXT4
 11
327859.339183754
 21
1631805.590176699
 31
0.0
100
AcDbText
 73
     1
  0
TEXT
  5
BF7
330
1F
100
AcDbEntity
  8
CVL_PUNTO_NUM
 62
     7
100
AcDbText
 10
327820.9130097441
 20
1631777.265212001
 30
0.0
 40
1.862696263103601
  1
8.00
 50
71.55354596058005
  7
MONOTXT4
 11
327821.5020065833
 21
1631777.068748298
 31
0.0
100
AcDbText
 73
     1
  0
TEXT
  5
BF8
330
1F
100
AcDbEntity
  8
CVL_PUNTO_NUM
 62
     7
100
AcDbText
 10
327823.8812782959
 20
1631786.363478943
 30
0.0
 40
1.862696263103601
  1
10.00
 50
71.55354596058005
  7
MONOTXT4
 11
327824.4702751351
 21
1631786.16701524
 31
0.0
100
AcDbText
 73
     1
  0
TEXT
  5
BF9
330
1F
100
AcDbEntity
  8
CVL_PUNTO_NUM
 62
     7
100
AcDbText
 10
327827.2717873124
 20
1631795.81923296
 30
0.0
 40
1.862696263103601
  1
10.00
 50
71.55354596058005
  7
MONOTXT4
 11
327827.8607841517
 21
1631795.622769257
 31
0.0
100
AcDbText
 73
     1
  0
TEXT
  5
BFA
330
1F
100
AcDbEntity
  8
CVL_PUNTO_NUM
 62
     7
100
AcDbText
 10
327830.7518264788
 20
1631804.917499903
 30
0.0
 40
1.862696263103601
  1
10.00
 50
71.55354596058005
  7
MONOTXT4
 11
327831.340823318
 21
1631804.7210362
 31
0.0
100
AcDbText
 73
     1
  0
TEXT
  5
BFB
330
1F
100
AcDbEntity
  8
CVL_PUNTO_NUM
 62
     7
100
AcDbText
 10
327833.9248036139
 20
1631814.220222767
 30
0.0
 40
1.862696263103601
  1
10.00
 50
71.55354596058005
  7
MONOTXT4
 11
327834.5138004532
 21
1631814.023759064
 31
0.0
100
AcDbText
 73
     1
  0
TEXT
  5
BFC
330
1F
100
AcDbEntity
  8
CVL_PUNTO_NUM
 62
     7
100
AcDbText
 10
327831.7213400495
 20
1631773.891778925
 30
0.0
 40
1.862696263103601
  1
9.60
 50
71.55354596058005
  7
MONOTXT4
 11
327832.3103368887
 21
1631773.695315222
 31
0.0
100
AcDbText
 73
     1
  0
TEXT
  5
BFD
330
1F
100
AcDbEntity
  8
CVL_PUNTO_NUM
 62
     7
100
AcDbText
 10
327834.6896086012
 20
1631782.990045867
 30
0.0
 40
1.862696263103601
  1
10.00
 50
71.55354596058005
  7
MONOTXT4
 11
327835.2786054405
 21
1631782.793582164
 31
0.0
100
AcDbText
 73
     1
  0
TEXT
  5
BFE
330
1F
100
AcDbEntity
  8
CVL_PUNTO_NUM
 62
     7
100
AcDbText
 10
327838.0801176178
 20
1631792.445799884
 30
0.0
 40
1.862696263103601
  1
10.00
 50
71.55354596058005
  7
MONOTXT4
 11
327838.6691144571
 21
1631792.249336181
 31
0.0
100
AcDbText
 73
     1
  0
TEXT
  5
BFF
330
1F
100
AcDbEntity
  8
CVL_PUNTO_NUM
 62
     7
100
AcDbText
 10
327841.5601567842
 20
1631801.544066826
 30
0.0
 40
1.862696263103601
  1
10.00
 50
71.55354596058005
  7
MONOTXT4
 11
327842.1491536234
 21
1631801.347603123
 31
0.0
100
AcDbText
 73
     1
  0
TEXT
  5
C00
330
1F
100
AcDbEntity
  8
CVL_PUNTO_NUM
 62
     7
100
AcDbText
 10
327844.7331339193
 20
1631810.84678969
 30
0.0
 40
1.862696263103601
  1
10.00
 50
71.55354596058005
  7
MONOTXT4
 11
327845.3221307586
 21
1631810.650325987
 31
0.0
100
AcDbText
 73
     1
  0
TEXT
  5
C04
330
1F
100
AcDbEntity
  8
CVL_PUNTO_NUM
 62
     7
100
AcDbText
 10
327862.4374075001
 20
1631815.326167408
 30
0.0
 40
1.862696263103601
  1
10.00
 50
71.55354596058005
  7
MONOTXT4
 11
327863.0264043393
 21
1631815.129703705
 31
0.0
100
AcDbText
 73
     1
  0
TEXT
  5
C05
330
1F
100
AcDbEntity
  8
CVL_PUNTO_NUM
 62
     7
100
AcDbText
 10
327865.6103846352
 20
1631824.628890272
 30
0.0
 40
1.862696263103601
  1
10.00
 50
71.55354596058005
  7
MONOTXT4
 11
327866.1993814745
 21
1631824.432426569
 31
0.0
100
AcDbText
 73
     1
  0
TEXT
  5
C06
330
1F
100
AcDbEntity
  8
CVL_PUNTO_NUM
 62
     7
100
AcDbText
 10
327837.6120241992
 20
1631823.759749772
 30
0.0
 40
1.862696263103601
  1
10.00
 50
71.55354596058005
  7
MONOTXT4
 11
327838.2010210385
 21
1631823.563286069
 31
0.0
100
AcDbText
 73
     1
  0
TEXT
  5
C07
330
1F
100
AcDbEntity
  8
CVL_PUNTO_NUM
 62
     7
100
AcDbText
 10
327840.7850013344
 20
1631833.062472636
 30
0.0
 40
1.862696263103601
  1
10.00
 50
71.55354596058005
  7
MONOTXT4
 11
327841.3739981737
 21
1631832.866008934
 31
0.0
100
AcDbText
 73
     1
  0
TEXT
  5
C08
330
1F
100
AcDbEntity
  8
CVL_PUNTO_NUM
 62
     7
100
AcDbText
 10
327848.4203545046
 20
1631820.386316696
 30
0.0
 40
1.862696263103601
  1
10.00
 50
71.55354596058005
  7
MONOTXT4
 11
327849.0093513439
 21
1631820.189852993
 31
0.0
100
AcDbText
 73
     1
  0
TEXT
  5
C09
330
1F
100
AcDbEntity
  8
CVL_PUNTO_NUM
 62
     7
100
AcDbText
 10
327851.5933316398
 20
1631829.68903956
 30
0.0
 40
1.862696263103601
  1
10.00
 50
71.55354596058005
  7
MONOTXT4
 11
327852.182328479
 21
1631829.492575857
 31
0.0
100
AcDbText
 73
     1
  0
TEXT
  5
C0A
330
1F
100
AcDbEntity
  8
CVL_PUNTO_NUM
 62
     7
100
AcDbText
 10
327857.4883657259
 20
1631834.765181379
 30
0.0
 40
1.8626962631036
  1
15.00
 50
342.0224217242073
  7
MONOTXT4
 11
327857.2967285596
 21
1631834.174596534
 31
0.0
100
AcDbText
 73
     1
  0
TEXT
  5
C0B
330
1F
100
AcDbEntity
  8
CVL_PUNTO_NUM
 62
     7
100
AcDbText
 10
327844.3414839026
 20
1631839.309415905
 30
0.0
 40
1.862696263103601
  1
15.00
 50
342.5674398519623
  7
MONOTXT4
 11
327844.1554731778
 21
1631838.717034885
 31
0.0
100
AcDbText
 73
     1
  0
TEXT
  5
C0C
330
1F
100
AcDbEntity
  8
CVL_PUNTO_NUM
 62
     7
100
AcDbText
 10
327854.0325890428
 20
1631825.557724804
 30
0.0
 40
1.8626962631036
  1
15.00
 50
342.0224217242073
  7
MONOTXT4
 11
327853.8409518765
 21
1631824.967139959
 31
0.0
100
AcDbText
 73
     1
  0
TEXT
  5
C0D
330
1F
100
AcDbEntity
  8
CVL_PUNTO_NUM
 62
     7
100
AcDbText
 10
327840.8857072195
 20
1631830.10195933
 30
0.0
 40
1.862696263103601
  1
15.00
 50
342.5674398519623
  7
MONOTXT4
 11
327840.6996964947
 21
1631829.50957831
 31
0.0
100
AcDbText
 73
     1
  0
TEXT
  5
C0E
330
1F
100
AcDbEntity
  8
CVL_PUNTO_NUM
 62
     7
100
AcDbText
 10
327850.7171107512
 20
1631816.187211353
 30
0.0
 40
1.8626962631036
  1
15.00
 50
342.0224217242073
  7
MONOTXT4
 11
327850.525473585
 21
1631815.596626508
 31
0.0
100
AcDbText
 73
     1
  0
TEXT
  5
C0F
330
1F
100
AcDbEntity
  8
CVL_PUNTO_NUM
 62
     7
100
AcDbText
 10
327837.570228928
 20
1631820.731445879
 30
0.0
 40
1.862696263103601
  1
15.00
 50
342.5674398519623
  7
MONOTXT4
 11
327837.3842182032
 21
1631820.139064859
 31
0.0
100
AcDbText
 73
     1
  0
TEXT
  5
C10
330
1F
100
AcDbEntity
  8
CVL_PUNTO_NUM
 62
     7
100
AcDbText
 10
327847.8905112003
 20
1631806.645897475
 30
0.0
 40
1.8626962631036
  1
15.00
 50
342.0224217242073
  7
MONOTXT4
 11
327847.698874034
 21
1631806.05531263
 31
0.0
100
AcDbText
 73
     1
  0
TEXT
  5
C11
330
1F
100
AcDbEntity
  8
CVL_PUNTO_NUM
 62
     7
100
AcDbText
 10
327834.743629377
 20
1631811.190132002
 30
0.0
 40
1.862696263103601
  1
15.00
 50
342.5674398519623
  7
MONOTXT4
 11
327834.5576186522
 21
1631810.597750981
 31
0.0
100
AcDbText
 73
     1
  0
TEXT
  5
C12
330
1F
100
AcDbEntity
  8
CVL_PUNTO_NUM
 62
     7
100
AcDbText
 10
327843.5874448514
 20
1631797.34583889
 30
0.0
 40
1.8626962631036
  1
15.00
 50
342.0224217242073
  7
MONOTXT4
 11
327843.3958076852
 21
1631796.755254044
 31
0.0
100
AcDbText
 73
     1
  0
TEXT
  5
C13
330
1F
100
AcDbEntity
  8
CVL_PUNTO_NUM
 62
     7
100
AcDbText
 10
327830.4405630282
 20
1631801.890073416
 30
0.0
 40
1.862696263103601
  1
15.00
 50
342.5674398519623
  7
MONOTXT4
 11
327830.2545523034
 21
1631801.297692395
 31
0.0
100
AcDbText
 73
     1
  0
TEXT
  5
C14
330
1F
100
AcDbEntity
  8
CVL_PUNTO_NUM
 62
     7
100
AcDbText
 10
327839.9104734521
 20
1631787.931059938
 30
0.0
 40
1.8626962631036
  1
15.00
 50
342.0224217242073
  7
MONOTXT4
 11
327839.7188362858
 21
1631787.340475092
 31
0.0
100
AcDbText
 73
     1
  0
TEXT
  5
C15
330
1F
100
AcDbEntity
  8
CVL_PUNTO_NUM
 62
     7
100
AcDbText
 10
327826.7635916288
 20
1631792.475294464
 30
0.0
 40
1.862696263103601
  1
15.00
 50
342.5674398519623
  7
MONOTXT4
 11
327826.577580904
 21
1631791.882913443
 31
0.0
100
AcDbText
 73
     1
  0
TEXT
  5
C16
330
1F
100
AcDbEntity
  8
CVL_PUNTO_NUM
 62
     7
100
AcDbText
 10
327836.3833693894
 20
1631778.771911083
 30
0.0
 40
1.8626962631036
  1
15.00
 50
342.0224217242073
  7
MONOTXT4
 11
327836.1917322232
 21
1631778.181326237
 31
0.0
100
AcDbText
 73
     1
  0
TEXT
  5
C17
330
1F
100
AcDbEntity
  8
CVL_PUNTO_NUM
 62
     7
100
AcDbText
 10
327823.2364875662
 20
1631783.316145609
 30
0.0
 40
1.862696263103601
  1
15.00
 50
342.5674398519623
  7
MONOTXT4
 11
327823.0504768414
 21
1631782.723764588
 31
0.0
100
AcDbText
 73
     1
  0
TEXT
  5
C18
330
1F
100
AcDbEntity
  8
CVL_PUNTO_NUM
 62
     7
100
AcDbText
 10
327834.5452651889
 20
1631771.749955045
 30
0.0
 40
1.8626962631036
  1
15.00
 50
342.0224217242073
  7
MONOTXT4
 11
327834.3536280227
 21
1631771.159370199
 31
0.0
100
AcDbText
 73
     1
  0
TEXT
  5
C19
330
1F
100
AcDbEntity
  8
CVL_PUNTO_NUM
 62
     7
100
AcDbText
 10
327821.2996631699
 20
1631777.674559536
 30
0.0
 40
1.862696263103601
  1
15.00
 50
342.5674398519623
  7
MONOTXT4
 11
327821.1136524451
 21
1631777.082178516
 31
0.0
100
AcDbText
 73
     1
  0
TEXT
  5
C1C
330
1F
100
AcDbEntity
  8
CVL_PUNTO_NUM
 62
     7
100
AcDbText
 10
328058.2308105665
 20
1631792.618636129
 30
0.0
 40
1.862696263103601
  1
10.00
 50
71.55354596058005
  7
MONOTXT4
 11
328058.8198074057
 21
1631792.422172426
 31
0.0
100
AcDbText
 73
     1
  0
TEXT
  5
C1D
330
1F
100
AcDbEntity
  8
CVL_PUNTO_NUM
 62
     7
100
AcDbText
 10
328061.1990791182
 20
1631801.716903071
 30
0.0
 40
1.862696263103601
  1
10.00
 50
71.55354596058005
  7
MONOTXT4
 11
328061.7880759575
 21
1631801.520439368
 31
0.0
100
AcDbText
 73
     1
  0
TEXT
  5
C1E
330
1F
100
AcDbEntity
  8
CVL_PUNTO_NUM
 62
     7
100
AcDbText
 10
328064.5895881348
 20
1631811.172657088
 30
0.0
 40
1.862696263103601
  1
10.00
 50
71.55354596058005
  7
MONOTXT4
 11
328065.1785849741
 21
1631810.976193385
 31
0.0
100
AcDbText
 73
     1
  0
TEXT
  5
C1F
330
1F
100
AcDbEntity
  8
CVL_PUNTO_NUM
 62
     7
100
AcDbText
 10
328068.0696273012
 20
1631820.27092403
 30
0.0
 40
1.862696263103601
  1
10.00
 50
71.55354596058005
  7
MONOTXT4
 11
328068.6586241404
 21
1631820.074460327
 31
0.0
100
AcDbText
 73
     1
  0
TEXT
  5
C20
330
1F
100
AcDbEntity
  8
CVL_PUNTO_NUM
 62
     7
100
AcDbText
 10
328071.2426044363
 20
1631829.573646894
 30
0.0
 40
1.862696263103601
  1
10.00
 50
71.55354596058005
  7
MONOTXT4
 11
328071.8316012756
 21
1631829.377183191
 31
0.0
100
AcDbText
 73
     1
  0
TEXT
  5
C21
330
1F
100
AcDbEntity
  8
CVL_PUNTO_NUM
 62
     7
100
AcDbText
 10
328033.4054272656
 20
1631801.052218493
 30
0.0
 40
1.862696263103601
  1
10.00
 50
71.55354596058005
  7
MONOTXT4
 11
328033.9944241049
 21
1631800.85575479
 31
0.0
100
AcDbText
 73
     1
  0
TEXT
  5
C22
330
1F
100
AcDbEntity
  8
CVL_PUNTO_NUM
 62
     7
100
AcDbText
 10
328036.3736958174
 20
1631810.150485435
 30
0.0
 40
1.862696263103601
  1
10.00
 50
71.55354596058005
  7
MONOTXT4
 11
328036.9626926566
 21
1631809.954021732
 31
0.0
100
AcDbText
 73
     1
  0
TEXT
  5
C23
330
1F
100
AcDbEntity
  8
CVL_PUNTO_NUM
 62
     7
100
AcDbText
 10
328039.764204834
 20
1631819.606239452
 30
0.0
 40
1.862696263103601
  1
10.00
 50
71.55354596058005
  7
MONOTXT4
 11
328040.3532016732
 21
1631819.409775749
 31
0.0
100
AcDbText
 73
     1
  0
TEXT
  5
C24
330
1F
100
AcDbEntity
  8
CVL_PUNTO_NUM
 62
     7
100
AcDbText
 10
328043.2442440003
 20
1631828.704506395
 30
0.0
 40
1.862696263103601
  1
10.00
 50
71.55354596058005
  7
MONOTXT4
 11
328043.8332408396
 21
1631828.508042692
 31
0.0
100
AcDbText
 73
     1
  0
TEXT
  5
C25
330
1F
100
AcDbEntity
  8
CVL_PUNTO_NUM
 62
     7
100
AcDbText
 10
328046.4172211355
 20
1631838.007229259
 30
0.0
 40
1.862696263103601
  1
10.00
 50
71.55354596058005
  7
MONOTXT4
 11
328047.0062179747
 21
1631837.810765556
 31
0.0
100
AcDbText
 73
     1
  0
TEXT
  5
C26
330
1F
100
AcDbEntity
  8
CVL_PUNTO_NUM
 62
     7
100
AcDbText
 10
328044.213757571
 20
1631797.678785417
 30
0.0
 40
1.862696263103601
  1
10.00
 50
71.55354596058005
  7
MONOTXT4
 11
328044.8027544103
 21
1631797.482321714
 31
0.0
100
AcDbText
 73
     1
  0
TEXT
  5
C27
330
1F
100
AcDbEntity
  8
CVL_PUNTO_NUM
 62
     7
100
AcDbText
 10
328047.1820261228
 20
1631806.777052359
 30
0.0
 40
1.862696263103601
  1
10.00
 50
71.55354596058005
  7
MONOTXT4
 11
328047.771022962
 21
1631806.580588656
 31
0.0
100
AcDbText
 73
     1
  0
TEXT
  5
C28
330
1F
100
AcDbEntity
  8
CVL_PUNTO_NUM
 62
     7
100
AcDbText
 10
328050.5725351394
 20
1631816.232806376
 30
0.0
 40
1.862696263103601
  1
10.00
 50
71.55354596058005
  7
MONOTXT4
 11
328051.1615319786
 21
1631816.036342673
 31
0.0
100
AcDbText
 73
     1
  0
TEXT
  5
C29
330
1F
100
AcDbEntity
  8
CVL_PUNTO_NUM
 62
     7
100
AcDbText
 10
328054.0525743057
 20
1631825.331073318
 30
0.0
 40
1.862696263103601
  1
10.00
 50
71.55354596058005
  7
MONOTXT4
 11
328054.6415711449
 21
1631825.134609615
 31
0.0
100
AcDbText
 73
     1
  0
TEXT
  5
C2A
330
1F
100
AcDbEntity
  8
CVL_PUNTO_NUM
 62
     7
100
AcDbText
 10
328057.2255514409
 20
1631834.633796182
 30
0.0
 40
1.862696263103601
  1
10.00
 50
71.55354596058005
  7
MONOTXT4
 11
328057.8145482801
 21
1631834.437332479
 31
0.0
100
AcDbText
 73
     1
  0
TEXT
  5
C2B
330
1F
100
AcDbEntity
  8
CVL_PUNTO_NUM
 62
     7
100
AcDbText
 10
328054.6309730683
 20
1631783.09750521
 30
0.0
 40
1.862696263103601
  1
10.00
 50
71.55354596058005
  7
MONOTXT4
 11
328055.2199699076
 21
1631782.901041507
 31
0.0
100
AcDbText
 73
     1
  0
TEXT
  5
C2C
330
1F
100
AcDbEntity
  8
CVL_PUNTO_NUM
 62
     7
100
AcDbText
 10
328029.8055897675
 20
1631791.531087574
 30
0.0
 40
1.862696263103601
  1
10.00
 50
71.55354596058005
  7
MONOTXT4
 11
328030.3945866067
 21
1631791.334623871
 31
0.0
100
AcDbText
 73
     1
  0
TEXT
  5
C2D
330
1F
100
AcDbEntity
  8
CVL_PUNTO_NUM
 62
     7
100
AcDbText
 10
328040.6139200729
 20
1631788.157654498
 30
0.0
 40
1.862696263103601
  1
10.00
 50
71.55354596058005
  7
MONOTXT4
 11
328041.2029169121
 21
1631787.961190795
 31
0.0
100
AcDbText
 73
     1
  0
TEXT
  5
C2E
330
1F
100
AcDbEntity
  8
CVL_PUNTO_NUM
 62
     7
100
AcDbText
 10
328074.9298250216
 20
1631839.1131739
 30
0.0
 40
1.862696263103601
  1
10.00
 50
71.55354596058005
  7
MONOTXT4
 11
328075.5188218609
 21
1631838.916710197
 31
0.0
100
AcDbText
 73
     1
  0
TEXT
  5
C2F
330
1F
100
AcDbEntity
  8
CVL_PUNTO_NUM
 62
     7
100
AcDbText
 10
328078.8647444078
 20
1631851.894764659
 30
0.0
 40
1.862696263103601
  1
19.20
 50
71.55354596058005
  7
MONOTXT4
 11
328079.4537412471
 21
1631851.698300956
 31
0.0
100
AcDbText
 73
     1
  0
TEXT
  5
C30
330
1F
100
AcDbEntity
  8
CVL_PUNTO_NUM
 62
     7
100
AcDbText
 10
328050.1044417208
 20
1631847.546756264
 30
0.0
 40
1.862696263103601
  1
10.00
 50
71.55354596058005
  7
MONOTXT4
 11
328050.69343856
 21
1631847.350292561
 31
0.0
100
AcDbText
 73
     1
  0
TEXT
  5
C31
330
1F
100
AcDbEntity
  8
CVL_PUNTO_NUM
 62
     7
100
AcDbText
 10
328054.039361107
 20
1631860.328347024
 30
0.0
 40
1.862696263103601
  1
16.30
 50
71.55354596058005
  7
MONOTXT4
 11
328054.6283579463
 21
1631860.131883321
 31
0.0
100
AcDbText
 73
     1
  0
TEXT
  5
C32
330
1F
100
AcDbEntity
  8
CVL_PUNTO_NUM
 62
     7
100
AcDbText
 10
328060.9127720262
 20
1631844.173323188
 30
0.0
 40
1.862696263103601
  1
10.00
 50
71.55354596058005
  7
MONOTXT4
 11
328061.5017688654
 21
1631843.976859485
 31
0.0
100
AcDbText
 73
     1
  0
TEXT
  5
C33
330
1F
100
AcDbEntity
  8
CVL_PUNTO_NUM
 62
     7
100
AcDbText
 10
328064.8476914124
 20
1631856.954913947
 30
0.0
 40
1.862696263103601
  1
17.80
 50
71.55354596058005
  7
MONOTXT4
 11
328065.4366882516
 21
1631856.758450244
 31
0.0
100
AcDbText
 73
     1
  0
TEXT
  5
C34
330
1F
100
AcDbEntity
  8
CVL_PUNTO_NUM
 62
     7
100
AcDbText
 10
328073.8993477379
 20
1631867.575501797
 30
0.0
 40
1.8626962631036
  1
15.00
 50
342.0224217242073
  7
MONOTXT4
 11
328073.7077105716
 21
1631866.984916951
 31
0.0
100
AcDbText
 73
     1
  0
TEXT
  5
C35
330
1F
100
AcDbEntity
  8
CVL_PUNTO_NUM
 62
     7
100
AcDbText
 10
328058.357787826
 20
1631868.423438724
 30
0.0
 40
1.862696263103601
  1
15.00
 50
342.5674398519623
  7
MONOTXT4
 11
328058.1717771012
 21
1631867.831057703
 31
0.0
100
AcDbText
 73
     1
  0
TEXT
  5
C36
330
1F
100
AcDbEntity
  8
CVL_PUNTO_NUM
 62
     7
100
AcDbText
 10
328066.5250065643
 20
1631849.344731296
 30
0.0
 40
1.8626962631036
  1
15.00
 50
342.0224217242073
  7
MONOTXT4
 11
328066.333369398
 21
1631848.754146451
 31
0.0
100
AcDbText
 73
     1
  0
TEXT
  5
C37
330
1F
100
AcDbEntity
  8
CVL_PUNTO_NUM
 62
     7
100
AcDbText
 10
328053.378124741
 20
1631853.888965822
 30
0.0
 40
1.862696263103601
  1
15.00
 50
342.5674398519623
  7
MONOTXT4
 11
328053.1921140162
 21
1631853.296584802
 31
0.0
100
AcDbText
 73
     1
  0
TEXT
  5
C38
330
1F
100
AcDbEntity
  8
CVL_PUNTO_NUM
 62
     7
100
AcDbText
 10
328063.2095282728
 20
1631839.974217845
 30
0.0
 40
1.8626962631036
  1
15.00
 50
342.0224217242073
  7
MONOTXT4
 11
328063.0178911065
 21
1631839.383633
 31
0.0
100
AcDbText
 73
     1
  0
TEXT
  5
C39
330
1F
100
AcDbEntity
  8
CVL_PUNTO_NUM
 62
     7
100
AcDbText
 10
328050.0626464495
 20
1631844.518452371
 30
0.0
 40
1.862696263103601
  1
15.00
 50
342.5674398519623
  7
MONOTXT4
 11
328049.8766357247
 21
1631843.926071351
 31
0.0
100
AcDbText
 73
     1
  0
TEXT
  5
C3A
330
1F
100
AcDbEntity
  8
CVL_PUNTO_NUM
 62
     7
100
AcDbText
 10
328060.3829287218
 20
1631830.432903967
 30
0.0
 40
1.8626962631036
  1
15.00
 50
342.0224217242073
  7
MONOTXT4
 11
328060.1912915556
 21
1631829.842319122
 31
0.0
100
AcDbText
 73
     1
  0
TEXT
  5
C3B
330
1F
100
AcDbEntity
  8
CVL_PUNTO_NUM
 62
     7
100
AcDbText
 10
328047.2360468986
 20
1631834.977138494
 30
0.0
 40
1.862696263103601
  1
15.00
 50
342.5674398519623
  7
MONOTXT4
 11
328047.0500361737
 21
1631834.384757473
 31
0.0
100
AcDbText
 73
     1
  0
TEXT
  5
C3C
330
1F
100
AcDbEntity
  8
CVL_PUNTO_NUM
 62
     7
100
AcDbText
 10
328056.079862373
 20
1631821.132845382
 30
0.0
 40
1.8626962631036
  1
15.00
 50
342.0224217242073
  7
MONOTXT4
 11
328055.8882252067
 21
1631820.542260536
 31
0.0
100
AcDbText
 73
     1
  0
TEXT
  5
C3D
330
1F
100
AcDbEntity
  8
CVL_PUNTO_NUM
 62
     7
100
AcDbText
 10
328042.9329805497
 20
1631825.677079908
 30
0.0
 40
1.862696263103601
  1
15.00
 50
342.5674398519623
  7
MONOTXT4
 11
328042.7469698249
 21
1631825.084698887
 31
0.0
100
AcDbText
 73
     1
  0
TEXT
  5
C3E
330
1F
100
AcDbEntity
  8
CVL_PUNTO_NUM
 62
     7
100
AcDbText
 10
328052.4028909736
 20
1631811.71806643
 30
0.0
 40
1.8626962631036
  1
15.00
 50
342.0224217242073
  7
MONOTXT4
 11
328052.2112538074
 21
1631811.127481584
 31
0.0
100
AcDbText
 73
     1
  0
TEXT
  5
C3F
330
1F
100
AcDbEntity
  8
CVL_PUNTO_NUM
 62
     7
100
AcDbText
 10
328039.2560091504
 20
1631816.262300956
 30
0.0
 40
1.862696263103601
  1
15.00
 50
342.5674398519623
  7
MONOTXT4
 11
328039.0699984256
 21
1631815.669919935
 31
0.0
100
AcDbText
 73
     1
  0
TEXT
  5
C40
330
1F
100
AcDbEntity
  8
CVL_PUNTO_NUM
 62
     7
100
AcDbText
 10
328048.875786911
 20
1631802.558917575
 30
0.0
 40
1.8626962631036
  1
15.00
 50
342.0224217242073
  7
MONOTXT4
 11
328048.6841497447
 21
1631801.968332729
 31
0.0
100
AcDbText
 73
     1
  0
TEXT
  5
C41
330
1F
100
AcDbEntity
  8
CVL_PUNTO_NUM
 62
     7
100
AcDbText
 10
328035.7289050877
 20
1631807.103152101
 30
0.0
 40
1.862696263103601
  1
15.00
 50
342.5674398519623
  7
MONOTXT4
 11
328035.5428943629
 21
1631806.510771081
 31
0.0
100
AcDbText
 73
     1
  0
TEXT
  5
C42
330
1F
100
AcDbEntity
  8
CVL_PUNTO_NUM
 62
     7
100
AcDbText
 10
328045.5568854723
 20
1631793.170612604
 30
0.0
 40
1.8626962631036
  1
15.00
 50
342.0224217242073
  7
MONOTXT4
 11
328045.3652483061
 21
1631792.580027758
 31
0.0
100
AcDbText
 73
     1
  0
TEXT
  5
C43
330
1F
100
AcDbEntity
  8
CVL_PUNTO_NUM
 62
     7
100
AcDbText
 10
328032.4100036491
 20
1631797.71484713
 30
0.0
 40
1.862696263103601
  1
15.00
 50
342.5674398519623
  7
MONOTXT4
 11
328032.2239929243
 21
1631797.122466109
 31
0.0
100
AcDbText
 73
     1
  0
TEXT
  5
C44
330
1F
100
AcDbEntity
  8
CVL_PUNTO_NUM
 62
     7
100
AcDbText
 10
328043.5100595813
 20
1631786.399674377
 30
0.0
 40
1.8626962631036
  1
15.00
 50
342.0224217242073
  7
MONOTXT4
 11
328043.318422415
 21
1631785.809089531
 31
0.0
100
AcDbText
 73
     1
  0
TEXT
  5
C45
330
1F
100
AcDbEntity
  8
CVL_PUNTO_NUM
 62
     7
100
AcDbText
 10
328030.363177758
 20
1631790.943908903
 30
0.0
 40
1.862696263103601
  1
15.00
 50
342.5674398519623
  7
MONOTXT4
 11
328030.1771670332
 21
1631790.351527882
 31
0.0
100
AcDbText
 73
     1
  0
TEXT
  5
C46
330
1F
100
AcDbEntity
  8
CVL_PUNTO_NUM
 62
     7
100
AcDbText
 10
328021.8277754043
 20
1631805.009834684
 30
0.0
 40
1.862696263103601
  1
10.00
 50
71.55354596058005
  7
MONOTXT4
 11
328022.4167722436
 21
1631804.813370981
 31
0.0
100
AcDbText
 73
     1
  0
TEXT
  5
C47
330
1F
100
AcDbEntity
  8
CVL_PUNTO_NUM
 62
     7
100
AcDbText
 10
328024.7960439561
 20
1631814.108101627
 30
0.0
 40
1.862696263103601
  1
10.00
 50
71.55354596058005
  7
MONOTXT4
 11
328025.3850407953
 21
1631813.911637924
 31
0.0
100
AcDbText
 73
     1
  0
TEXT
  5
C48
330
1F
100
AcDbEntity
  8
CVL_PUNTO_NUM
 62
     7
100
AcDbText
 10
328028.1865529727
 20
1631823.563855644
 30
0.0
 40
1.862696263103601
  1
10.00
 50
71.55354596058005
  7
MONOTXT4
 11
328028.7755498119
 21
1631823.367391941
 31
0.0
100
AcDbText
 73
     1
  0
TEXT
  5
C49
330
1F
100
AcDbEntity
  8
CVL_PUNTO_NUM
 62
     7
100
AcDbText
 10
328031.666592139
 20
1631832.662122586
 30
0.0
 40
1.862696263103601
  1
10.00
 50
71.55354596058005
  7
MONOTXT4
 11
328032.2555889783
 21
1631832.465658883
 31
0.0
100
AcDbText
 73
     1
  0
TEXT
  5
C4A
330
1F
100
AcDbEntity
  8
CVL_PUNTO_NUM
 62
     7
100
AcDbText
 10
328034.8395692742
 20
1631841.96484545
 30
0.0
 40
1.862696263103601
  1
10.00
 50
71.55354596058005
  7
MONOTXT4
 11
328035.4285661134
 21
1631841.768381747
 31
0.0
100
AcDbText
 73
     1
  0
TEXT
  5
C4B
330
1F
100
AcDbEntity
  8
CVL_PUNTO_NUM
 62
     7
100
AcDbText
 10
327997.0023921035
 20
1631813.443417049
 30
0.0
 40
1.862696263103601
  1
10.00
 50
71.55354596058005
  7
MONOTXT4
 11
327997.5913889428
 21
1631813.246953346
 31
0.0
100
AcDbText
 73
     1
  0
TEXT
  5
C4C
330
1F
100
AcDbEntity
  8
CVL_PUNTO_NUM
 62
     7
100
AcDbText
 10
327999.9706606553
 20
1631822.541683991
 30
0.0
 40
1.862696263103601
  1
10.00
 50
71.55354596058005
  7
MONOTXT4
 11
328000.5596574945
 21
1631822.345220288
 31
0.0
100
AcDbText
 73
     1
  0
TEXT
  5
C4D
330
1F
100
AcDbEntity
  8
CVL_PUNTO_NUM
 62
     7
100
AcDbText
 10
328003.3611696718
 20
1631831.997438008
 30
0.0
 40
1.862696263103601
  1
10.00
 50
71.55354596058005
  7
MONOTXT4
 11
328003.9501665111
 21
1631831.800974305
 31
0.0
100
AcDbText
 73
     1
  0
TEXT
  5
C4E
330
1F
100
AcDbEntity
  8
CVL_PUNTO_NUM
 62
     7
100
AcDbText
 10
328006.8412088382
 20
1631841.09570495
 30
0.0
 40
1.862696263103601
  1
10.00
 50
71.55354596058005
  7
MONOTXT4
 11
328007.4302056774
 21
1631840.899241247
 31
0.0
100
AcDbText
 73
     1
  0
TEXT
  5
C4F
330
1F
100
AcDbEntity
  8
CVL_PUNTO_NUM
 62
     7
100
AcDbText
 10
328010.0141859734
 20
1631850.398427815
 30
0.0
 40
1.862696263103601
  1
10.00
 50
71.55354596058005
  7
MONOTXT4
 11
328010.6031828126
 21
1631850.201964112
 31
0.0
100
AcDbText
 73
     1
  0
TEXT
  5
C50
330
1F
100
AcDbEntity
  8
CVL_PUNTO_NUM
 62
     7
100
AcDbText
 10
328007.8107224089
 20
1631810.069983972
 30
0.0
 40
1.862696263103601
  1
10.00
 50
71.55354596058005
  7
MONOTXT4
 11
328008.3997192481
 21
1631809.873520269
 31
0.0
100
AcDbText
 73
     1
  0
TEXT
  5
C51
330
1F
100
AcDbEntity
  8
CVL_PUNTO_NUM
 62
     7
100
AcDbText
 10
328010.7789909606
 20
1631819.168250915
 30
0.0
 40
1.862696263103601
  1
10.00
 50
71.55354596058005
  7
MONOTXT4
 11
328011.3679877999
 21
1631818.971787212
 31
0.0
100
AcDbText
 73
     1
  0
TEXT
  5
C52
330
1F
100
AcDbEntity
  8
CVL_PUNTO_NUM
 62
     7
100
AcDbText
 10
328014.1694999772
 20
1631828.624004932
 30
0.0
 40
1.862696263103601
  1
10.00
 50
71.55354596058005
  7
MONOTXT4
 11
328014.7584968165
 21
1631828.427541229
 31
0.0
100
AcDbText
 73
     1
  0
TEXT
  5
C53
330
1F
100
AcDbEntity
  8
CVL_PUNTO_NUM
 62
     7
100
AcDbText
 10
328017.6495391436
 20
1631837.722271874
 30
0.0
 40
1.862696263103601
  1
10.00
 50
71.55354596058005
  7
MONOTXT4
 11
328018.2385359828
 21
1631837.525808171
 31
0.0
100
AcDbText
 73
     1
  0
TEXT
  5
C54
330
1F
100
AcDbEntity
  8
CVL_PUNTO_NUM
 62
     7
100
AcDbText
 10
328020.8225162787
 20
1631847.024994738
 30
0.0
 40
1.862696263103601
  1
10.00
 50
71.55354596058005
  7
MONOTXT4
 11
328021.411513118
 21
1631846.828531035
 31
0.0
100
AcDbText
 73
     1
  0
TEXT
  5
C55
330
1F
100
AcDbEntity
  8
CVL_PUNTO_NUM
 62
     7
100
AcDbText
 10
328018.2279379062
 20
1631795.488703766
 30
0.0
 40
1.862696263103601
  1
10.00
 50
71.55354596058005
  7
MONOTXT4
 11
328018.8169347454
 21
1631795.292240063
 31
0.0
100
AcDbText
 73
     1
  0
TEXT
  5
C56
330
1F
100
AcDbEntity
  8
CVL_PUNTO_NUM
 62
     7
100
AcDbText
 10
327993.4025546054
 20
1631803.92228613
 30
0.0
 40
1.862696263103601
  1
10.00
 50
71.55354596058005
  7
MONOTXT4
 11
327993.9915514446
 21
1631803.725822427
 31
0.0
100
AcDbText
 73
     1
  0
TEXT
  5
C57
330
1F
100
AcDbEntity
  8
CVL_PUNTO_NUM
 62
     7
100
AcDbText
 10
328004.2108849107
 20
1631800.548853054
 30
0.0
 40
1.862696263103601
  1
10.00
 50
71.55354596058005
  7
MONOTXT4
 11
328004.79988175
 21
1631800.352389351
 31
0.0
100
AcDbText
 73
     1
  0
TEXT
  5
C58
330
1F
100
AcDbEntity
  8
CVL_PUNTO_NUM
 62
     7
100
AcDbText
 10
328038.5267898595
 20
1631851.504372455
 30
0.0
 40
1.862696263103601
  1
10.00
 50
71.55354596058005
  7
MONOTXT4
 11
328039.1157866987
 21
1631851.307908752
 31
0.0
100
AcDbText
 73
     1
  0
TEXT
  5
C59
330
1F
100
AcDbEntity
  8
CVL_PUNTO_NUM
 62
     7
100
AcDbText
 10
328041.6997669947
 20
1631860.80709532
 30
0.0
 40
1.862696263103601
  1
10.00
 50
71.55354596058005
  7
MONOTXT4
 11
328042.2887638339
 21
1631860.610631617
 31
0.0
100
AcDbText
 73
     1
  0
TEXT
  5
C5A
330
1F
100
AcDbEntity
  8
CVL_PUNTO_NUM
 62
     7
100
AcDbText
 10
328013.7014065587
 20
1631859.93795482
 30
0.0
 40
1.862696263103601
  1
10.00
 50
71.55354596058005
  7
MONOTXT4
 11
328014.2904033979
 21
1631859.741491117
 31
0.0
100
AcDbText
 73
     1
  0
TEXT
  5
C5B
330
1F
100
AcDbEntity
  8
CVL_PUNTO_NUM
 62
     7
100
AcDbText
 10
328016.8743836938
 20
1631869.240677684
 30
0.0
 40
1.862696263103601
  1
10.00
 50
71.55354596058005
  7
MONOTXT4
 11
328017.4633805331
 21
1631869.044213981
 31
0.0
100
AcDbText
 73
     1
  0
TEXT
  5
C5C
330
1F
100
AcDbEntity
  8
CVL_PUNTO_NUM
 62
     7
100
AcDbText
 10
328024.509736864
 20
1631856.564521743
 30
0.0
 40
1.862696263103601
  1
10.00
 50
71.55354596058005
  7
MONOTXT4
 11
328025.0987337033
 21
1631856.36805804
 31
0.0
100
AcDbText
 73
     1
  0
TEXT
  5
C5D
330
1F
100
AcDbEntity
  8
CVL_PUNTO_NUM
 62
     7
100
AcDbText
 10
328027.6827139992
 20
1631865.867244608
 30
0.0
 40
1.862696263103601
  1
10.00
 50
71.55354596058005
  7
MONOTXT4
 11
328028.2717108384
 21
1631865.670780905
 31
0.0
100
AcDbText
 73
     1
  0
TEXT
  5
C5E
330
1F
100
AcDbEntity
  8
CVL_PUNTO_NUM
 62
     7
100
AcDbText
 10
328033.5777480853
 20
1631870.943386427
 30
0.0
 40
1.8626962631036
  1
15.00
 50
342.0224217242073
  7
MONOTXT4
 11
328033.386110919
 21
1631870.352801581
 31
0.0
100
AcDbText
 73
     1
  0
TEXT
  5
C5F
330
1F
100
AcDbEntity
  8
CVL_PUNTO_NUM
 62
     7
100
AcDbText
 10
328020.430866262
 20
1631875.487620953
 30
0.0
 40
1.862696263103601
  1
15.00
 50
342.5674398519623
  7
MONOTXT4
 11
328020.2448555372
 21
1631874.895239932
 31
0.0
100
AcDbText
 73
     1
  0
TEXT
  5
C60
330
1F
100
AcDbEntity
  8
CVL_PUNTO_NUM
 62
     7
100
AcDbText
 10
328030.1219714022
 20
1631861.735929852
 30
0.0
 40
1.8626962631036
  1
15.00
 50
342.0224217242073
  7
MONOTXT4
 11
328029.9303342359
 21
1631861.145345006
 31
0.0
100
AcDbText
 73
     1
  0
TEXT
  5
C61
330
1F
100
AcDbEntity
  8
CVL_PUNTO_NUM
 62
     7
100
AcDbText
 10
328016.9750895789
 20
1631866.280164378
 30
0.0
 40
1.862696263103601
  1
15.00
 50
342.5674398519623
  7
MONOTXT4
 11
328016.7890788541
 21
1631865.687783357
 31
0.0
100
AcDbText
 73
     1
  0
TEXT
  5
C62
330
1F
100
AcDbEntity
  8
CVL_PUNTO_NUM
 62
     7
100
AcDbText
 10
328026.8064931106
 20
1631852.365416401
 30
0.0
 40
1.8626962631036
  1
15.00
 50
342.0224217242073
  7
MONOTXT4
 11
328026.6148559444
 21
1631851.774831555
 31
0.0
100
AcDbText
 73
     1
  0
TEXT
  5
C63
330
1F
100
AcDbEntity
  8
CVL_PUNTO_NUM
 62
     7
100
AcDbText
 10
328013.6596112874
 20
1631856.909650927
 30
0.0
 40
1.862696263103601
  1
15.00
 50
342.5674398519623
  7
MONOTXT4
 11
328013.4736005626
 21
1631856.317269907
 31
0.0
100
AcDbText
 73
     1
  0
TEXT
  5
C64
330
1F
100
AcDbEntity
  8
CVL_PUNTO_NUM
 62
     7
100
AcDbText
 10
328023.9798935597
 20
1631842.824102523
 30
0.0
 40
1.8626962631036
  1
15.00
 50
342.0224217242073
  7
MONOTXT4
 11
328023.7882563934
 21
1631842.233517678
 31
0.0
100
AcDbText
 73
     1
  0
TEXT
  5
C65
330
1F
100
AcDbEntity
  8
CVL_PUNTO_NUM
 62
     7
100
AcDbText
 10
328010.8330117364
 20
1631847.368337049
 30
0.0
 40
1.862696263103601
  1
15.00
 50
342.5674398519623
  7
MONOTXT4
 11
328010.6470010116
 21
1631846.775956029
 31
0.0
100
AcDbText
 73
     1
  0
TEXT
  5
C66
330
1F
100
AcDbEntity
  8
CVL_PUNTO_NUM
 62
     7
100
AcDbText
 10
328019.6768272108
 20
1631833.524043938
 30
0.0
 40
1.8626962631036
  1
15.00
 50
342.0224217242073
  7
MONOTXT4
 11
328019.4851900446
 21
1631832.933459092
 31
0.0
100
AcDbText
 73
     1
  0
TEXT
  5
C67
330
1F
100
AcDbEntity
  8
CVL_PUNTO_NUM
 62
     7
100
AcDbText
 10
328006.5299453876
 20
1631838.068278464
 30
0.0
 40
1.862696263103601
  1
15.00
 50
342.5674398519623
  7
MONOTXT4
 11
328006.3439346628
 21
1631837.475897443
 31
0.0
100
AcDbText
 73
     1
  0
TEXT
  5
C68
330
1F
100
AcDbEntity
  8
CVL_PUNTO_NUM
 62
     7
100
AcDbText
 10
328015.9998558115
 20
1631824.109264985
 30
0.0
 40
1.8626962631036
  1
15.00
 50
342.0224217242073
  7
MONOTXT4
 11
328015.8082186452
 21
1631823.51868014
 31
0.0
100
AcDbText
 73
     1
  0
TEXT
  5
C69
330
1F
100
AcDbEntity
  8
CVL_PUNTO_NUM
 62
     7
100
AcDbText
 10
328002.8529739882
 20
1631828.653499511
 30
0.0
 40
1.862696263103601
  1
15.00
 50
342.5674398519623
  7
MONOTXT4
 11
328002.6669632634
 21
1631828.061118491
 31
0.0
100
AcDbText
 73
     1
  0
TEXT
  5
C6A
330
1F
100
AcDbEntity
  8
CVL_PUNTO_NUM
 62
     7
100
AcDbText
 10
328012.4727517488
 20
1631814.950116131
 30
0.0
 40
1.8626962631036
  1
15.00
 50
342.0224217242073
  7
MONOTXT4
 11
328012.2811145826
 21
1631814.359531285
 31
0.0
100
AcDbText
 73
     1
  0
TEXT
  5
C6B
330
1F
100
AcDbEntity
  8
CVL_PUNTO_NUM
 62
     7
100
AcDbText
 10
327999.3258699256
 20
1631819.494350657
 30
0.0
 40
1.862696263103601
  1
15.00
 50
342.5674398519623
  7
MONOTXT4
 11
327999.1398592008
 21
1631818.901969636
 31
0.0
100
AcDbText
 73
     1
  0
TEXT
  5
C6C
330
1F
100
AcDbEntity
  8
CVL_PUNTO_NUM
 62
     7
100
AcDbText
 10
328009.1538503102
 20
1631805.561811159
 30
0.0
 40
1.8626962631036
  1
15.00
 50
342.0224217242073
  7
MONOTXT4
 11
328008.962213144
 21
1631804.971226314
 31
0.0
100
AcDbText
 73
     1
  0
TEXT
  5
C6D
330
1F
100
AcDbEntity
  8
CVL_PUNTO_NUM
 62
     7
100
AcDbText
 10
327996.006968487
 20
1631810.106045686
 30
0.0
 40
1.862696263103601
  1
15.00
 50
342.5674398519623
  7
MONOTXT4
 11
327995.8209577622
 21
1631809.513664665
 31
0.0
100
AcDbText
 73
     1
  0
TEXT
  5
C6E
330
1F
100
AcDbEntity
  8
CVL_PUNTO_NUM
 62
     7
100
AcDbText
 10
328007.1070244191
 20
1631798.790872932
 30
0.0
 40
1.8626962631036
  1
15.00
 50
342.0224217242073
  7
MONOTXT4
 11
328006.9153872529
 21
1631798.200288087
 31
0.0
100
AcDbText
 73
     1
  0
TEXT
  5
C6F
330
1F
100
AcDbEntity
  8
CVL_PUNTO_NUM
 62
     7
100
AcDbText
 10
327993.9601425959
 20
1631803.335107458
 30
0.0
 40
1.862696263103601
  1
15.00
 50
342.5674398519623
  7
MONOTXT4
 11
327993.7741318711
 21
1631802.742726438
 31
0.0
100
AcDbText
 73
     1
  0
TEXT
  5
C70
330
1F
100
AcDbEntity
  8
CVL_PUNTO_NUM
 62
     7
100
AcDbText
 10
327985.6831232479
 20
1631816.653865458
 30
0.0
 40
1.862696263103601
  1
10.00
 50
71.55354596058005
  7
MONOTXT4
 11
327986.2721200871
 21
1631816.457401755
 31
0.0
100
AcDbText
 73
     1
  0
TEXT
  5
C71
330
1F
100
AcDbEntity
  8
CVL_PUNTO_NUM
 62
     7
100
AcDbText
 10
327988.6513917996
 20
1631825.752132401
 30
0.0
 40
1.862696263103601
  1
10.00
 50
71.55354596058005
  7
MONOTXT4
 11
327989.2403886389
 21
1631825.555668698
 31
0.0
100
AcDbText
 73
     1
  0
TEXT
  5
C72
330
1F
100
AcDbEntity
  8
CVL_PUNTO_NUM
 62
     7
100
AcDbText
 10
327992.0419008162
 20
1631835.207886418
 30
0.0
 40
1.862696263103601
  1
10.00
 50
71.55354596058005
  7
MONOTXT4
 11
327992.6308976555
 21
1631835.011422715
 31
0.0
100
AcDbText
 73
     1
  0
TEXT
  5
C73
330
1F
100
AcDbEntity
  8
CVL_PUNTO_NUM
 62
     7
100
AcDbText
 10
327995.5219399826
 20
1631844.30615336
 30
0.0
 40
1.862696263103601
  1
10.00
 50
71.55354596058005
  7
MONOTXT4
 11
327996.1109368218
 21
1631844.109689657
 31
0.0
100
AcDbText
 73
     1
  0
TEXT
  5
C74
330
1F
100
AcDbEntity
  8
CVL_PUNTO_NUM
 62
     7
100
AcDbText
 10
327998.6949171177
 20
1631853.608876224
 30
0.0
 40
1.862696263103601
  1
10.00
 50
71.55354596058005
  7
MONOTXT4
 11
327999.283913957
 21
1631853.412412521
 31
0.0
100
AcDbText
 73
     1
  0
TEXT
  5
C75
330
1F
100
AcDbEntity
  8
CVL_PUNTO_NUM
 62
     7
100
AcDbText
 10
327960.8577399471
 20
1631825.087447823
 30
0.0
 40
1.862696263103601
  1
10.00
 50
71.55354596058005
  7
MONOTXT4
 11
327961.4467367863
 21
1631824.89098412
 31
0.0
100
AcDbText
 73
     1
  0
TEXT
  5
C76
330
1F
100
AcDbEntity
  8
CVL_PUNTO_NUM
 62
     7
100
AcDbText
 10
327963.8260084988
 20
1631834.185714765
 30
0.0
 40
1.862696263103601
  1
10.00
 50
71.55354596058005
  7
MONOTXT4
 11
327964.4150053381
 21
1631833.989251062
 31
0.0
100
AcDbText
 73
     1
  0
TEXT
  5
C77
330
1F
100
AcDbEntity
  8
CVL_PUNTO_NUM
 62
     7
100
AcDbText
 10
327967.2165175154
 20
1631843.641468782
 30
0.0
 40
1.862696263103601
  1
10.00
 50
71.55354596058005
  7
MONOTXT4
 11
327967.8055143546
 21
1631843.445005079
 31
0.0
100
AcDbText
 73
     1
  0
TEXT
  5
C78
330
1F
100
AcDbEntity
  8
CVL_PUNTO_NUM
 62
     7
100
AcDbText
 10
327970.6965566817
 20
1631852.739735724
 30
0.0
 40
1.862696263103601
  1
10.00
 50
71.55354596058005
  7
MONOTXT4
 11
327971.285553521
 21
1631852.543272021
 31
0.0
100
AcDbText
 73
     1
  0
TEXT
  5
C79
330
1F
100
AcDbEntity
  8
CVL_PUNTO_NUM
 62
     7
100
AcDbText
 10
327973.8695338169
 20
1631862.042458589
 30
0.0
 40
1.862696263103601
  1
10.00
 50
71.55354596058005
  7
MONOTXT4
 11
327974.4585306561
 21
1631861.845994886
 31
0.0
100
AcDbText
 73
     1
  0
TEXT
  5
C7A
330
1F
100
AcDbEntity
  8
CVL_PUNTO_NUM
 62
     7
100
AcDbText
 10
327971.6660702524
 20
1631821.714014746
 30
0.0
 40
1.862696263103601
  1
10.00
 50
71.55354596058005
  7
MONOTXT4
 11
327972.2550670917
 21
1631821.517551043
 31
0.0
100
AcDbText
 73
     1
  0
TEXT
  5
C7B
330
1F
100
AcDbEntity
  8
CVL_PUNTO_NUM
 62
     7
100
AcDbText
 10
327974.6343388042
 20
1631830.812281689
 30
0.0
 40
1.862696263103601
  1
10.00
 50
71.55354596058005
  7
MONOTXT4
 11
327975.2233356434
 21
1631830.615817986
 31
0.0
100
AcDbText
 73
     1
  0
TEXT
  5
C7C
330
1F
100
AcDbEntity
  8
CVL_PUNTO_NUM
 62
     7
100
AcDbText
 10
327978.0248478208
 20
1631840.268035706
 30
0.0
 40
1.862696263103601
  1
10.00
 50
71.55354596058005
  7
MONOTXT4
 11
327978.61384466
 21
1631840.071572003
 31
0.0
100
AcDbText
 73
     1
  0
TEXT
  5
C7D
330
1F
100
AcDbEntity
  8
CVL_PUNTO_NUM
 62
     7
100
AcDbText
 10
327981.5048869871
 20
1631849.366302648
 30
0.0
 40
1.862696263103601
  1
10.00
 50
71.55354596058005
  7
MONOTXT4
 11
327982.0938838264
 21
1631849.169838945
 31
0.0
100
AcDbText
 73
     1
  0
TEXT
  5
C7E
330
1F
100
AcDbEntity
  8
CVL_PUNTO_NUM
 62
     7
100
AcDbText
 10
327984.6778641223
 20
1631858.669025512
 30
0.0
 40
1.862696263103601
  1
10.00
 50
71.55354596058005
  7
MONOTXT4
 11
327985.2668609615
 21
1631858.472561809
 31
0.0
100
AcDbText
 73
     1
  0
TEXT
  5
C7F
330
1F
100
AcDbEntity
  8
CVL_PUNTO_NUM
 62
     7
100
AcDbText
 10
327982.0832857497
 20
1631807.13273454
 30
0.0
 40
1.862696263103601
  1
10.00
 50
71.55354596058005
  7
MONOTXT4
 11
327982.672282589
 21
1631806.936270837
 31
0.0
100
AcDbText
 73
     1
  0
TEXT
  5
C80
330
1F
100
AcDbEntity
  8
CVL_PUNTO_NUM
 62
     7
100
AcDbText
 10
327957.2579024489
 20
1631815.566316904
 30
0.0
 40
1.862696263103601
  1
10.00
 50
71.55354596058005
  7
MONOTXT4
 11
327957.8468992881
 21
1631815.369853201
 31
0.0
100
AcDbText
 73
     1
  0
TEXT
  5
C81
330
1F
100
AcDbEntity
  8
CVL_PUNTO_NUM
 62
     7
100
AcDbText
 10
327968.0662327543
 20
1631812.192883828
 30
0.0
 40
1.862696263103601
  1
10.00
 50
71.55354596058005
  7
MONOTXT4
 11
327968.6552295935
 21
1631811.996420125
 31
0.0
100
AcDbText
 73
     1
  0
TEXT
  5
C82
330
1F
100
AcDbEntity
  8
CVL_PUNTO_NUM
 62
     7
100
AcDbText
 10
328002.382137703
 20
1631863.148403229
 30
0.0
 40
1.862696263103601
  1
10.00
 50
71.55354596058005
  7
MONOTXT4
 11
328002.9711345423
 21
1631862.951939526
 31
0.0
100
AcDbText
 73
     1
  0
TEXT
  5
C83
330
1F
100
AcDbEntity
  8
CVL_PUNTO_NUM
 62
     7
100
AcDbText
 10
328010.8233245658
 20
1631884.280657206
 30
0.0
 40
1.862696263103601
  1
17.30
 50
71.55354596058005
  7
MONOTXT4
 11
328011.412321405
 21
1631884.084193503
 31
0.0
100
AcDbText
 73
     1
  0
TEXT
  5
C84
330
1F
100
AcDbEntity
  8
CVL_PUNTO_NUM
 62
     7
100
AcDbText
 10
327978.5548397842
 20
1631874.391302933
 30
0.0
 40
1.862696263103601
  1
13.30
 50
71.55354596058005
  7
MONOTXT4
 11
327979.1438366234
 21
1631874.19483923
 31
0.0
100
AcDbText
 73
     1
  0
TEXT
  5
C86
330
1F
100
AcDbEntity
  8
CVL_PUNTO_NUM
 62
     7
100
AcDbText
 10
327988.3650847076
 20
1631868.208552517
 30
0.0
 40
1.862696263103601
  1
10.00
 50
71.55354596058005
  7
MONOTXT4
 11
327988.9540815468
 21
1631868.012088814
 31
0.0
100
AcDbText
 73
     1
  0
TEXT
  5
C87
330
1F
100
AcDbEntity
  8
CVL_PUNTO_NUM
 62
     7
100
AcDbText
 10
327992.4767794681
 20
1631877.560598005
 30
0.0
 40
1.862696263103601
  1
15.60
 50
71.55354596058005
  7
MONOTXT4
 11
327993.0657763073
 21
1631877.364134302
 31
0.0
100
AcDbText
 73
     1
  0
TEXT
  5
C88
330
1F
100
AcDbEntity
  8
CVL_PUNTO_NUM
 62
     7
100
AcDbText
 10
328003.4180447931
 20
1631889.855139893
 30
0.0
 40
1.8626962631036
  1
19.50
 50
29.76716395019728
  7
MONOTXT4
 11
328003.7263064742
 21
1631889.316168651
 31
0.0
100
AcDbText
 73
     1
  0
TEXT
  5
C89
330
1F
100
AcDbEntity
  8
CVL_PUNTO_NUM
 62
     7
100
AcDbText
 10
327985.7871977391
 20
1631885.444928661
 30
0.0
 40
1.8626962631036
  1
15.00
 50
9.430337400693139
  7
MONOTXT4
 11
327985.8889309551
 21
1631884.832421015
 31
0.0
100
AcDbText
 73
     1
  0
TEXT
  5
C8A
330
1F
100
AcDbEntity
  8
CVL_PUNTO_NUM
 62
     7
100
AcDbText
 10
327993.9773192457
 20
1631873.379960626
 30
0.0
 40
1.8626962631036
  1
15.00
 50
342.0224217242073
  7
MONOTXT4
 11
327993.7856820795
 21
1631872.78937578
 31
0.0
100
AcDbText
 73
     1
  0
TEXT
  5
C8C
330
1F
100
AcDbEntity
  8
CVL_PUNTO_NUM
 62
     7
100
AcDbText
 10
327990.6618409542
 20
1631864.009447175
 30
0.0
 40
1.8626962631036
  1
15.00
 50
342.0224217242073
  7
MONOTXT4
 11
327990.4702037879
 21
1631863.418862329
 31
0.0
100
AcDbText
 73
     1
  0
TEXT
  5
C8D
330
1F
100
AcDbEntity
  8
CVL_PUNTO_NUM
 62
     7
100
AcDbText
 10
327977.5149591309
 20
1631868.553681701
 30
0.0
 40
1.862696263103601
  1
15.00
 50
342.5674398519623
  7
MONOTXT4
 11
327977.3289484061
 21
1631867.961300681
 31
0.0
100
AcDbText
 73
     1
  0
TEXT
  5
C8E
330
1F
100
AcDbEntity
  8
CVL_PUNTO_NUM
 62
     7
100
AcDbText
 10
327987.8352414032
 20
1631854.468133297
 30
0.0
 40
1.8626962631036
  1
15.00
 50
342.0224217242073
  7
MONOTXT4
 11
327987.643604237
 21
1631853.877548452
 31
0.0
100
AcDbText
 73
     1
  0
TEXT
  5
C8F
330
1F
100
AcDbEntity
  8
CVL_PUNTO_NUM
 62
     7
100
AcDbText
 10
327974.68835958
 20
1631859.012367823
 30
0.0
 40
1.862696263103601
  1
15.00
 50
342.5674398519623
  7
MONOTXT4
 11
327974.5023488552
 21
1631858.419986803
 31
0.0
100
AcDbText
 73
     1
  0
TEXT
  5
C90
330
1F
100
AcDbEntity
  8
CVL_PUNTO_NUM
 62
     7
100
AcDbText
 10
327983.5321750544
 20
1631845.168074712
 30
0.0
 40
1.8626962631036
  1
15.00
 50
342.0224217242073
  7
MONOTXT4
 11
327983.3405378881
 21
1631844.577489866
 31
0.0
100
AcDbText
 73
     1
  0
TEXT
  5
C91
330
1F
100
AcDbEntity
  8
CVL_PUNTO_NUM
 62
     7
100
AcDbText
 10
327970.3852932311
 20
1631849.712309238
 30
0.0
 40
1.862696263103601
  1
15.00
 50
342.5674398519623
  7
MONOTXT4
 11
327970.1992825063
 21
1631849.119928217
 31
0.0
100
AcDbText
 73
     1
  0
TEXT
  5
C92
330
1F
100
AcDbEntity
  8
CVL_PUNTO_NUM
 62
     7
100
AcDbText
 10
327979.855203655
 20
1631835.753295759
 30
0.0
 40
1.8626962631036
  1
15.00
 50
342.0224217242073
  7
MONOTXT4
 11
327979.6635664888
 21
1631835.162710914
 31
0.0
100
AcDbText
 73
     1
  0
TEXT
  5
C93
330
1F
100
AcDbEntity
  8
CVL_PUNTO_NUM
 62
     7
100
AcDbText
 10
327966.7083218318
 20
1631840.297530285
 30
0.0
 40
1.862696263103601
  1
15.00
 50
342.5674398519623
  7
MONOTXT4
 11
327966.522311107
 21
1631839.705149265
 31
0.0
100
AcDbText
 73
     1
  0
TEXT
  5
C94
330
1F
100
AcDbEntity
  8
CVL_PUNTO_NUM
 62
     7
100
AcDbText
 10
327976.3280995924
 20
1631826.594146905
 30
0.0
 40
1.8626962631036
  1
15.00
 50
342.0224217242073
  7
MONOTXT4
 11
327976.1364624261
 21
1631826.003562059
 31
0.0
100
AcDbText
 73
     1
  0
TEXT
  5
C95
330
1F
100
AcDbEntity
  8
CVL_PUNTO_NUM
 62
     7
100
AcDbText
 10
327963.1812177691
 20
1631831.138381431
 30
0.0
 40
1.862696263103601
  1
15.00
 50
342.5674398519623
  7
MONOTXT4
 11
327962.9952070443
 21
1631830.54600041
 31
0.0
100
AcDbText
 73
     1
  0
TEXT
  5
C96
330
1F
100
AcDbEntity
  8
CVL_PUNTO_NUM
 62
     7
100
AcDbText
 10
327973.0091981538
 20
1631817.205841934
 30
0.0
 40
1.8626962631036
  1
15.00
 50
342.0224217242073
  7
MONOTXT4
 11
327972.8175609875
 21
1631816.615257088
 31
0.0
100
AcDbText
 73
     1
  0
TEXT
  5
C97
330
1F
100
AcDbEntity
  8
CVL_PUNTO_NUM
 62
     7
100
AcDbText
 10
327959.8623163305
 20
1631821.75007646
 30
0.0
 40
1.862696263103601
  1
15.00
 50
342.5674398519623
  7
MONOTXT4
 11
327959.6763056057
 21
1631821.157695439
 31
0.0
100
AcDbText
 73
     1
  0
TEXT
  5
C98
330
1F
100
AcDbEntity
  8
CVL_PUNTO_NUM
 62
     7
100
AcDbText
 10
327970.9623722627
 20
1631810.434903706
 30
0.0
 40
1.8626962631036
  1
15.00
 50
342.0224217242073
  7
MONOTXT4
 11
327970.7707350964
 21
1631809.844318861
 31
0.0
100
AcDbText
 73
     1
  0
TEXT
  5
C99
330
1F
100
AcDbEntity
  8
CVL_PUNTO_NUM
 62
     7
100
AcDbText
 10
327957.8154904394
 20
1631814.979138232
 30
0.0
 40
1.862696263103601
  1
15.00
 50
342.5674398519623
  7
MONOTXT4
 11
327957.6294797146
 21
1631814.386757212
 31
0.0
100
AcDbText
 73
     1
  0
TEXT
  5
C9A
330
1F
100
AcDbEntity
  8
CVL_PUNTO_NUM
 62
     7
100
AcDbText
 10
328067.5032821777
 20
1631785.10408868
 30
0.0
 40
1.862696263103601
  1
10.00
 50
71.55354596058005
  7
MONOTXT4
 11
328068.0922790169
 21
1631784.907624977
 31
0.0
100
AcDbText
 73
     1
  0
TEXT
  5
C9B
330
1F
100
AcDbEntity
  8
CVL_PUNTO_NUM
 62
     7
100
AcDbText
 10
328073.4431100231
 20
1631798.696179636
 30
0.0
 40
1.862696263103601
  1
10.00
 50
71.55354596058005
  7
MONOTXT4
 11
328074.0321068624
 21
1631798.499715933
 31
0.0
100
AcDbText
 73
     1
  0
TEXT
  5
C9C
330
1F
100
AcDbEntity
  8
CVL_PUNTO_NUM
 62
     7
100
AcDbText
 10
328076.8336190397
 20
1631808.151933653
 30
0.0
 40
1.862696263103601
  1
10.00
 50
71.55354596058005
  7
MONOTXT4
 11
328077.4226158789
 21
1631807.95546995
 31
0.0
100
AcDbText
 73
     1
  0
TEXT
  5
C9D
330
1F
100
AcDbEntity
  8
CVL_PUNTO_NUM
 62
     7
100
AcDbText
 10
328080.3136582061
 20
1631817.250200596
 30
0.0
 40
1.862696263103601
  1
10.00
 50
71.55354596058005
  7
MONOTXT4
 11
328080.9026550453
 21
1631817.053736893
 31
0.0
100
AcDbText
 73
     1
  0
TEXT
  5
C9E
330
1F
100
AcDbEntity
  8
CVL_PUNTO_NUM
 62
     7
100
AcDbText
 10
328083.4866353412
 20
1631826.55292346
 30
0.0
 40
1.862696263103601
  1
10.00
 50
71.55354596058005
  7
MONOTXT4
 11
328084.0756321805
 21
1631826.356459757
 31
0.0
100
AcDbText
 73
     1
  0
TEXT
  5
C9F
330
1F
100
AcDbEntity
  8
CVL_PUNTO_NUM
 62
     7
100
AcDbText
 10
328094.7552827147
 20
1631823.410918203
 30
0.0
 40
1.862696263103601
  1
10.00
 50
71.55354596058005
  7
MONOTXT4
 11
328095.3442795539
 21
1631823.2144545
 31
0.0
100
AcDbText
 73
     1
  0
TEXT
  5
CA0
330
1F
100
AcDbEntity
  8
CVL_PUNTO_NUM
 62
     7
100
AcDbText
 10
328090.1912025628
 20
1631813.494828881
 30
0.0
 40
1.862696263103601
  1
10.00
 50
71.55354596058005
  7
MONOTXT4
 11
328090.780199402
 21
1631813.298365178
 31
0.0
100
AcDbText
 73
     1
  0
TEXT
  5
CA1
330
1F
100
AcDbEntity
  8
CVL_PUNTO_NUM
 62
     7
100
AcDbText
 10
328087.6990008772
 20
1631804.206164175
 30
0.0
 40
1.862696263103601
  1
10.00
 50
71.55354596058005
  7
MONOTXT4
 11
328088.2879977164
 21
1631804.009700472
 31
0.0
100
AcDbText
 73
     1
  0
TEXT
  5
CA2
330
1F
100
AcDbEntity
  8
CVL_PUNTO_NUM
 62
     7
100
AcDbText
 10
328083.3503442556
 20
1631794.141485955
 30
0.0
 40
1.862696263103601
  1
10.00
 50
71.55354596058005
  7
MONOTXT4
 11
328083.9393410948
 21
1631793.945022252
 31
0.0
100
AcDbText
 73
     1
  0
TEXT
  5
CA3
330
1F
100
AcDbEntity
  8
CVL_PUNTO_NUM
 62
     7
100
AcDbText
 10
328077.739146868
 20
1631781.266259722
 30
0.0
 40
1.862696263103601
  1
10.00
 50
71.55354596058005
  7
MONOTXT4
 11
328078.3281437072
 21
1631781.069796019
 31
0.0
100
AcDbText
 73
     1
  0
TEXT
  5
CA4
330
1F
100
AcDbEntity
  8
CVL_PUNTO_NUM
 62
     7
100
AcDbText
 10
328039.6222374849
 20
1631694.581402903
 30
0.0
 40
1.8626962631036
  1
22.00
 50
342.0224217242073
  7
MONOTXT4
 11
328039.4306003186
 21
1631693.990818058
 31
0.0
100
AcDbText
 73
     1
  0
TEXT
  5
CA5
330
1F
100
AcDbEntity
  8
CVL_PUNTO_NUM
 62
     7
100
AcDbText
 10
328045.7188279311
 20
1631712.178675739
 30
0.0
 40
1.8626962631036
  1
20.60
 50
342.0224217242073
  7
MONOTXT4
 11
328045.5271907649
 21
1631711.588090893
 31
0.0
100
AcDbText
 73
     1
  0
TEXT
  5
CA6
330
1F
100
AcDbEntity
  8
CVL_PUNTO_NUM
 62
     7
100
AcDbText
 10
328048.1713996033
 20
1631721.657344691
 30
0.0
 40
1.8626962631036
  1
19.80
 50
342.0224217242073
  7
MONOTXT4
 11
328047.9797624371
 21
1631721.066759846
 31
0.0
100
AcDbText
 73
     1
  0
TEXT
  5
CA7
330
1F
100
AcDbEntity
  8
CVL_PUNTO_NUM
 62
     7
100
AcDbText
 10
328050.6381658894
 20
1631731.497044492
 30
0.0
 40
1.8626962631036
  1
18.60
 50
342.0224217242073
  7
MONOTXT4
 11
328050.4465287232
 21
1631730.906459647
 31
0.0
100
AcDbText
 73
     1
  0
TEXT
  5
CA8
330
1F
100
AcDbEntity
  8
CVL_PUNTO_NUM
 62
     7
100
AcDbText
 10
328052.9841031848
 20
1631741.401720848
 30
0.0
 40
1.8626962631036
  1
16.60
 50
342.0224217242073
  7
MONOTXT4
 11
328052.7924660185
 21
1631740.811136002
 31
0.0
100
AcDbText
 73
     1
  0
TEXT
  5
CA9
330
1F
100
AcDbEntity
  8
CVL_PUNTO_NUM
 62
     7
100
AcDbText
 10
328055.7565760882
 20
1631751.09339387
 30
0.0
 40
1.8626962631036
  1
15.00
 50
342.0224217242073
  7
MONOTXT4
 11
328055.5649389219
 21
1631750.502809024
 31
0.0
100
AcDbText
 73
     1
  0
TEXT
  5
CAA
330
1F
100
AcDbEntity
  8
CVL_PUNTO_NUM
 62
     7
100
AcDbText
 10
328061.7381563475
 20
1631767.114720537
 30
0.0
 40
1.8626962631036
  1
15.00
 50
342.0224217242073
  7
MONOTXT4
 11
328061.5465191813
 21
1631766.524135692
 31
0.0
100
AcDbText
 73
     1
  0
TEXT
  5
CAB
330
1F
100
AcDbEntity
  8
CVL_PUNTO_NUM
 62
     7
100
AcDbText
 10
328065.8535875179
 20
1631779.788297369
 30
0.0
 40
1.8626962631036
  1
15.00
 50
342.0224217242073
  7
MONOTXT4
 11
328065.6619503516
 21
1631779.197712523
 31
0.0
100
AcDbText
 73
     1
  0
TEXT
  5
CAC
330
1F
100
AcDbEntity
  8
CVL_PUNTO_NUM
 62
     7
100
AcDbText
 10
328071.6837800929
 20
1631795.373370665
 30
0.0
 40
1.8626962631036
  1
15.00
 50
342.0224217242073
  7
MONOTXT4
 11
328071.4921429266
 21
1631794.782785819
 31
0.0
100
AcDbText
 73
     1
  0
TEXT
  5
CAD
330
1F
100
AcDbEntity
  8
CVL_PUNTO_NUM
 62
     7
100
AcDbText
 10
328076.1421635442
 20
1631807.361889547
 30
0.0
 40
1.8626962631036
  1
15.50
 50
342.0224217242073
  7
MONOTXT4
 11
328075.950526378
 21
1631806.771304702
 31
0.0
100
AcDbText
 73
     1
  0
TEXT
  5
CAE
330
1F
100
AcDbEntity
  8
CVL_PUNTO_NUM
 62
     7
100
AcDbText
 10
328080.0861157246
 20
1631816.610175164
 30
0.0
 40
1.8626962631036
  1
15.50
 50
342.0224217242073
  7
MONOTXT4
 11
328079.8944785584
 21
1631816.019590319
 31
0.0
100
AcDbText
 73
     1
  0
TEXT
  5
CAF
330
1F
100
AcDbEntity
  8
CVL_PUNTO_NUM
 62
     7
100
AcDbText
 10
328083.7442835195
 20
1631825.768156493
 30
0.0
 40
1.8626962631036
  1
16.00
 50
342.0224217242073
  7
MONOTXT4
 11
328083.5526463533
 21
1631825.177571647
 31
0.0
100
AcDbText
 73
     1
  0
TEXT
  5
CB0
330
1F
100
AcDbEntity
  8
CVL_PUNTO_NUM
 62
     7
100
AcDbText
 10
328087.8382365979
 20
1631835.129580754
 30
0.0
 40
1.8626962631036
  1
17.60
 50
342.0224217242073
  7
MONOTXT4
 11
328087.6465994316
 21
1631834.538995909
 31
0.0
100
AcDbText
 73
     1
  0
TEXT
  5
CB1
330
1F
100
AcDbEntity
  8
CVL_PUNTO_NUM
 62
     7
100
AcDbText
 10
328091.5032718351
 20
1631843.241074905
 30
0.0
 40
1.8626962631036
  1
21.20
 50
342.0224217242073
  7
MONOTXT4
 11
328091.3116346688
 21
1631842.650490059
 31
0.0
100
AcDbText
 73
     1
  0
TEXT
  5
CB2
330
1F
100
AcDbEntity
  8
CVL_PUNTO_NUM
 62
     7
100
AcDbText
 10
328087.2573797978
 20
1631838.281604609
 30
0.0
 40
1.862696263103601
  1
18.40
 50
71.55354596058005
  7
MONOTXT4
 11
328087.8463766371
 21
1631838.085140906
 31
0.0
100
AcDbText
 73
     1
  0
TEXT
  5
CB3
330
1F
100
AcDbEntity
  8
CVL_PUNTO_NUM
 62
     7
100
AcDbText
 10
328099.8188540593
 20
1631831.050701627
 30
0.0
 40
1.862696263103601
  1
9.00
 50
71.55354596058005
  7
MONOTXT4
 11
328100.4078508985
 21
1631830.854237924
 31
0.0
100
AcDbText
 73
     1
  0
TEXT
  5
CB4
330
1F
100
AcDbEntity
  8
CVL_PUNTO_NUM
 62
     7
100
AcDbText
 10
328038.0568999822
 20
1631883.066299389
 30
0.0
 40
1.8626962631036
  1
15.00
 50
342.0224217242073
  7
MONOTXT4
 11
328037.865262816
 21
1631882.475714543
 31
0.0
100
AcDbText
 73
     1
  0
TEXT
  5
CB5
330
1F
100
AcDbEntity
  8
CVL_PUNTO_NUM
 62
     7
100
AcDbText
 10
328024.910018159
 20
1631887.610533915
 30
0.0
 40
1.862696263103601
  1
15.00
 50
342.5674398519623
  7
MONOTXT4
 11
328024.7240074342
 21
1631887.018152894
 31
0.0
100
AcDbText
 73
     1
  0
TEXT
  5
CB6
330
1F
100
AcDbEntity
  8
CVL_PUNTO_NUM
 62
     7
100
AcDbText
 10
328042.335450586
 20
1631891.777320532
 30
0.0
 40
1.8626962631036
  1
15.00
 50
342.0224217242073
  7
MONOTXT4
 11
328042.1438134197
 21
1631891.186735686
 31
0.0
100
AcDbText
 73
     1
  0
TEXT
  5
CB7
330
1F
100
AcDbEntity
  8
CVL_PUNTO_NUM
 62
     7
100
AcDbText
 10
328029.1885687627
 20
1631896.321555058
 30
0.0
 40
1.862696263103601
  1
15.00
 50
342.5674398519623
  7
MONOTXT4
 11
328029.0025580379
 21
1631895.729174037
 31
0.0
100
AcDbText
 73
     1
  0
TEXT
  5
CB8
330
1F
100
AcDbEntity
  8
CVL_PUNTO_NUM
 62
     7
100
AcDbText
 10
328045.9007001966
 20
1631870.42234994
 30
0.0
 40
1.862696263103601
  1
10.00
 50
71.55354596058005
  7
MONOTXT4
 11
328046.4896970359
 21
1631870.225886237
 31
0.0
100
AcDbText
 73
     1
  0
TEXT
  5
CB9
330
1F
100
AcDbEntity
  8
CVL_PUNTO_NUM
 62
     7
100
AcDbText
 10
328021.0753168958
 20
1631878.855932305
 30
0.0
 40
1.862696263103601
  1
10.00
 50
71.55354596058005
  7
MONOTXT4
 11
328021.6643137351
 21
1631878.659468602
 31
0.0
100
AcDbText
 73
     1
  0
TEXT
  5
CBA
330
1F
100
AcDbEntity
  8
CVL_PUNTO_NUM
 62
     7
100
AcDbText
 10
328031.8836472012
 20
1631875.482499228
 30
0.0
 40
1.862696263103601
  1
10.00
 50
71.55354596058005
  7
MONOTXT4
 11
328032.4726440404
 21
1631875.286035526
 31
0.0
100
AcDbText
 73
     1
  0
TEXT
  5
CBB
330
1F
100
AcDbEntity
  8
CVL_PUNTO_NUM
 62
     7
100
AcDbText
 10
328049.53643643
 20
1631880.962327805
 30
0.0
 40
1.862696263103601
  1
7.60
 50
71.55354596058005
  7
MONOTXT4
 11
328050.1254332692
 21
1631880.765864102
 31
0.0
100
AcDbText
 73
     1
  0
TEXT
  5
CBC
330
1F
100
AcDbEntity
  8
CVL_PUNTO_NUM
 62
     7
100
AcDbText
 10
328024.7110531291
 20
1631889.39591017
 30
0.0
 40
1.862696263103601
  1
13.70
 50
71.55354596058005
  7
MONOTXT4
 11
328025.3000499684
 21
1631889.199446467
 31
0.0
100
AcDbText
 73
     1
  0
TEXT
  5
CBD
330
1F
100
AcDbEntity
  8
CVL_PUNTO_NUM
 62
     7
100
AcDbText
 10
328035.5193834345
 20
1631886.022477093
 30
0.0
 40
1.862696263103601
  1
12.50
 50
71.55354596058005
  7
MONOTXT4
 11
328036.1083802738
 21
1631885.82601339
 31
0.0
100
AcDbText
 73
     1
  0
LINE
  5
CC9
330
1F
100
AcDbEntity
  8
0
100
AcDbLine
 10
328053.0961596589
 20
1631751.350601538
 30
0.0
 11
328053.0961596589
 21
1631751.350601538
 31
0.0
  0
LINE
  5
CCA
330
1F
100
AcDbEntity
  8
0
100
AcDbLine
 10
328053.0961596589
 20
1631751.350601538
 30
0.0
 11
328052.612538798
 21
1631751.511916402
 31
0.0
  0
LINE
  5
CCB
330
1F
100
AcDbEntity
  8
0
100
AcDbLine
 10
328052.612538798
 20
1631751.511916402
 30
0.0
 11
328066.9547882386
 21
1631746.727966396
 31
0.0
  0
TEXT
  5
CCC
330
1F
100
AcDbEntity
  8
CVL_PUNTO_NUM
 62
     7
100
AcDbText
 10
328042.3233725752
 20
1631702.821960617
 30
0.0
 40
1.8626962631036
  1
21.40
 50
342.0224217242073
  7
MONOTXT4
 11
328042.1317354089
 21
1631702.231375772
 31
0.0
100
AcDbText
 73
     1
  0
TEXT
  5
CCD
330
1F
100
AcDbEntity
  8
CVL_PUNTO_NUM
 62
     7
100
AcDbText
 10
328057.3293780564
 20
1631688.558155559
 30
0.0
 40
1.8626962631036
  1
19.00
 50
342.0224217242073
  7
MONOTXT4
 11
328057.1377408901
 21
1631687.967570713
 31
0.0
100
AcDbText
 73
     1
  0
TEXT
  5
CCE
330
1F
100
AcDbEntity
  8
CVL_PUNTO_NUM
 62
     7
100
AcDbText
 10
328058.476776622
 20
1631697.579242104
 30
0.0
 40
1.862696263103601
  1
36.20
 50
71.55354596058005
  7
MONOTXT4
 11
328059.0657734613
 21
1631697.382778401
 31
0.0
100
AcDbText
 73
     1
  0
TEXT
  5
CCF
330
1F
100
AcDbEntity
  8
CVL_PUNTO_NUM
 62
     7
100
AcDbText
 10
328064.0380261738
 20
1631706.10677194
 30
0.0
 40
1.862696263103601
  1
42.80
 50
281.032743612093
  7
MONOTXT4
 11
328063.4286028833
 21
1631705.987950578
 31
0.0
100
AcDbText
 73
     1
  0
LINE
  5
CD6
330
1F
100
AcDbEntity
  8
0
100
AcDbLine
 10
328010.3679412663
 20
1631881.559040162
 30
0.0
 11
327996.1325074413
 21
1631886.302672355
 31
0.0
  0
TEXT
  5
CD7
330
1F
100
AcDbEntity
  8
CVL_PUNTO_NUM
 62
     7
100
AcDbText
 10
327998.9656329008
 20
1631885.373119593
 30
0.0
 40
1.862696263103601
  1
5.60
 50
71.55354596058005
  7
MONOTXT4
 11
327999.55462974
 21
1631885.176655891
 31
0.0
100
AcDbText
 73
     1
  0
TEXT
  5
CD8
330
1F
100
AcDbEntity
  8
CVL_PUNTO_NUM
 62
     7
100
AcDbText
 10
328006.7758062882
 20
1631872.965068854
 30
0.0
 40
1.862696263103601
  1
10.00
 50
71.55354596058005
  7
MONOTXT4
 11
328007.3648031274
 21
1631872.768605151
 31
0.0
100
AcDbText
 73
     1
  0
TEXT
  5
CD9
330
1F
100
AcDbEntity
  8
CVL_PUNTO_NUM
 62
     7
100
AcDbText
 10
327995.7428226406
 20
1631876.9088607
 30
0.0
 40
1.862696263103601
  1
10.00
 50
71.55354596058005
  7
MONOTXT4
 11
327996.3318194798
 21
1631876.712396997
 31
0.0
100
AcDbText
 73
     1
  0
LINE
  5
CDA
330
1F
100
AcDbEntity
  8
0
100
AcDbLine
 10
327992.7286043544
 20
1631876.90290328
 30
0.0
 11
328006.9625232403
 21
1631872.155087631
 31
0.0
  0
TEXT
  5
CDB
330
1F
100
AcDbEntity
  8
CVL_PUNTO_NUM
 62
     7
100
AcDbText
 10
327937.4456127172
 20
1631833.523166423
 30
0.0
 40
1.862696263103601
  1
10.00
 50
71.55354596058005
  7
MONOTXT4
 11
327938.0346095565
 21
1631833.32670272
 31
0.0
100
AcDbText
 73
     1
  0
TEXT
  5
CDC
330
1F
100
AcDbEntity
  8
CVL_PUNTO_NUM
 62
     7
100
AcDbText
 10
327940.413881269
 20
1631842.621433365
 30
0.0
 40
1.862696263103601
  1
10.00
 50
71.55354596058005
  7
MONOTXT4
 11
327941.0028781082
 21
1631842.424969662
 31
0.0
100
AcDbText
 73
     1
  0
TEXT
  5
CDD
330
1F
100
AcDbEntity
  8
CVL_PUNTO_NUM
 62
     7
100
AcDbText
 10
327943.8043902855
 20
1631852.077187382
 30
0.0
 40
1.862696263103601
  1
10.00
 50
71.55354596058005
  7
MONOTXT4
 11
327944.3933871248
 21
1631851.880723679
 31
0.0
100
AcDbText
 73
     1
  0
TEXT
  5
CDE
330
1F
100
AcDbEntity
  8
CVL_PUNTO_NUM
 62
     7
100
AcDbText
 10
327948.2539430226
 20
1631830.149733346
 30
0.0
 40
1.862696263103601
  1
10.00
 50
71.55354596058005
  7
MONOTXT4
 11
327948.8429398618
 21
1631829.953269643
 31
0.0
100
AcDbText
 73
     1
  0
TEXT
  5
CDF
330
1F
100
AcDbEntity
  8
CVL_PUNTO_NUM
 62
     7
100
AcDbText
 10
327951.2222115743
 20
1631839.248000288
 30
0.0
 40
1.862696263103601
  1
10.00
 50
71.55354596058005
  7
MONOTXT4
 11
327951.8112084136
 21
1631839.051536585
 31
0.0
100
AcDbText
 73
     1
  0
TEXT
  5
CE0
330
1F
100
AcDbEntity
  8
CVL_PUNTO_NUM
 62
     7
100
AcDbText
 10
327954.6127205909
 20
1631848.703754305
 30
0.0
 40
1.862696263103601
  1
10.00
 50
71.55354596058005
  7
MONOTXT4
 11
327955.2017174302
 21
1631848.507290602
 31
0.0
100
AcDbText
 73
     1
  0
TEXT
  5
CE1
330
1F
100
AcDbEntity
  8
CVL_PUNTO_NUM
 62
     7
100
AcDbText
 10
327933.8457752191
 20
1631824.002035504
 30
0.0
 40
1.862696263103601
  1
10.00
 50
71.55354596058005
  7
MONOTXT4
 11
327934.4347720583
 21
1631823.805571801
 31
0.0
100
AcDbText
 73
     1
  0
TEXT
  5
CE2
330
1F
100
AcDbEntity
  8
CVL_PUNTO_NUM
 62
     7
100
AcDbText
 10
327944.6541055244
 20
1631820.628602427
 30
0.0
 40
1.862696263103601
  1
10.00
 50
71.55354596058005
  7
MONOTXT4
 11
327945.2431023637
 21
1631820.432138724
 31
0.0
100
AcDbText
 73
     1
  0
TEXT
  5
CE3
330
1F
100
AcDbEntity
  8
CVL_PUNTO_NUM
 62
     7
100
AcDbText
 10
327946.9731660013
 20
1631858.148027837
 30
0.0
 40
1.862696263103601
  1
15.00
 50
342.5674398519623
  7
MONOTXT4
 11
327946.7871552765
 21
1631857.555646817
 31
0.0
100
AcDbText
 73
     1
  0
TEXT
  5
CE4
330
1F
100
AcDbEntity
  8
CVL_PUNTO_NUM
 62
     7
100
AcDbText
 10
327943.2961946019
 20
1631848.733248885
 30
0.0
 40
1.862696263103601
  1
15.00
 50
342.5674398519623
  7
MONOTXT4
 11
327943.1101838771
 21
1631848.140867865
 31
0.0
100
AcDbText
 73
     1
  0
TEXT
  5
CE5
330
1F
100
AcDbEntity
  8
CVL_PUNTO_NUM
 62
     7
100
AcDbText
 10
327936.4501891007
 20
1631830.185795059
 30
0.0
 40
1.862696263103601
  1
15.00
 50
342.5674398519623
  7
MONOTXT4
 11
327936.2641783759
 21
1631829.593414039
 31
0.0
100
AcDbText
 73
     1
  0
TEXT
  5
CE6
330
1F
100
AcDbEntity
  8
CVL_PUNTO_NUM
 62
     7
100
AcDbText
 10
327934.4033632096
 20
1631823.414856832
 30
0.0
 40
1.862696263103601
  1
15.00
 50
342.5674398519623
  7
MONOTXT4
 11
327934.2173524848
 21
1631822.822475812
 31
0.0
100
AcDbText
 73
     1
  0
TEXT
  5
CE7
330
1F
100
AcDbEntity
  8
CVL_PUNTO_NUM
 62
     7
100
AcDbText
 10
327923.0723446863
 20
1631837.815024016
 30
0.0
 40
1.862696263103601
  1
10.00
 50
71.55354596058005
  7
MONOTXT4
 11
327923.6613415255
 21
1631837.618560313
 31
0.0
100
AcDbText
 73
     1
  0
TEXT
  5
CE8
330
1F
100
AcDbEntity
  8
CVL_PUNTO_NUM
 62
     7
100
AcDbText
 10
327926.040613238
 20
1631846.913290958
 30
0.0
 40
1.862696263103601
  1
9.00
 50
71.55354596058005
  7
MONOTXT4
 11
327926.6296100773
 21
1631846.716827255
 31
0.0
100
AcDbText
 73
     1
  0
TEXT
  5
CE9
330
1F
100
AcDbEntity
  8
CVL_PUNTO_NUM
 62
     7
100
AcDbText
 10
327932.1857785094
 20
1631855.780397018
 30
0.0
 40
1.8626962631036
  1
22.30
 50
34.15552122403908
  7
MONOTXT4
 11
327932.534376617
 21
1631855.266592948
 31
0.0
100
AcDbText
 73
     1
  0
TEXT
  5
CEA
330
1F
100
AcDbEntity
  8
CVL_PUNTO_NUM
 62
     7
100
AcDbText
 10
327933.8806749917
 20
1631834.44159094
 30
0.0
 40
1.862696263103601
  1
10.00
 50
71.55354596058005
  7
MONOTXT4
 11
327934.4696718309
 21
1631834.245127237
 31
0.0
100
AcDbText
 73
     1
  0
TEXT
  5
CEB
330
1F
100
AcDbEntity
  8
CVL_PUNTO_NUM
 62
     7
100
AcDbText
 10
327939.0605429415
 20
1631849.241060388
 30
0.0
 40
1.862696263103601
  1
24.50
 50
71.55354596058005
  7
MONOTXT4
 11
327939.6495397808
 21
1631849.044596685
 31
0.0
100
AcDbText
 73
     1
  0
TEXT
  5
CED
330
1F
100
AcDbEntity
  8
CVL_PUNTO_NUM
 62
     7
100
AcDbText
 10
327919.4725071881
 20
1631828.293893097
 30
0.0
 40
1.862696263103601
  1
10.00
 50
71.55354596058005
  7
MONOTXT4
 11
327920.0615040274
 21
1631828.097429394
 31
0.0
100
AcDbText
 73
     1
  0
TEXT
  5
CEE
330
1F
100
AcDbEntity
  8
CVL_PUNTO_NUM
 62
     7
100
AcDbText
 10
327930.2808374935
 20
1631824.920460021
 30
0.0
 40
1.862696263103601
  1
10.00
 50
71.55354596058005
  7
MONOTXT4
 11
327930.8698343328
 21
1631824.723996318
 31
0.0
100
AcDbText
 73
     1
  0
TEXT
  5
CF1
330
1F
100
AcDbEntity
  8
CVL_PUNTO_NUM
 62
     7
100
AcDbText
 10
327922.0769210697
 20
1631834.477652653
 30
0.0
 40
1.862696263103601
  1
15.00
 50
342.5674398519623
  7
MONOTXT4
 11
327921.8909103449
 21
1631833.885271632
 31
0.0
100
AcDbText
 73
     1
  0
TEXT
  5
CF2
330
1F
100
AcDbEntity
  8
CVL_PUNTO_NUM
 62
     7
100
AcDbText
 10
327920.0300951787
 20
1631827.706714426
 30
0.0
 40
1.862696263103601
  1
15.00
 50
342.5674398519623
  7
MONOTXT4
 11
327919.8440844539
 21
1631827.114333405
 31
0.0
100
AcDbText
 73
     1
  0
TEXT
  5
CF3
330
1F
100
AcDbEntity
  8
CVL_PUNTO_NUM
 62
     7
100
AcDbText
 10
327939.8582832101
 20
1631839.361489969
 30
0.0
 40
1.862696263103601
  1
15.00
 50
342.5674398519623
  7
MONOTXT4
 11
327939.6722724853
 21
1631838.769108949
 31
0.0
100
AcDbText
 73
     1
  0
TEXT
  5
CF4
330
1F
100
AcDbEntity
  8
CVL_PUNTO_NUM
 62
     7
100
AcDbText
 10
327925.4850151792
 20
1631843.653347563
 30
0.0
 40
1.862696263103601
  1
15.00
 50
342.5674398519623
  7
MONOTXT4
 11
327925.2990044544
 21
1631843.060966542
 31
0.0
100
AcDbText
 73
     1
  0
TEXT
  5
CFB
330
1F
100
AcDbEntity
  8
CVL_PUNTO_NUM
 62
     7
100
AcDbText
 10
327947.1496890084
 20
1631860.420363512
 30
0.0
 40
1.862696263103601
  1
4.50
 50
71.55354596058005
  7
MONOTXT4
 11
327947.7386858477
 21
1631860.223899809
 31
0.0
100
AcDbText
 73
     1
  0
TEXT
  5
CFC
330
1F
100
AcDbEntity
  8
CVL_PUNTO_NUM
 62
     7
100
AcDbText
 10
327960.0681920778
 20
1631862.043763131
 30
0.0
 40
1.862696263103601
  1
21.00
 50
71.55354596058005
  7
MONOTXT4
 11
327960.6571889171
 21
1631861.847299428
 31
0.0
100
AcDbText
 73
     1
  0
TEXT
  5
CFD
330
1F
100
AcDbEntity
  8
CVL_PUNTO_NUM
 62
     7
100
AcDbText
 10
327953.0670661213
 20
1631865.174769793
 30
0.0
 40
1.8626962631036
  1
22.60
 50
34.15552122403908
  7
MONOTXT4
 11
327953.4156642289
 21
1631864.660965723
 31
0.0
100
AcDbText
 73
     1
  0
TEXT
  5
CFE
330
1F
100
AcDbEntity
  8
CVL_PUNTO_NUM
 62
     7
100
AcDbText
 10
327867.0016109505
 20
1631846.175085313
 30
0.0
 40
1.862696263103601
  1
95.00
 50
342.5674398519623
  7
MONOTXT4
 11
327866.8156002257
 21
1631845.582704293
 31
0.0
100
AcDbText
 73
     1
  0
TEXT
  5
CFF
330
1F
100
AcDbEntity
  8
CVL_PUNTO_NUM
 62
     7
100
AcDbText
 10
327806.0779646957
 20
1631797.386266402
 30
0.0
 40
1.8626962631036
  1
10.00
 50
342.0224217242073
  7
MONOTXT4
 11
327805.8863275294
 21
1631796.795681557
 31
0.0
100
AcDbText
 73
     1
  0
TEXT
  5
D00
330
1F
100
AcDbEntity
  8
CVL_PUNTO_NUM
 62
     7
100
AcDbText
 10
327796.6110691199
 20
1631800.951344322
 30
0.0
 40
1.8626962631036
  1
10.00
 50
342.0224217242073
  7
MONOTXT4
 11
327796.4194319537
 21
1631800.360759477
 31
0.0
100
AcDbText
 73
     1
  0
TEXT
  5
D01
330
1F
100
AcDbEntity
  8
CVL_PUNTO_NUM
 62
     7
100
AcDbText
 10
327785.2818352683
 20
1631804.051412559
 30
0.0
 40
1.8626962631036
  1
11.00
 50
342.0224217242073
  7
MONOTXT4
 11
327785.0901981021
 21
1631803.460827713
 31
0.0
100
AcDbText
 73
     1
  0
TEXT
  5
D02
330
1F
100
AcDbEntity
  8
CVL_PUNTO_NUM
 62
     7
100
AcDbText
 10
327797.0766551136
 20
1631811.026565171
 30
0.0
 40
1.8626962631036
  1
15.50
 50
342.0224217242073
  7
MONOTXT4
 11
327796.8850179474
 21
1631810.435980325
 31
0.0
100
AcDbText
 73
     1
  0
TEXT
  5
D03
330
1F
100
AcDbEntity
  8
CVL_PUNTO_NUM
 62
     7
100
AcDbText
 10
327809.026669657
 20
1631806.996476831
 30
0.0
 40
1.8626962631036
  1
10.00
 50
342.0224217242073
  7
MONOTXT4
 11
327808.8350324907
 21
1631806.405891986
 31
0.0
100
AcDbText
 73
     1
  0
TEXT
  5
D04
330
1F
100
AcDbEntity
  8
CVL_PUNTO_NUM
 62
     7
100
AcDbText
 10
327813.6825200959
 20
1631818.311724238
 30
0.0
 40
1.8626962631036
  1
10.00
 50
342.0224217242073
  7
MONOTXT4
 11
327813.4908829296
 21
1631817.721139392
 31
0.0
100
AcDbText
 73
     1
  0
TEXT
  5
D05
330
1F
100
AcDbEntity
  8
CVL_PUNTO_NUM
 62
     7
100
AcDbText
 10
327812.5961553101
 20
1631822.341812577
 30
0.0
 40
1.8626962631036
  1
14.60
 50
342.0224217242073
  7
MONOTXT4
 11
327812.4045181438
 21
1631821.751227732
 31
0.0
100
AcDbText
 73
     1
  0
TEXT
  5
D06
330
1F
100
AcDbEntity
  8
CVL_PUNTO_NUM
 62
     7
100
AcDbText
 10
327807.5211189531
 20
1631820.573173175
 30
0.0
 40
1.8626962631036
  1
4.60
 50
342.0224217242073
  7
MONOTXT4
 11
327807.3294817868
 21
1631819.98258833
 31
0.0
100
AcDbText
 73
     1
  0
TEXT
  5
D07
330
1F
100
AcDbEntity
  8
CVL_PUNTO_NUM
 62
     7
100
AcDbText
 10
327802.1777095854
 20
1631785.699950573
 30
0.0
 40
1.8626962631036
  1
10.00
 50
342.0224217242073
  7
MONOTXT4
 11
327801.9860724191
 21
1631785.109365728
 31
0.0
100
AcDbText
 73
     1
  0
TEXT
  5
D08
330
1F
100
AcDbEntity
  8
CVL_PUNTO_NUM
 62
     7
100
AcDbText
 10
327792.4182951613
 20
1631787.609467305
 30
0.0
 40
1.8626962631036
  1
10.00
 50
342.0224217242073
  7
MONOTXT4
 11
327792.226657995
 21
1631787.018882459
 31
0.0
100
AcDbText
 73
     1
  0
TEXT
  5
D09
330
1F
100
AcDbEntity
  8
CVL_PUNTO_NUM
 62
     7
100
AcDbText
 10
327818.9410288569
 20
1631806.97845431
 30
0.0
 40
1.862696263103601
  1
15.00
 50
71.55354596058005
  7
MONOTXT4
 11
327819.5300256962
 21
1631806.781990607
 31
0.0
100
AcDbText
 73
     1
  0
TEXT
  5
D0A
330
1F
100
AcDbEntity
  8
CVL_PUNTO_NUM
 62
     7
100
AcDbText
 10
327802.2188090634
 20
1631814.546161308
 30
0.0
 40
1.862696263103601
  1
19.00
 50
26.41838990799066
  7
MONOTXT4
 11
327802.4950609813
 21
1631813.99010363
 31
0.0
100
AcDbText
 73
     1
  0
TEXT
  5
D0B
330
1F
100
AcDbEntity
  8
CVL_PUNTO_NUM
 62
     7
100
AcDbText
 10
327812.766468719
 20
1631809.523539945
 30
0.0
 40
1.862696263103601
  1
15.00
 50
71.55354596058005
  7
MONOTXT4
 11
327813.3554655582
 21
1631809.327076242
 31
0.0
100
AcDbText
 73
     1
  0
TEXT
  5
D0C
330
1F
100
AcDbEntity
  8
CVL_PUNTO_NUM
 62
     7
100
AcDbText
 10
327823.841474225
 20
1631820.584873782
 30
0.0
 40
1.862696263103601
  1
15.00
 50
71.55354596058005
  7
MONOTXT4
 11
327824.4304710643
 21
1631820.388410079
 31
0.0
100
AcDbText
 73
     1
  0
TEXT
  5
D0D
330
1F
100
AcDbEntity
  8
CVL_PUNTO_NUM
 62
     7
100
AcDbText
 10
327792.0030104489
 20
1631790.9818735
 30
0.0
 40
1.862696263103601
  1
15.00
 50
71.55354596058005
  7
MONOTXT4
 11
327792.5920072882
 21
1631790.785409797
 31
0.0
100
AcDbText
 73
     1
  0
TEXT
  5
D0E
330
1F
100
AcDbEntity
  8
CVL_PUNTO_NUM
 62
     7
100
AcDbText
 10
327801.762424873
 20
1631789.072356768
 30
0.0
 40
1.862696263103601
  1
15.00
 50
71.55354596058005
  7
MONOTXT4
 11
327802.3514217122
 21
1631788.875893065
 31
0.0
100
AcDbText
 73
     1
  0
TEXT
  5
D0F
330
1F
100
AcDbEntity
  8
CVL_PUNTO_NUM
 62
     7
100
AcDbText
 10
327811.094790779
 20
1631785.106341584
 30
0.0
 40
1.862696263103601
  1
15.00
 50
71.55354596058005
  7
MONOTXT4
 11
327811.6837876182
 21
1631784.909877881
 31
0.0
100
AcDbText
 73
     1
  0
TEXT
  5
D10
330
1F
100
AcDbEntity
  8
CVL_PUNTO_NUM
 62
     7
100
AcDbText
 10
327776.5590417913
 20
1631790.934432858
 30
0.0
 40
1.8626962631036
  1
21.40
 50
342.0224217242073
  7
MONOTXT4
 11
327776.367404625
 21
1631790.343848013
 31
0.0
100
AcDbText
 73
     1
  0
TEXT
  5
D11
330
1F
100
AcDbEntity
  8
CVL_PUNTO_NUM
 62
     7
100
AcDbText
 10
327779.4578707625
 20
1631794.505838679
 30
0.0
 40
1.862696263103601
  1
22.70
 50
71.55354596058005
  7
MONOTXT4
 11
327780.0468676018
 21
1631794.309374976
 31
0.0
100
AcDbText
 73
     1
  0
TEXT
  5
D12
330
1F
100
AcDbEntity
  8
CVL_PUNTO_NUM
 62
     7
100
AcDbText
 10
327815.8356420951
 20
1631823.633448105
 30
0.0
 40
1.862696263103601
  1
21.20
 50
26.41838990799066
  7
MONOTXT4
 11
327816.111894013
 21
1631823.077390427
 31
0.0
100
AcDbText
 73
     1
  0
TEXT
  5
D1B
330
1F
100
AcDbEntity
  8
TEXTO
 62
     1
100
AcDbText
 10
328052.2225204557
 20
1631715.195351073
 30
1667.218431579319
 40
4.722035315451778
  1
BLOQUE A
 50
74.99441577034138
  7
Estilo8
100
AcDbText
  0
TEXT
  5
D1C
330
1F
100
AcDbEntity
  8
TEXTO
 62
     1
100
AcDbText
 10
328024.1507070218
 20
1631722.808046242
 30
1667.218431579319
 40
4.722035315451778
  1
BLOQUE B
 50
74.99441577034138
  7
Estilo8
100
AcDbText
  0
TEXT
  5
D1D
330
1F
100
AcDbEntity
  8
TEXTO
 62
     1
100
AcDbText
 10
327990.4561393737
 20
1631737.392989273
 30
1667.218431579319
 40
4.722035315451778
  1
BLOQUE C
 50
74.99441577034138
  7
Estilo8
100
AcDbText
  0
TEXT
  5
D1E
330
1F
100
AcDbEntity
  8
TEXTO
 62
     1
100
AcDbText
 10
327954.0714534677
 20
1631749.506243679
 30
1667.218431579319
 40
4.722035315451778
  1
BLOQUE D
 50
74.99441577034138
  7
Estilo8
100
AcDbText
  0
TEXT
  5
D1F
330
1F
100
AcDbEntity
  8
TEXTO
 62
     1
100
AcDbText
 10
327916.2682764366
 20
1631766.272758589
 30
1667.218431579319
 40
4.722035315451778
  1
BLOQUE E
 50
74.99441577034138
  7
Estilo8
100
AcDbText
  0
TEXT
  5
D20
330
1F
100
AcDbEntity
  8
TEXTO
 62
     1
100
AcDbText
 10
327881.3655644934
 20
1631780.760550817
 30
1667.218431579319
 40
4.722035315451778
  1
BLOQUE F
 50
74.99441577034138
  7
Estilo8
100
AcDbText
  0
TEXT
  5
D21
330
1F
100
AcDbEntity
  8
TEXTO
 62
     1
100
AcDbText
 10
327845.7626755939
 20
1631790.168535181
 30
1667.218431579319
 40
4.722035315451778
  1
BLOQUE G
 50
74.99441577034138
  7
Estilo8
100
AcDbText
  0
TEXT
  5
D22
330
1F
100
AcDbEntity
  8
TEXTO
 62
     1
100
AcDbText
 10
328080.8366184148
 20
1631794.682675478
 30
1667.218431579319
 40
4.722035315451778
  1
BLOQUE N
 50
74.99441577034138
  7
Estilo8
100
AcDbText
  0
TEXT
  5
D23
330
1F
100
AcDbEntity
  8
TEXTO
 62
     1
100
AcDbText
 10
328054.3471114412
 20
1631802.123651471
 30
1667.218431579319
 40
4.722035315451778
  1
BLOQUE M
 50
74.99441577034138
  7
Estilo8
100
AcDbText
  0
TEXT
  5
D24
330
1F
100
AcDbEntity
  8
TEXTO
 62
     1
100
AcDbText
 10
328020.1761149385
 20
1631818.792445253
 30
1667.218431579319
 40
4.722035315451778
  1
BLOQUE L
 50
74.99441577034138
  7
Estilo8
100
AcDbText
  0
TEXT
  5
D25
330
1F
100
AcDbEntity
  8
TEXTO
 62
     1
100
AcDbText
 10
327983.430453805
 20
1631831.055947506
 30
1667.218431579319
 40
4.722035315451778
  1
BLOQUE K
 50
74.99441577034138
  7
Estilo8
100
AcDbText
  0
TEXT
  5
D26
330
1F
100
AcDbEntity
  8
TEXTO
 62
     1
100
AcDbText
 10
327940.1015371854
 20
1631824.418575552
 30
1667.218431579319
 40
4.722035315451778
  1
BLOQUE J
 50
74.99441577034138
  7
Estilo8
100
AcDbText
  0
TEXT
  5
D2C
330
1F
100
AcDbEntity
  8
TEXTO
 62
     1
100
AcDbText
 10
327801.5642243159
 20
1631808.11584677
 30
1667.218431579319
 40
4.722035315451778
  1
BLOQUE I
 50
34.49584131150601
  7
Estilo8
100
AcDbText
  0
TEXT
  5
D2D
330
1F
100
AcDbEntity
  8
TEXTO
 62
     1
100
AcDbText
 10
327780.4140932993
 20
1631798.458049662
 30
1667.218431579319
 40
4.722035315451778
  1
BLOQUE H
 50
347.8603551571013
  7
Estilo8
100
AcDbText
  0
TEXT
  5
D2E
330
1F
100
AcDbEntity
  8
CVL_PUNTO_NUM
 62
     7
100
AcDbText
 10
327761.5930830299
 20
1631705.749181126
 30
0.0
 40
4.115870421519503
  1
       5.8 MANZ.
  7
MONOTXT4
 11
327761.5930830299
 21
1631704.377224319
 31
0.0
100
AcDbText
 73
     1
  0
TEXT
  5
D30
330
1F
100
AcDbEntity
  8
TEXTO
 62
     7
100
AcDbText
 10
327761.1511350434
 20
1631698.37505566
 30
0.0
 40
4.526898205813486
  1
TOTAL DE LOTES:  158
  7
Estilo8
100
AcDbText
  0
VIEWPORT
  5
DF9
102
{ACAD_XDICTIONARY
360
DFA
102
}
330
DF2
100
AcDbEntity
 67
     1
  8
0
100
AcDbViewport
 10
148.4947509765625
 20
104.9549179077148
 30
0.0
 40
465.1024138909183
 41
241.9214020971077
 68
     1
 69
     1
 12
148.4947509765625
 22
104.9549179077148
 13
0.0
 23
0.0
 14
10.0
 24
10.0
 15
10.0
 25
10.0
 16
0.0
 26
0.0
 36
1.0
 17
0.0
 27
0.0
 37
0.0
 42
50.0
 43
0.0
 44
0.0
 45
241.9214020971077
 50
0.0
 51
0.0
 72
  5000
 90
   819232
  1

281
     0
 71
     1
 74
     0
110
0.0
120
0.0
130
0.0
111
1.0
121
0.0
131
0.0
112
0.0
122
1.0
132
0.0
 79
     0
146
0.0
170
     0
 61
     5
348
F5
292
     1
282
     1
141
0.0
142
0.0
 63
   250
421
  3355443
  0
VIEWPORT
  5
DFD
102
{ACAD_XDICTIONARY
360
DFE
102
}
330
DF2
100
AcDbEntity
 67
     1
  8
0
100
AcDbViewport
 10
148.4947509765625
 20
104.9549179077148
 30
0.0
 40
237.5916015625
 41
167.9278686523438
 68
     2
 69
     2
 12
327946.1750780023
 22
1631787.213813646
 13
0.0
 23
0.0
 14
10.0
 24
10.0
 15
10.0
 25
10.0
 16
0.0
 26
0.0
 36
1.0
 17
0.0
 27
0.0
 37
0.0
 42
50.0
 43
0.0
 44
0.0
 45
293.6572489860451
 50
0.0
 51
0.0
 72
  5000
 90
   819296
  1

281
     0
 71
     1
 74
     0
110
0.0
120
0.0
130
0.0
111
1.0
121
0.0
131
0.0
112
0.0
122
1.0
132
0.0
 79
     0
146
0.0
170
     0
 61
     5
348
F5
292
     1
282
     1
141
0.0
142
0.0
 63
   250
421
  3355443
  0
ENDSEC
  0
SECTION
  2
OBJECTS
  0
DICTIONARY
  5
C
330
0
100
AcDbDictionary
281
     1
  3
ACAD_CIP_PREVIOUS_PRODUCT_INFO
350
216
  3
ACAD_COLOR
350
6B
  3
ACAD_DETAILVIEWSTYLE
350
21B
  3
ACAD_GROUP
350
D
  3
ACAD_IMAGE_DICT
350
AC7
  3
ACAD_IMAGE_VARS
350
ACF
  3
ACAD_LAYOUT
350
1A
  3
ACAD_MATERIAL
350
6A
  3
ACAD_MLEADERSTYLE
350
12D
  3
ACAD_MLINESTYLE
350
17
  3
ACAD_PLOTSETTINGS
350
19
  3
ACAD_PLOTSTYLENAME
350
E
  3
ACAD_SCALELIST
350
10C
  3
ACAD_SECTIONVIEWSTYLE
350
219
  3
ACAD_TABLESTYLE
350
7E
  3
ACAD_VISUALSTYLE
350
EF
  3
ACDB_RECOMPOSE_DATA
350
E13
  3
AcDbVariableDictionary
350
5E
  0
DICTIONARY
  5
1FF
330
2
100
AcDbDictionary
280
     1
281
     1
  3
ACAD_LAYERSTATES
360
200
  0
DICTIONARY
  5
13C
330
10
100
AcDbDictionary
280
     1
281
     1
  3
ADSK_XREC_LAYER_LINEWT_OVR
360
E00
  0
DICTIONARY
  5
E01
330
267
100
AcDbDictionary
280
     1
281
     1
  3
ADSK_XREC_LAYER_LINEWT_OVR
360
E02
  0
DICTIONARY
  5
E03
330
268
100
AcDbDictionary
280
     1
281
     1
  3
ADSK_XREC_LAYER_LINEWT_OVR
360
E04
  0
DICTIONARY
  5
E05
330
269
100
AcDbDictionary
280
     1
281
     1
  3
ADSK_XREC_LAYER_LINEWT_OVR
360
E06
  0
DICTIONARY
  5
E07
330
A45
100
AcDbDictionary
280
     1
281
     1
  3
ADSK_XREC_LAYER_LINEWT_OVR
360
E08
  0
DICTIONARY
  5
A47
330
A46
100
AcDbDictionary
280
     1
281
     1
  3
ADSK_XREC_LAYER_LINEWT_OVR
360
E09
  0
DICTIONARY
  5
1CE
330
1F
100
AcDbDictionary
280
     1
281
     1
  3
ACAD_SORTENTS
360
338
  0
DICTIONARY
  5
DFA
330
DF9
100
AcDbDictionary
280
     1
281
     1
  3
ASDK_XREC_ANNOTATION_SCALE_INFO
360
DFB
  0
DICTIONARY
  5
DFE
330
DFD
100
AcDbDictionary
280
     1
281
     1
  3
ASDK_XREC_ANNOTATION_SCALE_INFO
360
DFF
  0
XRECORD
  5
216
102
{ACAD_REACTORS
330
C
102
}
330
C
100
AcDbXrecord
280
     1
300
ACD
300
2022
300

  0
DICTIONARY
  5
6B
102
{ACAD_REACTORS
330
C
102
}
330
C
100
AcDbDictionary
281
     1
  0
DICTIONARY
  5
21B
102
{ACAD_REACTORS
330
C
102
}
330
C
100
AcDbDictionary
281
     1
  3
Metric50
350
21C
  0
DICTIONARY
  5
D
102
{ACAD_REACTORS
330
C
102
}
330
C
100
AcDbDictionary
281
     1
  0
DICTIONARY
  5
AC7
102
{ACAD_REACTORS
330
C
102
}
330
C
100
AcDbDictionary
281
     1
  0
RASTERVARIABLES
  5
ACF
102
{ACAD_REACTORS
330
C
102
}
330
C
100
AcDbRasterVariables
 90
        0
 70
     1
 71
     1
 72
     1
  0
DICTIONARY
  5
1A
102
{ACAD_REACTORS
330
C
102
}
330
C
100
AcDbDictionary
281
     1
  3
Layout3
350
DF3
  3
Model
350
22
  0
DICTIONARY
  5
6A
102
{ACAD_REACTORS
330
C
102
}
330
C
100
AcDbDictionary
281
     1
  3
ByBlock
350
ED
  3
ByLayer
350
EC
  3
Global
350
EE
  0
DICTIONARY
  5
12D
102
{ACAD_REACTORS
330
C
102
}
330
C
100
AcDbDictionary
281
     1
  3
Anotativo
350
13B
  3
Standard
350
12E
  0
DICTIONARY
  5
17
102
{ACAD_REACTORS
330
C
102
}
330
C
100
AcDbDictionary
281
     1
  3
Standard
350
18
  0
DICTIONARY
  5
19
102
{ACAD_REACTORS
330
C
102
}
330
C
100
AcDbDictionary
281
     1
  0
ACDBDICTIONARYWDFLT
  5
E
102
{ACAD_REACTORS
330
C
102
}
330
C
100
AcDbDictionary
281
     1
  3
Normal
350
F
100
AcDbDictionaryWithDefault
340
F
  0
DICTIONARY
  5
10C
102
{ACAD_REACTORS
330
C
102
}
330
C
100
AcDbDictionary
281
     1
  3
A0
350
10D
  3
A1
350
1BE
  3
A2
350
1BF
  3
A3
350
1C0
  3
A4
350
1C1
  3
A5
350
1C2
  3
A6
350
1C3
  3
A7
350
1C4
  3
A8
350
1C5
  3
A9
350
1C6
  3
B0
350
1C7
  3
B1
350
1C8
  3
B2
350
1C9
  3
B3
350
1CA
  3
B4
350
1CB
  3
B5
350
1CC
  3
B6
350
1CD
  0
DICTIONARY
  5
219
102
{ACAD_REACTORS
330
C
102
}
330
C
100
AcDbDictionary
281
     1
  3
Metric50
350
21A
  0
DICTIONARY
  5
7E
102
{ACAD_REACTORS
330
C
102
}
330
C
100
AcDbDictionary
281
     1
  3
Standard
350
7F
  0
DICTIONARY
  5
EF
102
{ACAD_REACTORS
330
C
102
}
330
C
100
AcDbDictionary
281
     1
  3
2dWireframe
350
F5
  3
Basic
350
F4
  3
Brighten
350
FB
  3
ColorChange
350
FF
  3
Conceptual
350
F8
  3
Dim
350
FA
  3
EdgeColorOff
350
1E6
  3
Facepattern
350
FE
  3
Flat
350
F0
  3
FlatWithEdges
350
F1
  3
Gouraud
350
F2
  3
GouraudWithEdges
350
F3
  3
Hidden
350
F7
  3
JitterOff
350
1E4
  3
Linepattern
350
FD
  3
OverhangOff
350
1E5
  3
Realistic
350
F9
  3
Shaded
350
1F3
  3
Shaded with edges
350
1F2
  3
Shades of Gray
350
1EF
  3
Sketchy
350
1F0
  3
Thicken
350
FC
  3
Wireframe
350
F6
  3
X-Ray
350
1F1
  0
XRECORD
  5
E13
102
{ACAD_REACTORS
330
C
102
}
330
C
100
AcDbXrecord
280
     1
 90
        1
330
7F
  0
DICTIONARY
  5
5E
102
{ACAD_REACTORS
330
C
102
}
330
C
100
AcDbDictionary
281
     1
  3
CANNOSCALE
350
146
  3
CMLEADERSTYLE
350
145
  3
CTABLESTYLE
350
84
  3
CVIEWDETAILSTYLE
350
227
  3
CVIEWSECTIONSTYLE
350
228
  3
DIMASSOC
350
5F
  3
HIDETEXT
350
63
  3
LAYEREVAL
350
1AE
  3
LAYERNOTIFY
350
1AF
  0
DICTIONARY
  5
200
102
{ACAD_REACTORS
330
1FF
102
}
330
1FF
100
AcDbDictionary
281
     1
  0
XRECORD
  5
E00
102
{ACAD_REACTORS
330
13C
102
}
330
13C
100
AcDbXrecord
280
     1
102
{ADSK_LYR_LINEWT_OVERRIDE
335
DFD
 91
        0
102
}
  0
XRECORD
  5
E02
102
{ACAD_REACTORS
330
E01
102
}
330
E01
100
AcDbXrecord
280
     1
102
{ADSK_LYR_LINEWT_OVERRIDE
335
DFD
 91
        0
102
}
  0
XRECORD
  5
E04
102
{ACAD_REACTORS
330
E03
102
}
330
E03
100
AcDbXrecord
280
     1
102
{ADSK_LYR_LINEWT_OVERRIDE
335
DFD
 91
        0
102
}
  0
XRECORD
  5
E06
102
{ACAD_REACTORS
330
E05
102
}
330
E05
100
AcDbXrecord
280
     1
102
{ADSK_LYR_LINEWT_OVERRIDE
335
DFD
 91
        0
102
}
  0
XRECORD
  5
E08
102
{ACAD_REACTORS
330
E07
102
}
330
E07
100
AcDbXrecord
280
     1
102
{ADSK_LYR_LINEWT_OVERRIDE
335
DFD
 91
        0
102
}
  0
XRECORD
  5
E09
102
{ACAD_REACTORS
330
A47
102
}
330
A47
100
AcDbXrecord
280
     1
102
{ADSK_LYR_LINEWT_OVERRIDE
335
DFD
 91
        0
102
}
  0
SORTENTSTABLE
  5
338
102
{ACAD_REACTORS
330
1CE
102
}
330
1CE
100
AcDbSortentsTable
330
1F
331
332
  5
333
331
333
  5
334
331
334
  5
336
331
335
  5
337
331
336
  5
339
331
339
  5
335
331
3A8
  5
3B8
331
3A9
  5
3C7
331
3AA
  5
3C8
331
3AB
  5
3D5
331
3AC
  5
3D6
331
3AF
  5
3D7
331
3B2
  5
3E0
331
3B5
  5
3E5
331
3B6
  5
3E6
331
3BB
  5
3E3
331
3BC
  5
3E1
331
3BD
  5
3EA
331
3BE
  5
3FA
331
3C0
  5
3FB
331
3C1
  5
401
331
3C2
  5
40B
331
3C3
  5
40C
331
3C4
  5
40D
331
3C5
  5
415
331
3C6
  5
416
331
3C7
  5
41C
331
3C8
  5
423
331
3C9
  5
424
331
3CF
  5
425
331
3D0
  5
426
331
3D1
  5
427
331
3D2
  5
428
331
3D3
  5
42B
331
3D4
  5
42C
331
3D5
  5
42E
331
3D6
  5
42F
331
3D7
  5
430
331
3D8
  5
431
331
3D9
  5
432
331
3DB
  5
434
331
3DD
  5
435
331
3DE
  5
437
331
3DF
  5
438
331
3E0
  5
43A
331
3E1
  5
43B
331
3E2
  5
43D
331
3E3
  5
43E
331
3E5
  5
440
331
3E6
  5
441
331
3E7
  5
442
331
3EA
  5
443
331
3EB
  5
444
331
3EC
  5
445
331
3F1
  5
446
331
3F2
  5
447
331
3F6
  5
448
331
3F7
  5
449
331
3F8
  5
44A
331
3F9
  5
44B
331
3FA
  5
44C
331
3FB
  5
44D
331
401
  5
44E
331
402
  5
44F
331
404
  5
450
331
405
  5
451
331
406
  5
452
331
407
  5
453
331
408
  5
454
331
409
  5
45D
331
40A
  5
45E
331
410
  5
460
331
411
  5
461
331
412
  5
46D
331
413
  5
474
331
415
  5
47C
331
41C
  5
47D
331
41F
  5
47E
331
421
  5
47F
331
422
  5
480
331
426
  5
481
331
427
  5
482
331
428
  5
483
331
42A
  5
484
331
42B
  5
485
331
42C
  5
486
331
42D
  5
487
331
469
  5
402
331
46A
  5
40A
331
47A
  5
3DA
331
47B
  5
3DB
331
47C
  5
3DD
331
47D
  5
3DE
331
47E
  5
3DF
331
47F
  5
488
331
480
  5
489
331
481
  5
48A
331
482
  5
48B
331
483
  5
48C
331
484
  5
48D
331
485
  5
48E
331
486
  5
48F
331
487
  5
490
331
488
  5
491
331
489
  5
492
331
48A
  5
493
331
48B
  5
494
331
48C
  5
495
331
48D
  5
496
331
48E
  5
497
331
48F
  5
49D
331
490
  5
49E
331
491
  5
49F
331
492
  5
4A0
331
493
  5
4A1
331
494
  5
4A2
331
495
  5
4A3
331
496
  5
4A4
331
497
  5
4A5
331
49D
  5
4A6
331
49E
  5
4A7
331
49F
  5
4A8
331
4A0
  5
4A9
331
4A1
  5
4AB
331
4A2
  5
4AC
331
4A3
  5
4AD
331
4A4
  5
4AE
331
4A5
  5
4AF
331
4A6
  5
4B0
331
4A7
  5
4B1
331
4A8
  5
4B2
331
4A9
  5
4B3
331
4AB
  5
4B4
331
4AC
  5
4B5
331
4AD
  5
4B6
331
4AE
  5
4B7
331
4AF
  5
4B8
331
4B0
  5
4B9
331
4B1
  5
4BA
331
4B2
  5
4BB
331
4B3
  5
4BC
331
4B4
  5
4BD
331
4B5
  5
4BE
331
4B6
  5
4BF
331
4B7
  5
4C0
331
4B8
  5
4C1
331
4B9
  5
4C2
331
4BA
  5
4C3
331
4BB
  5
4C4
331
4BC
  5
4C5
331
4BD
  5
4C6
331
4BE
  5
4C7
331
4BF
  5
4C8
331
4C0
  5
4C9
331
4C1
  5
4CA
331
4C2
  5
4CB
331
4C3
  5
4CC
331
4C4
  5
4CD
331
4C5
  5
4CE
331
4C6
  5
4CF
331
4C7
  5
4D0
331
4C8
  5
4D1
331
4C9
  5
4D2
331
4CA
  5
4D3
331
4CB
  5
4D4
331
4CC
  5
4D5
331
4CD
  5
4D6
331
4CE
  5
4D7
331
4CF
  5
4DD
331
4D0
  5
4DE
331
4D1
  5
4DF
331
4D2
  5
4E0
331
4D3
  5
4E1
331
4D4
  5
4E2
331
4D5
  5
4E3
331
4D6
  5
4E4
331
4D7
  5
4E5
331
4DD
  5
4E6
331
4DE
  5
4E7
331
4DF
  5
4E8
331
4E0
  5
4E9
331
4E1
  5
4EA
331
4E2
  5
4EB
331
4E3
  5
4EC
331
4E4
  5
4ED
331
4E5
  5
4EE
331
4E6
  5
4EF
331
4E7
  5
4F0
331
4E8
  5
4F1
331
4E9
  5
4F2
331
4EA
  5
4F3
331
4EB
  5
4F9
331
4EC
  5
4FA
331
4ED
  5
4FB
331
4EE
  5
4FC
331
4EF
  5
4FD
331
4F0
  5
4FE
331
4F1
  5
4FF
331
4F2
  5
500
331
4F3
  5
501
331
4F9
  5
502
331
4FA
  5
503
331
4FB
  5
504
331
4FC
  5
505
331
4FD
  5
506
331
4FE
  5
507
331
4FF
  5
508
331
500
  5
509
331
501
  5
50A
331
502
  5
50B
331
503
  5
50C
331
504
  5
50D
331
505
  5
50E
331
506
  5
50F
331
507
  5
510
331
508
  5
512
331
509
  5
513
331
50A
  5
514
331
50B
  5
515
331
50C
  5
516
331
50D
  5
517
331
50E
  5
518
331
50F
  5
519
331
510
  5
51A
331
512
  5
51B
331
513
  5
51C
331
514
  5
51D
331
515
  5
51E
331
516
  5
51F
331
517
  5
522
331
518
  5
524
331
519
  5
525
331
51A
  5
531
331
51B
  5
535
331
51C
  5
536
331
51D
  5
537
331
51E
  5
538
331
51F
  5
539
331
522
  5
53A
331
524
  5
542
331
525
  5
543
331
531
  5
544
331
535
  5
548
331
536
  5
549
331
537
  5
54A
331
538
  5
54B
331
539
  5
54C
331
53A
  5
54D
331
542
  5
54E
331
543
  5
54F
331
544
  5
550
331
548
  5
551
331
549
  5
553
331
54A
  5
554
331
54B
  5
555
331
54C
  5
556
331
54D
  5
557
331
54E
  5
558
331
54F
  5
559
331
550
  5
55A
331
551
  5
55B
331
553
  5
55C
331
554
  5
55D
331
555
  5
55E
331
556
  5
569
331
557
  5
56A
331
558
  5
56B
331
559
  5
56C
331
55A
  5
56D
331
55B
  5
56E
331
55C
  5
56F
331
55D
  5
570
331
55E
  5
571
331
569
  5
572
331
56A
  5
573
331
56B
  5
574
331
56C
  5
575
331
56D
  5
576
331
56E
  5
577
331
56F
  5
578
331
570
  5
579
331
571
  5
57A
331
572
  5
57B
331
573
  5
57C
331
574
  5
57D
331
575
  5
57E
331
576
  5
57F
331
577
  5
580
331
578
  5
581
331
579
  5
582
331
57A
  5
583
331
57B
  5
584
331
57D
  5
586
331
57E
  5
587
331
57F
  5
588
331
580
  5
589
331
581
  5
58A
331
582
  5
58B
331
583
  5
58C
331
584
  5
58D
331
585
  5
58F
331
586
  5
590
331
587
  5
591
331
588
  5
592
331
589
  5
593
331
58A
  5
594
331
58B
  5
595
331
58C
  5
596
331
58D
  5
597
331
58F
  5
598
331
590
  5
599
331
591
  5
59A
331
592
  5
59B
331
593
  5
59C
331
594
  5
59D
331
595
  5
59E
331
596
  5
59F
331
597
  5
5A0
331
598
  5
5A1
331
599
  5
5A2
331
59A
  5
5A3
331
59B
  5
5A4
331
59C
  5
5A5
331
59D
  5
5A6
331
59E
  5
5A7
331
59F
  5
5A8
331
5A0
  5
5A9
331
5A1
  5
5AA
331
5A2
  5
5AB
331
5A3
  5
5AC
331
5A4
  5
5AD
331
5A5
  5
5AE
331
5A6
  5
5AF
331
5A7
  5
5B0
331
5A8
  5
5B1
331
5A9
  5
5B2
331
5AA
  5
5B3
331
5AB
  5
5B4
331
5AC
  5
5B5
331
5AD
  5
5BB
331
5AE
  5
5BC
331
5AF
  5
5BD
331
5B0
  5
5BE
331
5B1
  5
5BF
331
5B2
  5
5C0
331
5B3
  5
5C1
331
5B4
  5
5C2
331
5B5
  5
5C3
331
5BC
  5
5C5
331
5BD
  5
5C6
331
5BE
  5
5C7
331
5BF
  5
5C8
331
5C0
  5
5C9
331
5C1
  5
5CA
331
5C2
  5
5CB
331
5C3
  5
5CC
331
5C4
  5
5CD
331
5C5
  5
5CE
331
5C6
  5
5CF
331
5C8
  5
436
  0
XRECORD
  5
DFB
102
{ACAD_REACTORS
330
DFA
102
}
330
DFA
100
AcDbXrecord
280
     1
 90
        1
340
10D
  0
XRECORD
  5
DFF
102
{ACAD_REACTORS
330
DFE
102
}
330
DFE
100
AcDbXrecord
280
     1
 90
        1
340
10D
  0
ACDBDETAILVIEWSTYLE
  5
21C
102
{ACAD_REACTORS
330
21B
102
}
330
21B
100
AcDbModelDocViewStyle
 70
     0
  3
Metric50
290
     0
300
Metric50
 90
        0
100
AcDbDetailViewStyle
 70
     0
 71
     0
 90
        3
 71
     1
340
11
 62
   256
 40
5.0
340
0
 62
   256
 40
5.0
300

 40
0.0
280
     1
 71
     2
340
16
 90
       25
 62
   256
 71
     3
340
11
 62
   256
 40
5.0
 90
        0
 40
15.0
 90
        1
300
%<\AcVar ViewDetailId>% (%<\AcVar ViewScale \f "%sn">%)
 71
     4
340
16
 90
       25
 62
   256
340
16
 90
       25
 62
   256
280
     0
  0
LAYOUT
  5
DF3
102
{ACAD_REACTORS
330
1A
102
}
330
1A
100
AcDbPlotSettings
  1

  2
DWG To PDF.pc3
  4
ISO_full_bleed_4A0_(1682.00_x_2378.00_MM)
  6

 40
0.0
 41
0.0
 42
0.0
 43
0.0
 44
1682.0
 45
2378.0
 46
0.6241848846951825
 47
0.0
 48
0.0
 49
0.0
140
0.0
141
0.0
142
1.0
143
0.0999123639875946
 70
   692
 72
     1
 73
     1
 74
     1
  7

 75
     0
 76
     0
 77
     2
 78
   300
147
10.00877128804762
148
-29.69895019531249
149
-20.99098358154296
100
AcDbLayout
  1
Layout3
 70
     1
 71
     1
 10
29.69895019531249
 20
20.92861979414774
 11
267.2905517578126
 21
188.9812160212819
 12
0.0
 22
0.0
 32
0.0
 14
29.69895019531249
 24
20.99098358154296
 34
0.0
 15
267.2905517578125
 25
188.9188522338867
 35
0.0
146
0.0
 13
0.0
 23
0.0
 33
0.0
 16
1.0
 26
0.0
 36
0.0
 17
0.0
 27
1.0
 37
0.0
 76
     0
330
DF2
331
DF9
1001
ACAD_PSEXT
1000
DWG To PDF.pc3
1000
DWG To PDF
1000
File
1000

1070
     0
  0
LAYOUT
  5
22
102
{ACAD_REACTORS
330
1A
102
}
102
{ACAD_XDICTIONARY
360
205
102
}
330
1A
100
AcDbPlotSettings
  1

  2
none_device
  4
ISO_A4_(210.00_x_297.00_MM)
  6

 40
7.5
 41
20.0
 42
7.5
 43
20.0
 44
210.0
 45
297.0
 46
11.54999923706055
 47
-13.65000009536743
 48
0.0
 49
0.0
140
0.0
141
0.0
142
1.0
143
8.704084754739808
 70
 11952
 72
     1
 73
     0
 74
     0
  7

 75
     0
 76
     0
 77
     2
 78
   300
147
0.1148885871608098
148
0.0
149
0.0
100
AcDbLayout
  1
Model
 70
     1
 71
     0
 10
0.0
 20
0.0
 11
12.0
 21
9.0
 12
0.0
 22
0.0
 32
0.0
 14
0.0
 24
0.0
 34
0.0
 15
0.0
 25
0.0
 35
0.0
146
0.0
 13
0.0
 23
0.0
 33
0.0
 16
1.0
 26
0.0
 36
0.0
 17
0.0
 27
1.0
 37
0.0
 76
     0
330
1F
331
EA
1001
ACAD_PSEXT
1000
None
1000
None
1000
Not applicable
1000
The layout will not be plotted unless a new plotter configuration name is selected.
1070
     0
  0
MATERIAL
  5
ED
102
{ACAD_REACTORS
330
6A
102
}
102
{ACAD_XDICTIONARY
360
1F9
102
}
330
6A
100
AcDbMaterial
  1
ByBlock
 72
     1
 73
     2
 78
     2
172
     2
176
     2
270
     2
274
     2
 94
       63
  0
MATERIAL
  5
EC
102
{ACAD_REACTORS
330
6A
102
}
102
{ACAD_XDICTIONARY
360
1F7
102
}
330
6A
100
AcDbMaterial
  1
ByLayer
 72
     1
 73
     2
 78
     2
172
     2
176
     2
270
     2
274
     2
 94
       63
  0
MATERIAL
  5
EE
102
{ACAD_REACTORS
330
6A
102
}
102
{ACAD_XDICTIONARY
360
173
102
}
330
6A
100
AcDbMaterial
  1
Global
 72
     1
 73
     2
 43
0.0007999999797903
 43
0.0
 43
0.0
 43
0.0
 43
0.0
 43
0.0007999999797903
 43
0.0
 43
0.0
 43
0.0
 43
0.0
 43
1.0
 43
0.0
 43
0.0
 43
0.0
 43
0.0
 43
1.0
 78
     2
172
     2
 49
0.0007999999797903
 49
0.0
 49
0.0
 49
0.0
 49
0.0
 49
0.0007999999797903
 49
0.0
 49
0.0
 49
0.0
 49
0.0
 49
1.0
 49
0.0
 49
0.0
 49
0.0
 49
0.0
 49
1.0
176
     2
142
0.0007999999797903
142
0.0
142
0.0
142
0.0
142
0.0
142
0.0007999999797903
142
0.0
142
0.0
142
0.0
142
0.0
142
1.0
142
0.0
142
0.0
142
0.0
142
0.0
142
1.0
270
     2
144
0.0007999999797903
144
0.0
144
0.0
144
0.0
144
0.0
144
0.0007999999797903
144
0.0
144
0.0
144
0.0
144
0.0
144
1.0
144
0.0
144
0.0
144
0.0
144
0.0
144
1.0
274
     2
 94
       63
1001
ACAD
1070
    -1
1070
     3
1070
     0
1000

1071
        0
1070
     0
  0
MLEADERSTYLE
  5
13B
102
{ACAD_REACTORS
330
12D
102
}
330
12D
100
AcDbMLeaderStyle
179
     2
170
     2
171
     1
172
     0
 90
        2
 40
0.0
 41
0.0
173
     1
 91
-1056964608
340
14
 92
       -2
290
     1
 42
2.0
291
     1
 43
8.0
  3
Standard
341
0
 44
4.0
300

342
11
174
     1
178
     1
175
     1
176
     0
 93
-1056964608
 45
4.0
292
     0
297
     0
 46
4.0
343
0
 94
-1056964608
 47
1.0
 49
1.0
140
1.0
293
     1
141
0.0
294
     1
177
     0
142
1.0
295
     0
296
     1
143
3.75
271
     0
272
     9
273
     9
298
     0
  0
MLEADERSTYLE
  5
12E
102
{ACAD_REACTORS
330
12D
102
}
330
12D
100
AcDbMLeaderStyle
179
     2
170
     2
171
     1
172
     0
 90
        2
 40
0.0
 41
0.0
173
     1
 91
-1056964608
340
14
 92
       -2
290
     1
 42
2.0
291
     1
 43
8.0
  3
Standard
341
0
 44
4.0
300

342
11
174
     1
178
     1
175
     1
176
     0
 93
-1056964608
 45
4.0
292
     0
297
     0
 46
4.0
343
0
 94
-1056964608
 47
1.0
 49
1.0
140
1.0
293
     1
141
0.0
294
     1
177
     0
142
1.0
295
     0
296
     0
143
3.75
271
     0
272
     9
273
     9
298
     0
  0
MLINESTYLE
  5
18
102
{ACAD_REACTORS
330
17
102
}
330
17
100
AcDbMlineStyle
  2
STANDARD
 70
     0
  3

 62
   256
 51
90.0
 52
90.0
 71
     2
 49
0.5
 62
   256
  6
BYLAYER
 49
-0.5
 62
   256
  6
BYLAYER
  0
ACDBPLACEHOLDER
  5
F
102
{ACAD_REACTORS
330
E
102
}
330
E
  0
SCALE
  5
10D
102
{ACAD_REACTORS
330
10C
102
}
330
10C
100
AcDbScale
 70
     0
300
1:1
140
1.0
141
1.0
290
     1
  0
SCALE
  5
1BE
102
{ACAD_REACTORS
330
10C
102
}
330
10C
100
AcDbScale
 70
     0
300
1:2
140
1.0
141
2.0
290
     0
  0
SCALE
  5
1BF
102
{ACAD_REACTORS
330
10C
102
}
330
10C
100
AcDbScale
 70
     0
300
1:4
140
1.0
141
4.0
290
     0
  0
SCALE
  5
1C0
102
{ACAD_REACTORS
330
10C
102
}
330
10C
100
AcDbScale
 70
     0
300
1:5
140
1.0
141
5.0
290
     0
  0
SCALE
  5
1C1
102
{ACAD_REACTORS
330
10C
102
}
330
10C
100
AcDbScale
 70
     0
300
1:8
140
1.0
141
8.0
290
     0
  0
SCALE
  5
1C2
102
{ACAD_REACTORS
330
10C
102
}
330
10C
100
AcDbScale
 70
     0
300
1:10
140
1.0
141
10.0
290
     0
  0
SCALE
  5
1C3
102
{ACAD_REACTORS
330
10C
102
}
330
10C
100
AcDbScale
 70
     0
300
1:16
140
1.0
141
16.0
290
     0
  0
SCALE
  5
1C4
102
{ACAD_REACTORS
330
10C
102
}
330
10C
100
AcDbScale
 70
     0
300
1:20
140
1.0
141
20.0
290
     0
  0
SCALE
  5
1C5
102
{ACAD_REACTORS
330
10C
102
}
330
10C
100
AcDbScale
 70
     0
300
1:30
140
1.0
141
30.0
290
     0
  0
SCALE
  5
1C6
102
{ACAD_REACTORS
330
10C
102
}
330
10C
100
AcDbScale
 70
     0
300
1:40
140
1.0
141
40.0
290
     0
  0
SCALE
  5
1C7
102
{ACAD_REACTORS
330
10C
102
}
330
10C
100
AcDbScale
 70
     0
300
1:50
140
1.0
141
50.0
290
     0
  0
SCALE
  5
1C8
102
{ACAD_REACTORS
330
10C
102
}
330
10C
100
AcDbScale
 70
     0
300
1:100
140
1.0
141
100.0
290
     0
  0
SCALE
  5
1C9
102
{ACAD_REACTORS
330
10C
102
}
330
10C
100
AcDbScale
 70
     0
300
2:1
140
2.0
141
1.0
290
     0
  0
SCALE
  5
1CA
102
{ACAD_REACTORS
330
10C
102
}
330
10C
100
AcDbScale
 70
     0
300
4:1
140
4.0
141
1.0
290
     0
  0
SCALE
  5
1CB
102
{ACAD_REACTORS
330
10C
102
}
330
10C
100
AcDbScale
 70
     0
300
8:1
140
8.0
141
1.0
290
     0
  0
SCALE
  5
1CC
102
{ACAD_REACTORS
330
10C
102
}
330
10C
100
AcDbScale
 70
     0
300
10:1
140
10.0
141
1.0
290
     0
  0
SCALE
  5
1CD
102
{ACAD_REACTORS
330
10C
102
}
330
10C
100
AcDbScale
 70
     0
300
100:1
140
100.0
141
1.0
290
     0
  0
ACDBSECTIONVIEWSTYLE
  5
21A
102
{ACAD_REACTORS
330
219
102
}
330
219
100
AcDbModelDocViewStyle
 70
     0
  3
Metric50
290
     0
300
Metric50
 90
        0
100
AcDbSectionViewStyle
 70
     0
 71
     0
 90
      102
 71
     1
340
11
 62
   256
 40
5.0
340
0
340
0
 62
   256
 40
5.0
300
I, O, Q, S, X, Z
 40
10.0
 90
        0
 40
2.5
 90
        0
 71
     2
340
16
 90
       25
 62
   256
340
16
 90
       50
 62
   256
 40
5.0
 40
2.5
 40
5.0
 71
     3
340
11
 62
   256
 40
5.0
 90
        0
 40
15.0
 90
        1
300
%<\AcVar ViewSectionStartId>%-%<\AcVar ViewSectionEndId>% (%<\AcVar ViewScale \f "%sn">%)
 71
     4
 62
   256
 62
   257
300
ANSI31
 40
1.0
 90
        0
290
     0
290
     0
 90
        6
 40
0.0
 40
1.570796326794897
 40
0.2617993877991494
 40
1.308996938995747
 40
-0.2617993877991494
 40
1.832595714594046
  0
TABLESTYLE
  5
7F
102
{ACAD_REACTORS
330
7E
102
}
102
{ACAD_XDICTIONARY
360
E11
102
}
330
7E
100
AcDbTableStyle
  3
Standard
 70
     0
 71
     0
 40
1.5
 41
1.5
280
     0
281
     0
  7
Standard
140
4.5
170
     2
 62
     0
 63
   257
283
     0
 90
      512
 91
        0
  1

274
    -2
284
     1
 64
     0
275
    -2
285
     1
 65
     0
276
    -2
286
     1
 66
     0
277
    -2
287
     1
 67
     0
278
    -2
288
     1
 68
     0
279
    -2
289
     1
 69
     0
  7
Standard
140
6.0
170
     5
 62
     0
 63
   257
283
     0
 90
      512
 91
        0
  1

274
    -2
284
     1
 64
     0
275
    -2
285
     1
 65
     0
276
    -2
286
     1
 66
     0
277
    -2
287
     1
 67
     0
278
    -2
288
     1
 68
     0
279
    -2
289
     1
 69
     0
  7
Standard
140
4.5
170
     5
 62
     0
 63
   257
283
     0
 90
      512
 91
        0
  1

274
    -2
284
     1
 64
     0
275
    -2
285
     1
 65
     0
276
    -2
286
     1
 66
     0
277
    -2
287
     1
 67
     0
278
    -2
288
     1
 68
     0
279
    -2
289
     1
 69
     0
  0
VISUALSTYLE
  5
F5
102
{ACAD_REACTORS
330
EF
102
}
330
EF
100
AcDbVisualStyle
  2
2dWireframe
 70
     4
177
     3
291
     0
 70
    58
 90
        0
176
     1
 90
        2
176
     1
 90
        1
176
     1
 90
        0
176
     1
 40
0.6
176
     1
 40
30.0
176
     1
 62
     7
420
 16777215
176
     1
 90
        1
176
     1
 90
        4
176
     1
 62
     7
176
     1
 62
   257
176
     1
 90
        1
176
     1
 90
        1
176
     1
 40
1.0
176
     1
 90
        0
176
     1
 62
   257
176
     1
 40
1.0
176
     1
 90
        1
176
     1
 90
        6
176
     1
 90
        2
176
     1
 62
     7
176
     1
 90
        5
176
     1
 90
        0
176
     1
 90
        0
176
     1
290
     0
176
     1
 90
        1
176
     1
 40
0.0
176
     1
 90
        0
176
     1
290
     1
176
     1
290
     1
176
     1
290
     0
176
     1
290
     0
176
     1
290
     0
176
     1
290
     0
176
     1
290
     0
176
     1
290
     0
176
     1
290
     0
176
     1
 90
       50
176
     1
 40
0.0
176
     1
 40
1.0
176
     1
 90
        0
176
     1
 62
    18
420
        0
176
     1
 90
       50
176
     1
 90
        3
176
     1
 62
     5
420
      255
176
     1
290
     0
176
     1
 90
       50
176
     1
 90
       50
176
     1
 90
       50
176
     1
290
     0
176
     1
 90
       50
176
     1
 62
   256
176
     0
 40
1.0
176
     0
 90
        2
176
     1
  1
strokes_ogs.tif
176
     1
290
     0
176
     1
 40
1.0
176
     1
 40
1.0
176
     1
  0
VISUALSTYLE
  5
F4
102
{ACAD_REACTORS
330
EF
102
}
330
EF
100
AcDbVisualStyle
  2
Basic
 70
     7
177
     3
291
     1
 70
    58
 90
        1
176
     1
 90
        0
176
     1
 90
        1
176
     1
 90
        0
176
     1
 40
0.6
176
     1
 40
30.0
176
     1
 62
     7
420
 16777215
176
     1
 90
        0
176
     1
 90
        4
176
     1
 62
     7
176
     1
 62
   257
176
     1
 90
        1
176
     1
 90
        1
176
     1
 40
1.0
176
     1
 90
        8
176
     1
 62
     7
176
     1
 40
1.0
176
     1
 90
        1
176
     1
 90
        6
176
     1
 90
        2
176
     1
 62
     7
176
     1
 90
        5
176
     1
 90
        0
176
     1
 90
        0
176
     1
290
     0
176
     1
 90
        1
176
     1
 40
0.0
176
     1
 90
        0
176
     1
290
     0
176
     1
290
     1
176
     1
290
     1
176
     1
290
     0
176
     1
290
     0
176
     1
290
     0
176
     1
290
     0
176
     1
290
     0
176
     1
290
     0
176
     1
 90
       50
176
     1
 40
0.0
176
     1
 40
1.0
176
     1
 90
        0
176
     1
 62
    18
420
        0
176
     1
 90
       50
176
     1
 90
        3
176
     1
 62
     5
420
      255
176
     1
290
     0
176
     1
 90
       50
176
     1
 90
       50
176
     1
 90
       50
176
     1
290
     0
176
     1
 90
       50
176
     1
 62
   256
176
     0
 40
1.0
176
     0
 90
        2
176
     1
  1
strokes_ogs.tif
176
     1
290
     0
176
     1
 40
1.0
176
     1
 40
1.0
176
     1
  0
VISUALSTYLE
  5
FB
102
{ACAD_REACTORS
330
EF
102
}
330
EF
100
AcDbVisualStyle
  2
Brighten
 70
    12
177
     3
291
     1
 70
    58
 90
        2
176
     1
 90
        2
176
     1
 90
        1
176
     1
 90
        0
176
     1
 40
0.6
176
     1
 40
30.0
176
     1
 62
     7
420
 16777215
176
     1
 90
        1
176
     1
 90
        4
176
     1
 62
     7
176
     1
 62
   257
176
     1
 90
        1
176
     1
 90
        1
176
     1
 40
1.0
176
     1
 90
        8
176
     1
 62
     7
176
     1
 40
1.0
176
     1
 90
        1
176
     1
 90
        6
176
     1
 90
        2
176
     1
 62
     7
176
     1
 90
        5
176
     1
 90
        0
176
     1
 90
        0
176
     1
290
     0
176
     1
 90
        1
176
     1
 40
50.0
176
     1
 90
        0
176
     1
290
     0
176
     1
290
     1
176
     1
290
     1
176
     1
290
     0
176
     1
290
     0
176
     1
290
     0
176
     1
290
     0
176
     1
290
     0
176
     1
290
     0
176
     1
 90
       50
176
     1
 40
0.0
176
     1
 40
1.0
176
     1
 90
        0
176
     1
 62
    18
420
        0
176
     1
 90
       50
176
     1
 90
        3
176
     1
 62
     5
420
      255
176
     1
290
     0
176
     1
 90
       50
176
     1
 90
       50
176
     1
 90
       50
176
     1
290
     0
176
     1
 90
       50
176
     1
 62
   256
176
     0
 40
1.0
176
     0
 90
        2
176
     1
  1
strokes_ogs.tif
176
     1
290
     0
176
     1
 40
1.0
176
     1
 40
1.0
176
     1
  0
VISUALSTYLE
  5
FF
102
{ACAD_REACTORS
330
EF
102
}
330
EF
100
AcDbVisualStyle
  2
ColorChange
 70
    16
177
     3
291
     1
 70
    58
 90
        2
176
     1
 90
        2
176
     1
 90
        3
176
     1
 90
        0
176
     1
 40
0.6
176
     1
 40
30.0
176
     1
 62
     8
420
  8421504
176
     1
 90
        1
176
     1
 90
        4
176
     1
 62
     7
176
     1
 62
   257
176
     1
 90
        1
176
     1
 90
        1
176
     1
 40
1.0
176
     1
 90
        8
176
     1
 62
     8
420
  8421504
176
     1
 40
1.0
176
     1
 90
        1
176
     1
 90
        6
176
     1
 90
        2
176
     1
 62
     7
176
     1
 90
        5
176
     1
 90
        0
176
     1
 90
        0
176
     1
290
     0
176
     1
 90
        1
176
     1
 40
0.0
176
     1
 90
        0
176
     1
290
     0
176
     1
290
     1
176
     1
290
     1
176
     1
290
     0
176
     1
290
     0
176
     1
290
     0
176
     1
290
     0
176
     1
290
     0
176
     1
290
     0
176
     1
 90
       50
176
     1
 40
0.0
176
     1
 40
1.0
176
     1
 90
        0
176
     1
 62
    18
420
        0
176
     1
 90
       50
176
     1
 90
        3
176
     1
 62
     5
420
      255
176
     1
290
     0
176
     1
 90
       50
176
     1
 90
       50
176
     1
 90
       50
176
     1
290
     0
176
     1
 90
       50
176
     1
 62
   256
176
     0
 40
1.0
176
     0
 90
        2
176
     1
  1
strokes_ogs.tif
176
     1
290
     0
176
     1
 40
1.0
176
     1
 40
1.0
176
     1
  0
VISUALSTYLE
  5
F8
102
{ACAD_REACTORS
330
EF
102
}
330
EF
100
AcDbVisualStyle
  2
Conceptual
 70
     9
177
     3
291
     0
 70
    58
 90
        3
176
     1
 90
        2
176
     1
 90
        1
176
     1
 90
        0
176
     1
 40
0.6
176
     1
 40
30.0
176
     1
 62
     7
420
 16777215
176
     1
 90
        2
176
     1
 90
        2
176
     1
 62
     7
176
     1
 62
   257
176
     1
 90
        1
176
     1
 90
        1
176
     1
 40
40.0
176
     1
 90
        8
176
     1
 62
     7
176
     1
 40
1.0
176
     1
 90
        1
176
     1
 90
        6
176
     1
 90
        2
176
     1
 62
     7
176
     1
 90
        3
176
     1
 90
        0
176
     1
 90
        0
176
     1
290
     0
176
     1
 90
        1
176
     1
 40
0.0
176
     1
 90
        0
176
     1
290
     0
176
     1
290
     1
176
     1
290
     1
176
     1
290
     0
176
     1
290
     0
176
     1
290
     0
176
     1
290
     0
176
     1
290
     0
176
     1
290
     0
176
     1
 90
       50
176
     1
 40
0.0
176
     1
 40
1.0
176
     1
 90
        0
176
     1
 62
    18
420
        0
176
     1
 90
       50
176
     1
 90
        3
176
     1
 62
     5
420
      255
176
     1
290
     0
176
     1
 90
       50
176
     1
 90
       50
176
     1
 90
       50
176
     1
290
     0
176
     1
 90
       50
176
     1
 62
   256
176
     0
 40
1.0
176
     0
 90
        2
176
     1
  1
strokes_ogs.tif
176
     1
290
     0
176
     1
 40
1.0
176
     1
 40
1.0
176
     1
  0
VISUALSTYLE
  5
FA
102
{ACAD_REACTORS
330
EF
102
}
330
EF
100
AcDbVisualStyle
  2
Dim
 70
    11
177
     3
291
     1
 70
    58
 90
        2
176
     1
 90
        2
176
     1
 90
        1
176
     1
 90
        0
176
     1
 40
0.6
176
     1
 40
30.0
176
     1
 62
     7
420
 16777215
176
     1
 90
        1
176
     1
 90
        4
176
     1
 62
     7
176
     1
 62
   257
176
     1
 90
        1
176
     1
 90
        1
176
     1
 40
1.0
176
     1
 90
        8
176
     1
 62
     7
176
     1
 40
1.0
176
     1
 90
        1
176
     1
 90
        6
176
     1
 90
        2
176
     1
 62
     7
176
     1
 90
        5
176
     1
 90
        0
176
     1
 90
        0
176
     1
290
     0
176
     1
 90
        1
176
     1
 40
-50.0
176
     1
 90
        0
176
     1
290
     0
176
     1
290
     1
176
     1
290
     1
176
     1
290
     0
176
     1
290
     0
176
     1
290
     0
176
     1
290
     0
176
     1
290
     0
176
     1
290
     0
176
     1
 90
       50
176
     1
 40
0.0
176
     1
 40
1.0
176
     1
 90
        0
176
     1
 62
    18
420
        0
176
     1
 90
       50
176
     1
 90
        3
176
     1
 62
     5
420
      255
176
     1
290
     0
176
     1
 90
       50
176
     1
 90
       50
176
     1
 90
       50
176
     1
290
     0
176
     1
 90
       50
176
     1
 62
   256
176
     0
 40
1.0
176
     0
 90
        2
176
     1
  1
strokes_ogs.tif
176
     1
290
     0
176
     1
 40
1.0
176
     1
 40
1.0
176
     1
  0
VISUALSTYLE
  5
1E6
102
{ACAD_REACTORS
330
EF
102
}
330
EF
100
AcDbVisualStyle
  2
EdgeColorOff
 70
    22
177
     3
291
     1
 70
    58
 90
        2
176
     0
 90
        2
176
     0
 90
        0
176
     0
 90
        0
176
     0
 40
0.6
176
     0
 40
30.0
176
     0
 62
     7
420
 16777215
176
     0
 90
        1
176
     0
 90
        4
176
     0
 62
     7
176
     0
 62
   257
176
     0
 90
        1
176
     0
 90
        1
176
     0
 40
1.0
176
     0
 90
        8
176
     2
 62
     7
176
     0
 40
1.0
176
     0
 90
        1
176
     0
 90
        6
176
     0
 90
        2
176
     0
 62
     7
176
     0
 90
        5
176
     0
 90
        0
176
     0
 90
        0
176
     0
290
     0
176
     0
 90
        1
176
     0
 40
0.0
176
     0
 90
        0
176
     0
290
     0
176
     1
290
     1
176
     1
290
     1
176
     1
290
     0
176
     1
290
     0
176
     1
290
     0
176
     1
290
     0
176
     1
290
     0
176
     1
290
     0
176
     1
 90
       50
176
     1
 40
0.0
176
     1
 40
1.0
176
     1
 90
        0
176
     1
 62
    18
420
        0
176
     1
 90
       50
176
     1
 90
        3
176
     1
 62
     5
420
      255
176
     1
290
     0
176
     1
 90
       50
176
     1
 90
       50
176
     1
 90
       50
176
     1
290
     0
176
     1
 90
       50
176
     1
 62
   256
176
     0
 40
1.0
176
     0
 90
        2
176
     1
  1
strokes_ogs.tif
176
     1
290
     0
176
     1
 40
1.0
176
     1
 40
1.0
176
     1
  0
VISUALSTYLE
  5
FE
102
{ACAD_REACTORS
330
EF
102
}
330
EF
100
AcDbVisualStyle
  2
Facepattern
 70
    15
177
     3
291
     1
 70
    58
 90
        2
176
     1
 90
        2
176
     1
 90
        1
176
     1
 90
        0
176
     1
 40
0.6
176
     1
 40
30.0
176
     1
 62
     7
420
 16777215
176
     1
 90
        1
176
     1
 90
        4
176
     1
 62
     7
176
     1
 62
   257
176
     1
 90
        1
176
     1
 90
        1
176
     1
 40
1.0
176
     1
 90
        8
176
     1
 62
     7
176
     1
 40
1.0
176
     1
 90
        1
176
     1
 90
        6
176
     1
 90
        2
176
     1
 62
     7
176
     1
 90
        5
176
     1
 90
        0
176
     1
 90
        0
176
     1
290
     0
176
     1
 90
        1
176
     1
 40
0.0
176
     1
 90
        0
176
     1
290
     0
176
     1
290
     1
176
     1
290
     1
176
     1
290
     0
176
     1
290
     0
176
     1
290
     0
176
     1
290
     0
176
     1
290
     0
176
     1
290
     0
176
     1
 90
       50
176
     1
 40
0.0
176
     1
 40
1.0
176
     1
 90
        0
176
     1
 62
    18
420
        0
176
     1
 90
       50
176
     1
 90
        3
176
     1
 62
     5
420
      255
176
     1
290
     0
176
     1
 90
       50
176
     1
 90
       50
176
     1
 90
       50
176
     1
290
     0
176
     1
 90
       50
176
     1
 62
   256
176
     0
 40
1.0
176
     0
 90
        2
176
     1
  1
strokes_ogs.tif
176
     1
290
     0
176
     1
 40
1.0
176
     1
 40
1.0
176
     1
  0
VISUALSTYLE
  5
F0
102
{ACAD_REACTORS
330
EF
102
}
330
EF
100
AcDbVisualStyle
  2
Flat
 70
     0
177
     3
291
     1
 70
    58
 90
        2
176
     1
 90
        1
176
     1
 90
        1
176
     1
 90
        2
176
     1
 40
0.6
176
     1
 40
30.0
176
     1
 62
     7
420
 16777215
176
     1
 90
        0
176
     1
 90
        0
176
     1
 62
     7
176
     1
 62
   257
176
     1
 90
        1
176
     1
 90
        1
176
     1
 40
1.0
176
     1
 90
        8
176
     1
 62
     7
176
     1
 40
1.0
176
     1
 90
        1
176
     1
 90
        6
176
     1
 90
        2
176
     1
 62
     7
176
     1
 90
        5
176
     1
 90
        0
176
     1
 90
        0
176
     1
290
     0
176
     1
 90
       13
176
     1
 40
0.0
176
     1
 90
        0
176
     1
290
     0
176
     1
290
     1
176
     1
290
     1
176
     1
290
     0
176
     1
290
     0
176
     1
290
     0
176
     1
290
     0
176
     1
290
     0
176
     1
290
     0
176
     1
 90
       50
176
     1
 40
0.0
176
     1
 40
1.0
176
     1
 90
        0
176
     1
 62
    18
420
        0
176
     1
 90
       50
176
     1
 90
        3
176
     1
 62
     5
420
      255
176
     1
290
     0
176
     1
 90
       50
176
     1
 90
       50
176
     1
 90
       50
176
     1
290
     0
176
     1
 90
       50
176
     1
 62
   256
176
     0
 40
1.0
176
     0
 90
        2
176
     1
  1
strokes_ogs.tif
176
     1
290
     0
176
     1
 40
1.0
176
     1
 40
1.0
176
     1
  0
VISUALSTYLE
  5
F1
102
{ACAD_REACTORS
330
EF
102
}
330
EF
100
AcDbVisualStyle
  2
FlatWithEdges
 70
     1
177
     3
291
     1
 70
    58
 90
        2
176
     1
 90
        1
176
     1
 90
        1
176
     1
 90
        2
176
     1
 40
0.6
176
     1
 40
30.0
176
     1
 62
     7
420
 16777215
176
     1
 90
        1
176
     1
 90
        0
176
     1
 62
     7
176
     1
 62
   257
176
     1
 90
        1
176
     1
 90
        1
176
     1
 40
1.0
176
     1
 90
        0
176
     1
 62
   257
176
     1
 40
1.0
176
     1
 90
        1
176
     1
 90
        6
176
     1
 90
        2
176
     1
 62
     7
176
     1
 90
        5
176
     1
 90
        0
176
     1
 90
        0
176
     1
290
     0
176
     1
 90
       13
176
     1
 40
0.0
176
     1
 90
        0
176
     1
290
     0
176
     1
290
     1
176
     1
290
     1
176
     1
290
     0
176
     1
290
     0
176
     1
290
     0
176
     1
290
     0
176
     1
290
     0
176
     1
290
     0
176
     1
 90
       50
176
     1
 40
0.0
176
     1
 40
1.0
176
     1
 90
        0
176
     1
 62
    18
420
        0
176
     1
 90
       50
176
     1
 90
        3
176
     1
 62
     5
420
      255
176
     1
290
     0
176
     1
 90
       50
176
     1
 90
       50
176
     1
 90
       50
176
     1
290
     0
176
     1
 90
       50
176
     1
 62
   256
176
     0
 40
1.0
176
     0
 90
        2
176
     1
  1
strokes_ogs.tif
176
     1
290
     0
176
     1
 40
1.0
176
     1
 40
1.0
176
     1
  0
VISUALSTYLE
  5
F2
102
{ACAD_REACTORS
330
EF
102
}
330
EF
100
AcDbVisualStyle
  2
Gouraud
 70
     2
177
     3
291
     1
 70
    58
 90
        2
176
     1
 90
        2
176
     1
 90
        1
176
     1
 90
        2
176
     1
 40
0.6
176
     1
 40
30.0
176
     1
 62
     7
420
 16777215
176
     1
 90
        0
176
     1
 90
        0
176
     1
 62
     7
176
     1
 62
   257
176
     1
 90
        1
176
     1
 90
        1
176
     1
 40
1.0
176
     1
 90
        0
176
     1
 62
     7
176
     1
 40
1.0
176
     1
 90
        1
176
     1
 90
        6
176
     1
 90
        2
176
     1
 62
     7
176
     1
 90
        5
176
     1
 90
        0
176
     1
 90
        0
176
     1
290
     0
176
     1
 90
       13
176
     1
 40
0.0
176
     1
 90
        0
176
     1
290
     0
176
     1
290
     1
176
     1
290
     1
176
     1
290
     0
176
     1
290
     0
176
     1
290
     0
176
     1
290
     0
176
     1
290
     0
176
     1
290
     0
176
     1
 90
       50
176
     1
 40
0.0
176
     1
 40
1.0
176
     1
 90
        0
176
     1
 62
    18
420
        0
176
     1
 90
       50
176
     1
 90
        3
176
     1
 62
     5
420
      255
176
     1
290
     0
176
     1
 90
       50
176
     1
 90
       50
176
     1
 90
       50
176
     1
290
     0
176
     1
 90
       50
176
     1
 62
   256
176
     0
 40
1.0
176
     0
 90
        2
176
     1
  1
strokes_ogs.tif
176
     1
290
     0
176
     1
 40
1.0
176
     1
 40
1.0
176
     1
  0
VISUALSTYLE
  5
F3
102
{ACAD_REACTORS
330
EF
102
}
330
EF
100
AcDbVisualStyle
  2
GouraudWithEdges
 70
     3
177
     3
291
     1
 70
    58
 90
        2
176
     1
 90
        2
176
     1
 90
        1
176
     1
 90
        2
176
     1
 40
0.6
176
     1
 40
30.0
176
     1
 62
     7
420
 16777215
176
     1
 90
        1
176
     1
 90
        0
176
     1
 62
     7
176
     1
 62
   257
176
     1
 90
        1
176
     1
 90
        1
176
     1
 40
1.0
176
     1
 90
        0
176
     1
 62
   257
176
     1
 40
1.0
176
     1
 90
        1
176
     1
 90
        6
176
     1
 90
        2
176
     1
 62
     7
176
     1
 90
        5
176
     1
 90
        0
176
     1
 90
        0
176
     1
290
     0
176
     1
 90
       13
176
     1
 40
0.0
176
     1
 90
        0
176
     1
290
     0
176
     1
290
     1
176
     1
290
     1
176
     1
290
     0
176
     1
290
     0
176
     1
290
     0
176
     1
290
     0
176
     1
290
     0
176
     1
290
     0
176
     1
 90
       50
176
     1
 40
0.0
176
     1
 40
1.0
176
     1
 90
        0
176
     1
 62
    18
420
        0
176
     1
 90
       50
176
     1
 90
        3
176
     1
 62
     5
420
      255
176
     1
290
     0
176
     1
 90
       50
176
     1
 90
       50
176
     1
 90
       50
176
     1
290
     0
176
     1
 90
       50
176
     1
 62
   256
176
     0
 40
1.0
176
     0
 90
        2
176
     1
  1
strokes_ogs.tif
176
     1
290
     0
176
     1
 40
1.0
176
     1
 40
1.0
176
     1
  0
VISUALSTYLE
  5
F7
102
{ACAD_REACTORS
330
EF
102
}
330
EF
100
AcDbVisualStyle
  2
Hidden
 70
     6
177
     3
291
     0
 70
    58
 90
        1
176
     1
 90
        2
176
     1
 90
        2
176
     1
 90
        0
176
     1
 40
0.6
176
     1
 40
30.0
176
     1
 62
     7
420
 16777215
176
     1
 90
        2
176
     1
 90
        2
176
     1
 62
     7
176
     1
 62
   257
176
     1
 90
        2
176
     1
 90
        1
176
     1
 40
40.0
176
     1
 90
        0
176
     1
 62
   257
176
     1
 40
1.0
176
     1
 90
        1
176
     1
 90
        6
176
     1
 90
        2
176
     1
 62
     7
176
     1
 90
        3
176
     1
 90
        0
176
     1
 90
        0
176
     1
290
     0
176
     1
 90
        1
176
     1
 40
0.0
176
     1
 90
        0
176
     1
290
     0
176
     1
290
     1
176
     1
290
     1
176
     1
290
     0
176
     1
290
     0
176
     1
290
     0
176
     1
290
     0
176
     1
290
     0
176
     1
290
     0
176
     1
 90
       50
176
     1
 40
0.0
176
     1
 40
1.0
176
     1
 90
        0
176
     1
 62
    18
420
        0
176
     1
 90
       50
176
     1
 90
        3
176
     1
 62
     5
420
      255
176
     1
290
     0
176
     1
 90
       50
176
     1
 90
       50
176
     1
 90
       50
176
     1
290
     0
176
     1
 90
       50
176
     1
 62
   256
176
     0
 40
1.0
176
     0
 90
        2
176
     1
  1
strokes_ogs.tif
176
     1
290
     0
176
     1
 40
1.0
176
     1
 40
1.0
176
     1
  0
VISUALSTYLE
  5
1E4
102
{ACAD_REACTORS
330
EF
102
}
330
EF
100
AcDbVisualStyle
  2
JitterOff
 70
    20
177
     3
291
     1
 70
    58
 90
        2
176
     0
 90
        2
176
     0
 90
        0
176
     0
 90
        0
176
     0
 40
0.6
176
     0
 40
30.0
176
     0
 62
     7
420
 16777215
176
     0
 90
        1
176
     0
 90
        4
176
     0
 62
     7
176
     0
 62
   257
176
     0
 90
        1
176
     0
 90
        1
176
     0
 40
1.0
176
     0
 90
       10
176
     2
 62
     7
176
     0
 40
1.0
176
     0
 90
        1
176
     0
 90
        6
176
     0
 90
        2
176
     0
 62
     7
176
     0
 90
        5
176
     0
 90
        0
176
     0
 90
        0
176
     0
290
     0
176
     0
 90
        1
176
     0
 40
0.0
176
     0
 90
        0
176
     0
290
     0
176
     1
290
     1
176
     1
290
     1
176
     1
290
     0
176
     1
290
     0
176
     1
290
     0
176
     1
290
     0
176
     1
290
     0
176
     1
290
     0
176
     1
 90
       50
176
     1
 40
0.0
176
     1
 40
1.0
176
     1
 90
        0
176
     1
 62
    18
420
        0
176
     1
 90
       50
176
     1
 90
        3
176
     1
 62
     5
420
      255
176
     1
290
     0
176
     1
 90
       50
176
     1
 90
       50
176
     1
 90
       50
176
     1
290
     0
176
     1
 90
       50
176
     1
 62
   256
176
     0
 40
1.0
176
     0
 90
        2
176
     1
  1
strokes_ogs.tif
176
     1
290
     0
176
     1
 40
1.0
176
     1
 40
1.0
176
     1
  0
VISUALSTYLE
  5
FD
102
{ACAD_REACTORS
330
EF
102
}
330
EF
100
AcDbVisualStyle
  2
Linepattern
 70
    14
177
     3
291
     1
 70
    58
 90
        2
176
     1
 90
        2
176
     1
 90
        1
176
     1
 90
        0
176
     1
 40
0.6
176
     1
 40
30.0
176
     1
 62
     7
420
 16777215
176
     1
 90
        1
176
     1
 90
        4
176
     1
 62
     7
176
     1
 62
   257
176
     1
 90
        7
176
     1
 90
        7
176
     1
 40
1.0
176
     1
 90
        8
176
     1
 62
     7
176
     1
 40
1.0
176
     1
 90
        1
176
     1
 90
        6
176
     1
 90
        2
176
     1
 62
     7
176
     1
 90
        5
176
     1
 90
        0
176
     1
 90
        0
176
     1
290
     0
176
     1
 90
        1
176
     1
 40
0.0
176
     1
 90
        0
176
     1
290
     0
176
     1
290
     1
176
     1
290
     1
176
     1
290
     0
176
     1
290
     0
176
     1
290
     0
176
     1
290
     0
176
     1
290
     0
176
     1
290
     0
176
     1
 90
       50
176
     1
 40
0.0
176
     1
 40
1.0
176
     1
 90
        0
176
     1
 62
    18
420
        0
176
     1
 90
       50
176
     1
 90
        3
176
     1
 62
     5
420
      255
176
     1
290
     0
176
     1
 90
       50
176
     1
 90
       50
176
     1
 90
       50
176
     1
290
     0
176
     1
 90
       50
176
     1
 62
   256
176
     0
 40
1.0
176
     0
 90
        2
176
     1
  1
strokes_ogs.tif
176
     1
290
     0
176
     1
 40
1.0
176
     1
 40
1.0
176
     1
  0
VISUALSTYLE
  5
1E5
102
{ACAD_REACTORS
330
EF
102
}
330
EF
100
AcDbVisualStyle
  2
OverhangOff
 70
    21
177
     3
291
     1
 70
    58
 90
        2
176
     0
 90
        2
176
     0
 90
        0
176
     0
 90
        0
176
     0
 40
0.6
176
     0
 40
30.0
176
     0
 62
     7
420
 16777215
176
     0
 90
        1
176
     0
 90
        4
176
     0
 62
     7
176
     0
 62
   257
176
     0
 90
        1
176
     0
 90
        1
176
     0
 40
1.0
176
     0
 90
        9
176
     2
 62
     7
176
     0
 40
1.0
176
     0
 90
        1
176
     0
 90
        6
176
     0
 90
        2
176
     0
 62
     7
176
     0
 90
        5
176
     0
 90
        0
176
     0
 90
        0
176
     0
290
     0
176
     0
 90
        1
176
     0
 40
0.0
176
     0
 90
        0
176
     0
290
     0
176
     1
290
     1
176
     1
290
     1
176
     1
290
     0
176
     1
290
     0
176
     1
290
     0
176
     1
290
     0
176
     1
290
     0
176
     1
290
     0
176
     1
 90
       50
176
     1
 40
0.0
176
     1
 40
1.0
176
     1
 90
        0
176
     1
 62
    18
420
        0
176
     1
 90
       50
176
     1
 90
        3
176
     1
 62
     5
420
      255
176
     1
290
     0
176
     1
 90
       50
176
     1
 90
       50
176
     1
 90
       50
176
     1
290
     0
176
     1
 90
       50
176
     1
 62
   256
176
     0
 40
1.0
176
     0
 90
        2
176
     1
  1
strokes_ogs.tif
176
     1
290
     0
176
     1
 40
1.0
176
     1
 40
1.0
176
     1
  0
VISUALSTYLE
  5
F9
102
{ACAD_REACTORS
330
EF
102
}
330
EF
100
AcDbVisualStyle
  2
Realistic
 70
     8
177
     3
291
     0
 70
    58
 90
        2
176
     1
 90
        3
176
     1
 90
        0
176
     1
 90
        2
176
     1
 40
0.6
176
     1
 40
30.0
176
     1
 62
     7
420
 16777215
176
     1
 90
        0
176
     1
 90
        0
176
     1
 62
     7
176
     1
 62
   257
176
     1
 90
        1
176
     1
 90
        1
176
     1
 40
1.0
176
     1
 90
        8
176
     1
 62
   257
176
     1
 40
1.0
176
     1
 90
        1
176
     1
 90
        6
176
     1
 90
        2
176
     1
 62
     7
176
     1
 90
        3
176
     1
 90
        0
176
     1
 90
        0
176
     1
290
     0
176
     1
 90
       13
176
     1
 40
0.0
176
     1
 90
        0
176
     1
290
     0
176
     1
290
     1
176
     1
290
     1
176
     1
290
     0
176
     1
290
     0
176
     1
290
     0
176
     1
290
     0
176
     1
290
     0
176
     1
290
     0
176
     1
 90
       50
176
     1
 40
0.0
176
     1
 40
1.0
176
     1
 90
        0
176
     1
 62
    18
420
        0
176
     1
 90
       50
176
     1
 90
        3
176
     1
 62
     5
420
      255
176
     1
290
     0
176
     1
 90
       50
176
     1
 90
       50
176
     1
 90
       50
176
     1
290
     0
176
     1
 90
       50
176
     1
 62
   256
176
     0
 40
1.0
176
     0
 90
        2
176
     1
  1
strokes_ogs.tif
176
     1
290
     0
176
     1
 40
1.0
176
     1
 40
1.0
176
     1
  0
VISUALSTYLE
  5
1F3
102
{ACAD_REACTORS
330
EF
102
}
330
EF
100
AcDbVisualStyle
  2
Shaded
 70
    27
177
     3
291
     0
 70
    58
 90
        2
176
     1
 90
        2
176
     1
 90
        1
176
     1
 90
        2
176
     1
 40
0.6
176
     1
 40
30.0
176
     1
 62
     7
420
 16777215
176
     1
 90
        0
176
     1
 90
        4
176
     1
 62
     7
176
     1
 62
   257
176
     1
 90
        1
176
     1
 90
        1
176
     1
 40
1.0
176
     1
 90
        8
176
     1
 62
   257
176
     1
 40
1.0
176
     1
 90
        1
176
     1
 90
        6
176
     1
 90
        2
176
     1
 62
     8
420
  7895160
176
     1
 90
        3
176
     1
 90
        0
176
     1
 90
        0
176
     1
290
     0
176
     1
 90
        5
176
     1
 40
0.0
176
     1
 90
        0
176
     1
290
     0
176
     1
290
     1
176
     1
290
     1
176
     1
290
     0
176
     1
290
     0
176
     1
290
     0
176
     1
290
     0
176
     1
290
     0
176
     1
290
     0
176
     1
 90
       50
176
     1
 40
0.0
176
     1
 40
1.0
176
     1
 90
        0
176
     1
 62
    18
420
        0
176
     1
 90
       50
176
     1
 90
        3
176
     1
 62
     5
420
      255
176
     1
290
     0
176
     1
 90
       50
176
     1
 90
       50
176
     1
 90
       50
176
     1
290
     0
176
     1
 90
       50
176
     1
 62
   256
176
     0
 40
1.0
176
     0
 90
        2
176
     1
  1
strokes_ogs.tif
176
     1
290
     0
176
     1
 40
1.0
176
     1
 40
1.0
176
     1
  0
VISUALSTYLE
  5
1F2
102
{ACAD_REACTORS
330
EF
102
}
330
EF
100
AcDbVisualStyle
  2
Shaded with edges
 70
    26
177
     3
291
     0
 70
    58
 90
        2
176
     1
 90
        2
176
     1
 90
        1
176
     1
 90
        2
176
     1
 40
0.6
176
     1
 40
30.0
176
     1
 62
     7
420
 16777215
176
     1
 90
        1
176
     1
 90
        2
176
     1
 62
     7
176
     1
 62
   257
176
     1
 90
        2
176
     1
 90
        1
176
     1
 40
1.0
176
     1
 90
        8
176
     1
 62
   257
176
     1
 40
1.0
176
     1
 90
        1
176
     1
 90
        6
176
     1
 90
        2
176
     1
 62
     7
176
     1
 90
        3
176
     1
 90
        0
176
     1
 90
        0
176
     1
290
     0
176
     1
 90
        5
176
     1
 40
0.0
176
     1
 90
        0
176
     1
290
     0
176
     1
290
     1
176
     1
290
     1
176
     1
290
     0
176
     1
290
     0
176
     1
290
     0
176
     1
290
     0
176
     1
290
     0
176
     1
290
     0
176
     1
 90
       50
176
     1
 40
0.0
176
     1
 40
1.0
176
     1
 90
        0
176
     1
 62
    18
420
        0
176
     1
 90
       50
176
     1
 90
        3
176
     1
 62
     5
420
      255
176
     1
290
     0
176
     1
 90
       50
176
     1
 90
       50
176
     1
 90
       50
176
     1
290
     0
176
     1
 90
       50
176
     1
 62
   256
176
     0
 40
1.0
176
     0
 90
        2
176
     1
  1
strokes_ogs.tif
176
     1
290
     0
176
     1
 40
1.0
176
     1
 40
1.0
176
     1
  0
VISUALSTYLE
  5
1EF
102
{ACAD_REACTORS
330
EF
102
}
330
EF
100
AcDbVisualStyle
  2
Shades of Gray
 70
    23
177
     3
291
     0
 70
    58
 90
        2
176
     1
 90
        2
176
     1
 90
        3
176
     1
 90
        0
176
     1
 40
0.6
176
     1
 40
30.0
176
     1
 62
     7
420
 16777215
176
     1
 90
        2
176
     1
 90
        2
176
     1
 62
     7
176
     1
 62
     7
176
     1
 90
        1
176
     1
 90
        1
176
     1
 40
40.0
176
     1
 90
        8
176
     1
 62
     7
176
     1
 40
1.0
176
     1
 90
        1
176
     1
 90
        6
176
     1
 90
        2
176
     1
 62
     7
176
     1
 90
        3
176
     1
 90
        0
176
     1
 90
        0
176
     1
290
     0
176
     1
 90
        1
176
     1
 40
0.0
176
     1
 90
        0
176
     1
290
     0
176
     1
290
     1
176
     1
290
     1
176
     1
290
     0
176
     1
290
     0
176
     1
290
     0
176
     1
290
     0
176
     1
290
     0
176
     1
290
     0
176
     1
 90
       50
176
     1
 40
0.0
176
     1
 40
1.0
176
     1
 90
        0
176
     1
 62
    18
420
        0
176
     1
 90
       50
176
     1
 90
        3
176
     1
 62
     5
420
      255
176
     1
290
     0
176
     1
 90
       50
176
     1
 90
       50
176
     1
 90
       50
176
     1
290
     0
176
     1
 90
       50
176
     1
 62
   256
176
     0
 40
1.0
176
     0
 90
        2
176
     1
  1
strokes_ogs.tif
176
     1
290
     0
176
     1
 40
1.0
176
     1
 40
1.0
176
     1
  0
VISUALSTYLE
  5
1F0
102
{ACAD_REACTORS
330
EF
102
}
330
EF
100
AcDbVisualStyle
  2
Sketchy
 70
    24
177
     3
291
     0
 70
    58
 90
        1
176
     1
 90
        2
176
     1
 90
        2
176
     1
 90
        0
176
     1
 40
0.6
176
     1
 40
30.0
176
     1
 62
     7
420
 16777215
176
     1
 90
        2
176
     1
 90
        2
176
     1
 62
     7
176
     1
 62
     7
176
     1
 90
        1
176
     1
 90
        1
176
     1
 40
40.0
176
     1
 90
       11
176
     1
 62
     7
176
     1
 40
1.0
176
     1
 90
        1
176
     1
 90
        6
176
     1
 90
        2
176
     1
 62
     7
176
     1
 90
        6
176
     1
 90
        0
176
     1
 90
        0
176
     1
290
     0
176
     1
 90
        1
176
     1
 40
0.0
176
     1
 90
        0
176
     1
290
     0
176
     1
290
     1
176
     1
290
     1
176
     1
290
     0
176
     1
290
     0
176
     1
290
     0
176
     1
290
     0
176
     1
290
     0
176
     1
290
     0
176
     1
 90
       50
176
     1
 40
0.0
176
     1
 40
1.0
176
     1
 90
        0
176
     1
 62
    18
420
        0
176
     1
 90
       50
176
     1
 90
        3
176
     1
 62
     5
420
      255
176
     1
290
     0
176
     1
 90
       50
176
     1
 90
       50
176
     1
 90
       50
176
     1
290
     0
176
     1
 90
       50
176
     1
 62
   256
176
     0
 40
1.0
176
     0
 90
        2
176
     1
  1
strokes_ogs.tif
176
     1
290
     0
176
     1
 40
1.0
176
     1
 40
1.0
176
     1
  0
VISUALSTYLE
  5
FC
102
{ACAD_REACTORS
330
EF
102
}
330
EF
100
AcDbVisualStyle
  2
Thicken
 70
    13
177
     3
291
     1
 70
    58
 90
        2
176
     1
 90
        2
176
     1
 90
        1
176
     1
 90
        0
176
     1
 40
0.6
176
     1
 40
30.0
176
     1
 62
     7
420
 16777215
176
     1
 90
        1
176
     1
 90
        4
176
     1
 62
     7
176
     1
 62
   257
176
     1
 90
        1
176
     1
 90
        1
176
     1
 40
1.0
176
     1
 90
       12
176
     1
 62
     7
176
     1
 40
1.0
176
     1
 90
        1
176
     1
 90
        6
176
     1
 90
        2
176
     1
 62
     7
176
     1
 90
        5
176
     1
 90
        0
176
     1
 90
        0
176
     1
290
     0
176
     1
 90
        1
176
     1
 40
0.0
176
     1
 90
        0
176
     1
290
     0
176
     1
290
     1
176
     1
290
     1
176
     1
290
     0
176
     1
290
     0
176
     1
290
     0
176
     1
290
     0
176
     1
290
     0
176
     1
290
     0
176
     1
 90
       50
176
     1
 40
0.0
176
     1
 40
1.0
176
     1
 90
        0
176
     1
 62
    18
420
        0
176
     1
 90
       50
176
     1
 90
        3
176
     1
 62
     5
420
      255
176
     1
290
     0
176
     1
 90
       50
176
     1
 90
       50
176
     1
 90
       50
176
     1
290
     0
176
     1
 90
       50
176
     1
 62
   256
176
     0
 40
1.0
176
     0
 90
        2
176
     1
  1
strokes_ogs.tif
176
     1
290
     0
176
     1
 40
1.0
176
     1
 40
1.0
176
     1
  0
VISUALSTYLE
  5
F6
102
{ACAD_REACTORS
330
EF
102
}
330
EF
100
AcDbVisualStyle
  2
Wireframe
 70
     5
177
     3
291
     0
 70
    58
 90
        0
176
     1
 90
        2
176
     1
 90
        0
176
     1
 90
        0
176
     1
 40
0.6
176
     1
 40
30.0
176
     1
 62
     7
420
 16777215
176
     1
 90
        1
176
     1
 90
        4
176
     1
 62
     7
176
     1
 62
   257
176
     1
 90
        1
176
     1
 90
        1
176
     1
 40
1.0
176
     1
 90
        0
176
     1
 62
   257
176
     1
 40
1.0
176
     1
 90
        1
176
     1
 90
        6
176
     1
 90
        2
176
     1
 62
     7
176
     1
 90
        3
176
     1
 90
        0
176
     1
 90
        0
176
     1
290
     0
176
     1
 90
        1
176
     1
 40
0.0
176
     1
 90
        0
176
     1
290
     0
176
     1
290
     1
176
     1
290
     1
176
     1
290
     0
176
     1
290
     0
176
     1
290
     0
176
     1
290
     0
176
     1
290
     0
176
     1
290
     0
176
     1
 90
       50
176
     1
 40
0.0
176
     1
 40
1.0
176
     1
 90
        0
176
     1
 62
    18
420
        0
176
     1
 90
       50
176
     1
 90
        3
176
     1
 62
     5
420
      255
176
     1
290
     0
176
     1
 90
       50
176
     1
 90
       50
176
     1
 90
       50
176
     1
290
     0
176
     1
 90
       50
176
     1
 62
   256
176
     0
 40
1.0
176
     0
 90
        2
176
     1
  1
strokes_ogs.tif
176
     1
290
     0
176
     1
 40
1.0
176
     1
 40
1.0
176
     1
  0
VISUALSTYLE
  5
1F1
102
{ACAD_REACTORS
330
EF
102
}
330
EF
100
AcDbVisualStyle
  2
X-Ray
 70
    25
177
     3
291
     0
 70
    58
 90
        2
176
     1
 90
        2
176
     1
 90
        1
176
     1
 90
        1
176
     1
 40
0.5
176
     1
 40
30.0
176
     1
 62
     7
420
 16777215
176
     1
 90
        1
176
     1
 90
        0
176
     1
 62
     7
176
     1
 62
   257
176
     1
 90
        1
176
     1
 90
        1
176
     1
 40
1.0
176
     1
 90
        8
176
     1
 62
     7
176
     1
 40
1.0
176
     1
 90
        1
176
     1
 90
        6
176
     1
 90
        2
176
     1
 62
     7
176
     1
 90
        3
176
     1
 90
        0
176
     1
 90
        0
176
     1
290
     0
176
     1
 90
       13
176
     1
 40
0.0
176
     1
 90
        0
176
     1
290
     0
176
     1
290
     1
176
     1
290
     1
176
     1
290
     0
176
     1
290
     0
176
     1
290
     0
176
     1
290
     0
176
     1
290
     0
176
     1
290
     0
176
     1
 90
       50
176
     1
 40
0.0
176
     1
 40
1.0
176
     1
 90
        0
176
     1
 62
    18
420
        0
176
     1
 90
       50
176
     1
 90
        3
176
     1
 62
     5
420
      255
176
     1
290
     0
176
     1
 90
       50
176
     1
 90
       50
176
     1
 90
       50
176
     1
290
     0
176
     1
 90
       50
176
     1
 62
   256
176
     0
 40
1.0
176
     0
 90
        2
176
     1
  1
strokes_ogs.tif
176
     1
290
     0
176
     1
 40
1.0
176
     1
 40
1.0
176
     1
  0
DICTIONARYVAR
  5
146
102
{ACAD_REACTORS
330
5E
102
}
330
5E
100
DictionaryVariables
280
     0
  1
1:1
  0
DICTIONARYVAR
  5
145
102
{ACAD_REACTORS
330
5E
102
}
330
5E
100
DictionaryVariables
280
     0
  1
Standard
  0
DICTIONARYVAR
  5
84
102
{ACAD_REACTORS
330
5E
102
}
330
5E
100
DictionaryVariables
280
     0
  1
Standard
  0
DICTIONARYVAR
  5
227
102
{ACAD_REACTORS
330
5E
102
}
330
5E
100
DictionaryVariables
280
     0
  1
Metric50
  0
DICTIONARYVAR
  5
228
102
{ACAD_REACTORS
330
5E
102
}
330
5E
100
DictionaryVariables
280
     0
  1
Metric50
  0
DICTIONARYVAR
  5
5F
102
{ACAD_REACTORS
330
5E
102
}
330
5E
100
DictionaryVariables
280
     0
  1
2
  0
DICTIONARYVAR
  5
63
102
{ACAD_REACTORS
330
5E
102
}
330
5E
100
DictionaryVariables
280
     0
  1
1
  0
DICTIONARYVAR
  5
1AE
102
{ACAD_REACTORS
330
5E
102
}
330
5E
100
DictionaryVariables
280
     0
  1
0
  0
DICTIONARYVAR
  5
1AF
102
{ACAD_REACTORS
330
5E
102
}
330
5E
100
DictionaryVariables
280
     0
  1
0
  0
DICTIONARY
  5
205
330
22
100
AcDbDictionary
280
     1
281
     1
  0
DICTIONARY
  5
1F9
330
ED
100
AcDbDictionary
280
     1
281
     1
  3
FBXASSET
360
1FA
  0
DICTIONARY
  5
1F7
330
EC
100
AcDbDictionary
280
     1
281
     1
  3
FBXASSET
360
1F8
  0
DICTIONARY
  5
173
330
EE
100
AcDbDictionary
280
     1
281
     1
  3
FBXASSET
360
1FB
  0
DICTIONARY
  5
E11
330
7F
100
AcDbDictionary
280
     1
281
     1
  3
ACAD_ROUNDTRIP_2008_TABLESTYLE_CELLSTYLEMAP
360
E12
  0
XRECORD
  5
1FA
102
{ACAD_REACTORS
330
1F9
102
}
330
1F9
100
AcDbXrecord
280
     1
 70
     1
 90
429727718
  1
D62C5603-E3A1-4AEA-B7FB-FE5D8D0755AF
310
504B03040A0000080000CC70623B3DEE336E79000000790000001B0000006175746F6465736B2D64657369676E2D7061636B6167652E786D6C3C3F786D6C2076657273696F6E3D22312E302220656E636F64696E673D227574662D3822203F3E3C666F726D6174733E3C666F726D61743E687474703A2F2F736368656D612E
310
6175746F6465736B2E636F6D2F64657369676E2D7061636B6167652F323030393C2F666F726D61743E3C2F666F726D6174733E504B0304140006080800CC70623BD486FD9CA0000000F4000000130000005B436F6E74656E745F54797065735D2E786D6C7D8EC10E82300C865F65E91D8A1E8C310C0EEA1BF002731658846E
310
D98AC1B77784ABF1D8FE5FBFBF75BBCE937A534CCEB38643598122B6FEE978D0B0485F9C41B54DDD7D022595594E1A469170414C76A4D9A4D207E29CF43ECE46F218070CC6BECC4078ACAA135ACF422C856C0E68EA1BF5669944DDD7BCDE7B1F8E415D77AECB980613C2E4AC91FC167A2B244592486606FC29C8FD7F045B9A
310
EF7053A7E60B504B0304140006080800CC70623B853B8169EB0000007C01000008000000636F72652E786D6C8D90416EC3201045AF62CDB6C206821CC7C244919D9CA01740401C94182C03558F5F9C3852BBEB6A467FFE9B197D7EFC9E1EC5975982F5AE035262288C535E5B377690E21535501C055FBC8FBF6C503839990E
310
5619041F179FE64D52DE45E362569DD7661365082642A11EB9E920A89B99642953CC8E702F67A9EE7234257977194EC9EAE275C4EABCCF5EAD5940D4AC6F0E35A568B8F43562CD7046CD199FD07E60174276A7BE677B5EADB0E0D14EEFFB6A31321A0D82627C4084204C3F096B71DD52F6819B16635EADF63F509AF53FA164
310
5DDCD1EDDD17164090FCC8732078B56691CB33A85CD7DCC40F504B0304140006080800CC70623B55019EA25F0000007C00000007000000636E782E786D6C4DCB3B0E80201045D1AD90E915ED2CF8AC45050C11660C8261F98AB1B07AC9C97D42D718D865D3E909258CFD00CCE24AC6E326A164D74DC0B4128928FF32603847
310
2BA13128B1252AC747C6BAB984FC68F0B87FE8960A5C09FE86CFB69FBA01504B0304140006080800CC70623BDBABAAF470010000D40300000C0000006662782F636F72652E786D6CC553D16E823014FD95A6AF4B694182CC941A83FA05FB810A9511A125A5257EFE2E82712ECEB8A7F100CD39F7F69E734AF9FADC366850B6
310
AF8DCE7018308C942E4C59EB2AC3DE1D498AD15A706B8CFB56869196ADCAF00863C12B6B7C374385D14E6907A836A59A41D9F7CA615434B0C8705F7CAA5606D23BA8E84F41278B93AC54100640439DE0BDB320004D43C63716C7C399D30917DCFBBA9CD9BA8469F5B156168B24CED3F7248AC8769F27244EB73B92EED8862C
310
B7F13E0C179B3C8F979C8ECD82BBBABDAA2BAC924E9558448CBD9330242CFA08E3154B5651FCC6D215639C8EE5774DBE2B5F6CF2B5768B68963BB5F5588420E442FC700B1139D4CB01F450C1E918227C2E09DF070D8140C84E1E9AAB8F1340832A9CB13130A5F1376A908D57309505ECF2A0DF179C4E9D30F5B239B87E3823
310
7A79C6F31DE1A8A5AEC08474B03C7837EAE4938639B44E5932B833D2C6B6B279CDC613877FA26EE21F4A2A4C63EC7F29A2F301D1F9F7A0E37D145F504B0304140006080800CC70623B9C113CC27E0000009D0000000B0000006662782F636E782E786D6C4DCCDF0A83201C86E15B91DFB94BFB330DD428C8FB886521330DA7
310
6397BF1A1DECE883878F57749FCDA1B7892F1BBC047A23808C7F84D9FA55424E0BE6803A256208E9EF06C84F9B91703228B1C690F78B66B34CD9A5439DF5CF0BFBF65E35BCA1B8D6A5C6F540381E886698B5741C695F9503EBA150A2F8958E3DC3EA0B504B0304140006080800CC70623B7DF2F77C2A010000120200003100
310
00006662782F41393633353835312D344632462D344230382D423046372D3739314545314133324237412F636F72652E786D6C8D51DB8EC22014FC15C2939B0D2DB4B45643319AE817EC0F6041255A68B86CFCFC856D4D76DF7CE190393373060EDB3DC707F856CE6B6B7A480A0C81328395DA5C7B18C3057510EC3873D686
310
3F34088C18550F330C39BB3A1BA7051AAC09CA84841A2BD5020AEF55806078A44B0FFD7053A328440C89E1EFC52486BBB8AA8214A99D789CF9E05200300FC927E4FB4D5B375D43103D5527440FB843077C5AA3F5861C8F645F5787F59E95B390B318B55CE45AA638FAA2957BD7248B390B7A7CC51F9C124149C82B8C378810
310
84AB2F42B7B8DD56F413775B8C5999E9FF4471926F8AA236A1AE96B8B3CC434E5839373893369E1FAF30EA395917409EB7F26AF8801C171837A4A6AC9C89E9F9C9B1A58BA30FD6A5EF5DDDCF894B9AD9B6A59C957943A9FCAE2FD5BC4DFE03504B0304140006080800CC70623BAD7543B64E01000033030000300000006662
310
782F41393633353835312D344632462D344230382D423046372D3739314545314133324237412F636E782E786D6CD593CD6EC32010845F0571AD6CE3D48AD20813A9873E410FBD12D82434182C7EAAE6EDBB2424CD25871E7B41D6EC30B3FA84F9E67BB2E40B4234DE8DB46F1925E094D7C6ED479AD3AE5951B2113C789FEE
310
6C943839C1488B4C05DF079FE72A69D8C96C13AAD6B8631503449F83828872B949AC57D26200B826A308D316B4064D6E46FCDA41C05550DC9E483A00797BFD207EFB092A45DE9514C1BBD22178396BD39D891265658C238DEA00936C654E5E433CB65A26D9F6EDB5EBC14EBF49A45CB856E66048291F6939A9A81BB5C89177
310
38143CA680F4AA299D66A042CEB3354A2684DC9D8D178FE0D9B8B41CAAD720F880EE7EF93C0C18769E099ECC04D5A102C8049A8A05632F4DDF376CF1DE0F6BB65C2F8627B65A33C6BB62177CEBBDAD973006829F89F22E814B54F4BC2BE347F8AA8F681390B50FA73F804400B5F542E796F19FF974E7F78DB802FE05E20750
310
4B0304140006080800CC70623BE75B7789680500003C100000340000006662782F41393633353835312D344632462D344230382D423046372D3739314545314133324237412F6F626A656374732E786D6CAD575B8F9B3818FD2B887D06C22499CB8AA1CA655245D5B455A356FB305264C061D8018C6C3393D95FBFC7600890
310
A4CD5EF210B0B1BFEBF98E3F7B1FF6596ABC522E1296DF9BAE3D320D9A872C4AF2F8DE2CE5CEBA358D0FBEC719939D65A691938CDE9B6ADAF4BD98B3B2D05311DD91329583D9D5FC0F438434A7A611A644887B5384CF34233629258BA878B12322891DEFF6B66BD70BFB62634E8AE781D082709A4B588AF91C528CDA28B73F
310
1C998EEF39EABBEFA97FBD6A7C7E9553F9D3D79FE442923C3C523610337627CB87ABE99D359D4CC6D6E4FACAB5E6ABF9D2726FC6A3C5F56271377BB88362213924694B38DD99FE47C48627A1E7D49F5A8BB5E1A74C0A599ED3B0F21F1E56366B89112D681E218F0915D0D6F17AD41FBA2A369DCF6335D62ABBD39779D5DDD1
310
11D4D8DE3CBB96B2E04FB8202E41051754A1AA8E8F76B4C6DFE810B580B1547F4B84911149794252234D024EF8BBE963A95AE27B3D310A9D5C215C7960FAEE415ED75694C6AFB17BCACA5D99A60A9AA65F217B0BFC53292ACB92BF283FAD0D3621576592CB5BED907C2FA8E9DF794E35E97BEA31BED21FEB401ABB94C44839
310
DCACBF0E1C5DA8DA5B2F4DFFD32AD86F543D9E565E7056502E157C00AD2671CD534549AB752FCA9CDA00677A313F04E51B22FF19E57B300579E3C97EB29F682D92935CEC18CF901B7B54FD8C51F362B56FC72FE0B3C1EAE335EDCCBF5AEC39ADB17DC238973F804BA5E6F6BFE7AF1FB32E523BE9F3BD571418E3631DCA4D48
310
5250CF639223210A9446CA30052EDF057BD35F8329C1ECD84552BF0DC8D18BE7BCE23BFE6BD960AB4A7DE79923A103BEBD80F911CBAA2C60DB19B01CF164A5583B772EE6D3FFA56666CBCDA74DC97724A48F9A58967497E489C4D979006FD7A05E227A1EBDD0F737C623387A9C844D3709995625106D157315F8B8392CD4E0
310
A0B9A720C4BE9829CEF37EA1E13111214D53925356365ADA634861B52519DD27A00AEB808EAF0628E6F435519D446F45CF2C9CF5214F0A15B2F6D06B79DA3EE3CBF7F56780D2F4E7EF73A0F5E5B02A38D07DC852C6B7C1FBB6664213E0C39E3EBA7FF4E1AD23EA2829407C85E586727488B751B2DB9502BC7B228A3FD68B6E
310
A65A22397E690AA8D158D7E404EC8CDA235CC3B7D1898680131CEC2CDF2638C65196279577750F15884AEE19F94199155B92B13297978469D4F8D358DF0AEF7631E28DC8F0D9F437D5D39A83B2231A1D52D543813A824EF8D44BCFF2FA6A31BD1E8DAD87F1CCB526B3879935BF59CDADD5C37479BB1CDD4CA7B3556B516589
310
EF352754B706114D9C885EC9131DE6EFEB43D99AFE2391C2F958179413D7CFEF6B1B6DB1E7600F00DE6E5C67454A339A4BA2E0FBA85ED26F045D454F463DBFCE484C2F90F2E5E3666003662ED8F755951A7D1BECD5B30B550B2785C8E7320B7292A4838DDA71BBC863ED7613CAF659337A3354231D4FF4A182A54904C2898C
310
98B28C4AD0CE056CCF332A80986E571EE9DBC305BB5FEB7E509220A58D25CF042D712A806AC0AD0C657FDEF80D2D9CEAA2EE4D1C76F60BFE74219A06527D6F82DF6412526107381E55E353090704D085B52408A8913C4ED159D79BDA71BB4BC506F4831350EB6F975CD22D69BF7AC49B91A2C0A9DDA3D5CA36AD20FC478E37
310
E61844E2352865EBCB61A275A65283CAAA9DD27703B4102F5AF51EF5F573B75CBB5AD38BC845F7A49F82A0966A49C2E3EA5EA0ECD326CD965F1DB402C6FA8B51A4658C5C5E2EC9E214602E55810345408596591009A82E7E7FFACA19EEA299B14A0081A705CB3296EBC14CDF658DCD336EA6D1136881AAEB87B81AB9EE53D5
310
F5EB8BC8362082DA24122F98680A4E7930C01A0079749CEA14382A0783E5EBA5A10F8C098456A03D6A4AEB6BB881E2513747552A5DB22C7EDAF83BD5528081A365F7FF06504B0304140006080000CC70623B000000000000000000000000350000006662782F41393633353835312D344632462D344230382D423046372D37
310
39314545314133324237412F76657274696365732E62696E504B0304140006080800CC70623BF270F1330600000004000000360000006662782F41393633353835312D344632462D344230382D423046372D3739314545314133324237412F747269616E676C65732E62696E636660600000504B0304140006080000CC7062
310
3B000000000000000000000000370000006662782F41393633353835312D344632462D344230382D423046372D3739314545314133324237412F617474726962757465732E62696E504B0304140006080800CC70623B08DA0BD19000000041010000360000006662782F41393633353835312D344632462D344230382D4230
310
46372D3739314545314133324237412F6469726563746F72792E786D6C858F410AC3201045AF22B36F53E9A60B35CBEEBAE80D244E44489C6234F4F835464A48035D0DF398FF9F8AF63D0E6CC63039F212F8F9020C7D47C6792B21C5FE7403D62A1188E2E60C98D7234A5830286103A55745067B9D86B8A3CF9C7F90C11DE6
310
07FB144396D7B6A82D282E9A152AD114D5EF2CB866EEE831B8EEA07A7BB5A8D7D61A2BAAEB7FD5F70921FF497D00504B0304140006080800CC70623BEDD1DC58FD000000A00100003B0000006662782F41393633353835312D344632462D344230382D423046372D3739314545314133324237412F7265736F75726365732F
310
636F72652E786D6C8D504B6E833010BD0A9A6D65B00922041947112427E8052C33A156828DFCA97AFC9A40A576D7CDCCE87D344F8F9FBFE667F689CE6B6B3A6039850C8DB2A336530731DC4903D95970676DF82583CCC8193B5861107C72362E3BA4AC096842428D1D7107A5F7182053CF7474E0D507CE32973124857FE48B
310
540F3961CEF244279DE03EB81420DB9EAC1384436FA353E879B1B182C7A8C75DA3C7F453DF353A1075D537A7BA6464B8F535A99AE14A9A2BBD90E350DD183B5CFABE3AF262350B1EF4FC9351399401471025A527C218A1E53BAB5A5AB765F5469B96525EACF23FA6B88CFF34456DC2A1DCE36E360F82A5202F42F062ED2BAD
310
579969AFDD8A6F504B010214000A0000080000CC70623B3DEE336E79000000790000001B00000000000000000000000000000000006175746F6465736B2D64657369676E2D7061636B6167652E786D6C504B01021400140006080800CC70623BD486FD9CA0000000F40000001300000000000000000000000000B20000005B
310
436F6E74656E745F54797065735D2E786D6C504B01021400140006080800CC70623B853B8169EB0000007C010000080000000000000000000000000083010000636F72652E786D6C504B01021400140006080800CC70623B55019EA25F0000007C000000070000000000000000000000000094020000636E782E786D6C504B
310
01021400140006080800CC70623BDBABAAF470010000D40300000C00000000000000000000000000180300006662782F636F72652E786D6C504B01021400140006080800CC70623B9C113CC27E0000009D0000000B00000000000000000000000000B20400006662782F636E782E786D6C504B01021400140006080800CC70
310
623B7DF2F77C2A010000120200003100000000000000000000000000590500006662782F41393633353835312D344632462D344230382D423046372D3739314545314133324237412F636F72652E786D6C504B01021400140006080800CC70623BAD7543B64E010000330300003000000000000000000000000000D2060000
310
6662782F41393633353835312D344632462D344230382D423046372D3739314545314133324237412F636E782E786D6C504B01021400140006080800CC70623BE75B7789680500003C10000034000000000000000000000000006E0800006662782F41393633353835312D344632462D344230382D423046372D3739314545
310
314133324237412F6F626A656374732E786D6C504B01021400140006080000CC70623B0000000000000000000000003500000000000000000000000000280E00006662782F41393633353835312D344632462D344230382D423046372D3739314545314133324237412F76657274696365732E62696E504B01021400140006
310
080800CC70623BF270F133060000000400000036000000000000000000000000007B0E00006662782F41393633353835312D344632462D344230382D423046372D3739314545314133324237412F747269616E676C65732E62696E504B01021400140006080000CC70623B0000000000000000000000003700000000000000
310
000000000000D50E00006662782F41393633353835312D344632462D344230382D423046372D3739314545314133324237412F617474726962757465732E62696E504B01021400140006080800CC70623B08DA0BD1900000004101000036000000000000000000000000002A0F00006662782F41393633353835312D344632
310
462D344230382D423046372D3739314545314133324237412F6469726563746F72792E786D6C504B01021400140006080800CC70623BEDD1DC58FD000000A00100003B000000000000000000000000000E1000006662782F41393633353835312D344632462D344230382D423046372D3739314545314133324237412F7265
310
736F75726365732F636F72652E786D6C504B0506000000000E000E0080040000641100000000
  0
XRECORD
  5
1F8
102
{ACAD_REACTORS
330
1F7
102
}
330
1F7
100
AcDbXrecord
280
     1
 70
     1
 90
429727718
  1
30362254-06B7-45E0-A893-8CFA70E3D6BC
310
504B03040A0000080000CC70623B3DEE336E79000000790000001B0000006175746F6465736B2D64657369676E2D7061636B6167652E786D6C3C3F786D6C2076657273696F6E3D22312E302220656E636F64696E673D227574662D3822203F3E3C666F726D6174733E3C666F726D61743E687474703A2F2F736368656D612E
310
6175746F6465736B2E636F6D2F64657369676E2D7061636B6167652F323030393C2F666F726D61743E3C2F666F726D6174733E504B0304140006080800CC70623BD486FD9CA0000000F4000000130000005B436F6E74656E745F54797065735D2E786D6C7D8EC10E82300C865F65E91D8A1E8C310C0EEA1BF002731658846E
310
D98AC1B77784ABF1D8FE5FBFBF75BBCE937A534CCEB38643598122B6FEE978D0B0485F9C41B54DDD7D022595594E1A469170414C76A4D9A4D207E29CF43ECE46F218070CC6BECC4078ACAA135ACF422C856C0E68EA1BF5669944DDD7BCDE7B1F8E415D77AECB980613C2E4AC91FC167A2B244592486606FC29C8FD7F045B9A
310
EF7053A7E60B504B0304140006080800CC70623B1EC5D7A3EB0000007C01000008000000636F72652E786D6C8D90416EC3201045AF82665B6103C6756C6122AB4D4ED00B204C5C94182C03558F5F9C3852BBEB6A467FFE9B197D71FC9E6FE8CBACC17AD7032D0820E3B41FAD9B7A48F1820F808E52ACDEC75F36404ECDA687
310
4D0629A6D5A76597B477D1B89855E747B38B2A041301E95B6E7A08FAD3CCAA50296647B8168BD2573599823EBB0CA76447F43862C7BCCF5EAC59410E4DDD9C7973C2755553CCCFA4C603E3040F1565ED3B1FDE4E432BCA0D9622DAF9795FAF464533826484B498524CD807E51D79ED187F21878E10516EF63F505AC67F42C9
310
BA58B1FDDD071640D2FCC87D2045B96591CB3DA85CB7DCE40F504B0304140006080800CC70623B55019EA25F0000007C00000007000000636E782E786D6C4DCB3B0E80201045D1AD90E915ED2CF8AC45050C11660C8261F98AB1B07AC9C97D42D718D865D3E909258CFD00CCE24AC6E326A164D74DC0B4128928FF32603847
310
2BA13128B1252AC747C6BAB984FC68F0B87FE8960A5C09FE86CFB69FBA01504B0304140006080800CC70623B8C9102E971010000D40300000C0000006662782F636F72652E786D6CC5535B6E833010BC8AE5DF0A6C08340F1947A84D4ED00B38C6A128602363A31CBFCB234A53A551FA553EC09AD9F5CE8C31DB9E9B1AF5CA
310
7695D1198E428A91D2D214952E33ECDD315861B4E5CC1AE3BE9561A445A3323CC098B3D21ADFCE9034DA29ED00D5A6503328BA4E398C640D8B0C77F253352214DE4145770A5B214FA2546114020D759C75CE8200340D19DE981F0F6746269C33EFAB6266AB02A655C74A59CCF365BADC27CB5D902ED22848F6340DF238A141
310
BE88E2F57B92BFEDF23523433367AE6A2EEAA455C2A902F398D2751045018D3FA264435F3771F242571B4A1919CA6F9A7C5B3CD9E42BED16F12C776AEB308F40C848FC700B1139D4891EF410CEC810227CC6846F8386402064270EF5C5C709A05E49676C024C61FC95EA45ED154CA5211D1FF4FB8291A913A68E9B83EBBB33
310
E2A7673CDE118E5AE8124C0807CB8377834E366998436B950D7A7746DAD846D4CFD978E0F04FD455FC5D49D2D4C6FE9722321F10997F0F32DC47FE05504B0304140006080800CC70623BFFEA85907E0000009D0000000B0000006662782F636E782E786D6C4DCCD10A83201886E15B91FFDC95D95A811AB6F23E625948A6C3
310
E9D8E5AF46073BFAE0E1E365ED67B3E8ADC3CB78C7815C7240DA3DFC64DCC221C519D7805AC182F7F1EF06C88D9BE6703008B6049F9E274D7A1E938DBB5AE3D6131B2589BA0D3D965551E0B2EA732C9B9A624AAEB41E3A557677029960D9AFB4EF11165F504B0304140006080800CC70623B4FEEA4082C0100001202000031
310
0000006662782F39464131463745442D413632322D343644302D413938332D3331353338454246344243312F636F72652E786D6C8D515B6EC32010BC0AE2AB55850DD871ED0813254D72825EC00192A2C460F1A872FC42ED48ED5F7E00CDCECCCEB26C731F6FE05B39AFADE921293004CA082BB5B9F43086336A21D870E6AC
310
0D7F68109861543DCC30E4ECE26C9C164858139409093556AA051CBC570102714B8F1E7AF1A5C6A11862480C7F2DA6415C878B2A4891CA89C7990F2E050073937C42DE1DB7E4F87ED8A36D4329AA9B3D46DBAEAD504556557BD81DEBDD0761E52CE42C462D17B996298E3E6BE59E35C962CE821E1FF18553435012728A7187
310
0841987E927A8D9B35ADDF70BBC6989599FE4F1427F9A4286A132ABAC49D651EF234CD5CE04CDA78BA3DC2A8FB645D00B9DF8B57E215725C60BCA2A463E54C4CE327C7A65E1C7DB02E7DEFCBF594B864C5CA6CDBD49C957943E9FA5D5FBAF336F90F504B0304140006080800CC70623BAD7543B64E01000033030000300000
310
006662782F39464131463745442D413632322D343644302D413938332D3331353338454246344243312F636E782E786D6CD593CD6EC32010845F0571AD6CE3D48AD20813A9873E410FBD12D82434182C7EAAE6EDBB2424CD25871E7B41D6EC30B3FA84F9E67BB2E40B4234DE8DB46F1925E094D7C6ED479AD3AE5951B2113C
310
789FEE6C943839C1488B4C05DF079FE72A69D8C96C13AAD6B8631503449F83828872B949AC57D26200B826A308D316B4064D6E46FCDA41C05550DC9E483A00797BFD207EFB092A45DE9514C1BBD22178396BD39D891265658C238DEA00936C654E5E433CB65A26D9F6EDB5EBC14EBF49A45CB856E66048291F6939A9A81BB5
310
C8917738143CA680F4AA299D66A042CEB3354A2684DC9D8D178FE0D9B8B41CAAD720F880EE7EF93C0C18769E099ECC04D5A102C8049A8A05632F4DDF376CF1DE0F6BB65C2F8627B65A33C6BB62177CEBBDAD973006829F89F22E814B54F4BC2BE347F8AA8F681390B50FA73F804400B5F542E796F19FF974E7F78DB802FE05
310
E207504B0304140006080800CC70623B16AB87BA640500003C100000340000006662782F39464131463745442D413632322D343644302D413938332D3331353338454246344243312F6F626A656374732E786D6CAD575B6FA33818FD2B887DE6924B3BED8A326A92B68A663B534DD4D13E548A0C38942D60649B369D5FBFC7
310
600890A493BDE42160637FD7F31D7FF63E6FB3D478A55C242CBF3247B66B1A340F5994E4F19559CA8D75611A9F7D8F33263BCB4C232719BD32D5B4E97B316765A1A722BA21652A07B3B7B33F0D11D29C9A46981221AE4C113ED38CD8A4942CA2E2C58E882476BCD9DA23BB5ED8171B73523C0F841684D35CC252CCE79062D4
310
468DFA43D7747CCF51DF7D4FFDEB5593E3AB9CCA9FBEFE241792E4E19EB28198C968BAB8199F5D5A67D3E9C49A9E8F47D6EC76B6B0469F26EEFC7C3EBFBCBEB98462213924694B38DD98FE1D62C393D073EA4FADC5DAF04326852CCF6958F90F0F2B9BB5C48816348F90C7840A68EB78EDF68723159BCEE7891A6B95DDE9D3
310
BCEAEEE8086A6C6F9E5D4B59F0175C10A7A0820BAA5055C7473B5AE3CFDD452D602CD5DF12616444529E90D448938013FE6EFA58AA96F85E4F8C42275708571E98FE6827AF6B2B4AE3D7D83D64E5A64C53054DD3AF90BD06FEA9149565C94FCA0F6B834DC85599E4F2423B24DF0B6AFA979E534DFA9E7A4CC6FA631D486393
310
921829879BF5D781A373557BCB85E97FB90DB62B558F8795179C15944B051F40AB495CF35451D26A4727654E6D8033BD98EF82F21D91FF8AF2DD9982BCF1643BDD4EB516C9492E368C67C88DED563FC36D5EACF66DFF057C3658BDBFA69DF9578B3DA735B64F18C7F20770A9D45CFCF7FCF563D6456A277DBEF78A02637CA2
310
43B90A490AEAB94F72244481D24819A6C0E59B606BFA4B3025981DBB48EAB701D97BF19C577CC77F2D1B6C55A9EF3C732474C0B727303F625995056C3B02963D9EAC146BE78EC5FCEC7FA999EBC5EACBAAE41B12D27B4D2C0BBA49F244E2ECDC81B76B502F113D8F5EE8FB1BE3111CDD4FC2AA9B844CAB1288B68AB90A7CDC
310
1C166AB0D3DC5310625FCC14E779BFD0709F8890A629C9292B1B2DED31A4B0DA928CEE135085754027E3018A397D4D5427D15BD1330B677DC8934285AC3DF45A9EB68FF8F2B8FC0A509AFEECFD0FF2DE25CC6047F7214B195F07EFEB9A094D800F7BFAE8FED187B78EA8A3A400F115961BCAD1215E47C966530AF0EE8128FE
310
58CEBB996A8964FFA529A046635D9353B0336A8F700DDF46271A024E70B0B37C9DE01847591E54DED53D54202AB947E4076556AC49C6CA5C9E1226B7F1A7B1BE15DEED62C41B91E1B3E9AFAAA735036547343A925075041DF0A9979E893B391F8FCFA6967B3EFB644DCF6E5CEBFAE272625DCC6FAF3FB93793C5F90CE1EF57
310
407342756B10D1C489E8953CD1617E5CEECAD6F4EF8914CE5D5D504E5C3F1F9736DA62CFC11E00BCDDB8CC8A9466349744C1F75EBDA4DF09BA8A9E8C7A7E9991989E20E5DBDD6A6003664ED8F7A04A8DBE0DF6EAD9B9AA858342E47399053949D2C146EDB85DE4B176BB0965FBAC19BD19AA918E27FA50C1D22402E144464C
310
59462568E704B6E71915404CB72B8FF4EDE184DDAF753F284990D2C6926782963815403548A70C657FDEF80D2D9CEAA2AE4C1C76F60BFE74219A06527D6582DF6412526107381E55E353090704D085B52408D0933C4ED159D79BDA71BB4BC506F4831350EB6F979CD22D69BF7AC49B91A2C0A9DDA3D5CA36AD20FC478E37E6
310
1844E2352865EBCB6EA275A652E3836BE04EFB400BF1A2556F515F1FBB35B2AB35BD889C744FFA1004B5544B121E57F70215746DD2F5E2C1412B602CBF19455AC6C8E5E9922C4E01E65215385004546899059180EAFCF7A707CE7017CD8CDB0410789AB32C63B91E5CEBBBACB17AC6CD347A022D5075FD106377347AAABA7E
310
7D11590744509B44E205134DC1290F06580320F78E537D3D73540E06CB970B431F185308AD40BBD794D6D77003C5A36E8EAA54BA64597CD8F83BD552A080A365F7FF06504B0304140006080000CC70623B000000000000000000000000350000006662782F39464131463745442D413632322D343644302D413938332D3331
310
353338454246344243312F76657274696365732E62696E504B0304140006080800CC70623BF270F1330600000004000000360000006662782F39464131463745442D413632322D343644302D413938332D3331353338454246344243312F747269616E676C65732E62696E636660600000504B0304140006080000CC70623B
310
000000000000000000000000370000006662782F39464131463745442D413632322D343644302D413938332D3331353338454246344243312F617474726962757465732E62696E504B0304140006080800CC70623B08DA0BD19000000041010000360000006662782F39464131463745442D413632322D343644302D413938
310
332D3331353338454246344243312F6469726563746F72792E786D6C858F410AC3201045AF22B36F53E9A60B35CBEEBAE80D244E44489C6234F4F835464A48035D0DF398FF9F8AF63D0E6CC63039F212F8F9020C7D47C6792B21C5FE7403D62A1188E2E60C98D7234A5830286103A55745067B9D86B8A3CF9C7F90C11DE607
310
FB144396D7B6A82D282E9A152AD114D5EF2CB866EEE831B8EEA07A7BB5A8D7D61A2BAAEB7FD5F70921FF497D00504B0304140006080800CC70623B0D6EF93BFE000000A00100003B0000006662782F39464131463745442D413632322D343644302D413938332D3331353338454246344243312F7265736F75726365732F63
310
6F72652E786D6C8D50596E833010BD0A9ADFCA60B334011947A8694ED00B586642AC041B79A97AFC9A40A5F6AF3F33A3B7689E1E3F7DCD8FEC139DD7D6F4C0720A191A65476DA61E62B892236427C19DB5E1970C322367EC618541F0C9D9B8EC90B226A009093576C41D94DE63804C3DD2D18357379C652E63480A7FCF17A9
310
EE72C29CE5894E3AC17D702940B63D59270887DE46A7D0F36263058F518FBB468FE9A7BE6A7420864373B8D4873369AA8691FA421B3294352543C5CAF65C0F6FEF43CB8BD52C78D0F34F46E550061C419494B6843142CB0F5677F4B52BEB177AEC28E5C52AFF638ACBF84F53D42654E51E77B379102C05791282176B5F693D
310
CB4C7BED567C03504B010214000A0000080000CC70623B3DEE336E79000000790000001B00000000000000000000000000000000006175746F6465736B2D64657369676E2D7061636B6167652E786D6C504B01021400140006080800CC70623BD486FD9CA0000000F40000001300000000000000000000000000B20000005B
310
436F6E74656E745F54797065735D2E786D6C504B01021400140006080800CC70623B1EC5D7A3EB0000007C010000080000000000000000000000000083010000636F72652E786D6C504B01021400140006080800CC70623B55019EA25F0000007C000000070000000000000000000000000094020000636E782E786D6C504B
310
01021400140006080800CC70623B8C9102E971010000D40300000C00000000000000000000000000180300006662782F636F72652E786D6C504B01021400140006080800CC70623BFFEA85907E0000009D0000000B00000000000000000000000000B30400006662782F636E782E786D6C504B01021400140006080800CC70
310
623B4FEEA4082C0100001202000031000000000000000000000000005A0500006662782F39464131463745442D413632322D343644302D413938332D3331353338454246344243312F636F72652E786D6C504B01021400140006080800CC70623BAD7543B64E010000330300003000000000000000000000000000D5060000
310
6662782F39464131463745442D413632322D343644302D413938332D3331353338454246344243312F636E782E786D6C504B01021400140006080800CC70623B16AB87BA640500003C1000003400000000000000000000000000710800006662782F39464131463745442D413632322D343644302D413938332D3331353338
310
454246344243312F6F626A656374732E786D6C504B01021400140006080000CC70623B0000000000000000000000003500000000000000000000000000270E00006662782F39464131463745442D413632322D343644302D413938332D3331353338454246344243312F76657274696365732E62696E504B01021400140006
310
080800CC70623BF270F133060000000400000036000000000000000000000000007A0E00006662782F39464131463745442D413632322D343644302D413938332D3331353338454246344243312F747269616E676C65732E62696E504B01021400140006080000CC70623B0000000000000000000000003700000000000000
310
000000000000D40E00006662782F39464131463745442D413632322D343644302D413938332D3331353338454246344243312F617474726962757465732E62696E504B01021400140006080800CC70623B08DA0BD190000000410100003600000000000000000000000000290F00006662782F39464131463745442D413632
310
322D343644302D413938332D3331353338454246344243312F6469726563746F72792E786D6C504B01021400140006080800CC70623B0D6EF93BFE000000A00100003B000000000000000000000000000D1000006662782F39464131463745442D413632322D343644302D413938332D3331353338454246344243312F7265
310
736F75726365732F636F72652E786D6C504B0506000000000E000E0080040000641100000000
  0
XRECORD
  5
1FB
102
{ACAD_REACTORS
330
173
102
}
330
173
100
AcDbXrecord
280
     1
 70
     0
 90
1673772943
  1
ECE7A1D2-D628-4531-984C-D00F80459256
310
504B03040A0000080000CC70623B3DEE336E79000000790000001B0000006175746F6465736B2D64657369676E2D7061636B6167652E786D6C3C3F786D6C2076657273696F6E3D22312E302220656E636F64696E673D227574662D3822203F3E3C666F726D6174733E3C666F726D61743E687474703A2F2F736368656D612E
310
6175746F6465736B2E636F6D2F64657369676E2D7061636B6167652F323030393C2F666F726D61743E3C2F666F726D6174733E504B0304140006080800CC70623BD486FD9CA0000000F4000000130000005B436F6E74656E745F54797065735D2E786D6C7D8EC10E82300C865F65E91D8A1E8C310C0EEA1BF002731658846E
310
D98AC1B77784ABF1D8FE5FBFBF75BBCE937A534CCEB38643598122B6FEE978D0B0485F9C41B54DDD7D022595594E1A469170414C76A4D9A4D207E29CF43ECE46F218070CC6BECC4078ACAA135ACF422C856C0E68EA1BF5669944DDD7BCDE7B1F8E415D77AECB980613C2E4AC91FC167A2B244592486606FC29C8FD7F045B9A
310
EF7053A7E60B504B0304140006080800CC70623BD9DDAED0EC0000007C01000008000000636F72652E786D6C8D90416EC3201045AF82665B61836D9CD8C2444DD39CA01740405C94182C03558F5F9C3852BBEB6A467FFE9B197D7EF89E6EE8CB2CC17A37002D0820E394D7D68D03A478C17B4007C117EFE32F1B20272733C0
310
2A83E0E3E2D3BC49CABB685CCCAAF3DA6CA20CC14440EA969B0182FA34932C648AD911AEC52CD5558EA6A0CF2EC329598D1E47ACCEFBECC59A050463A7EA5833865FEBDD0E37353BE3EE8DBDE3F6786A48D375FBF6CC78B9C282473B3DEFABC5C86834888A900E538A49F5419B9EB47DD5BC907D4F082F57FB1F28CDFA9F50
310
B22ED6D5F6EE030B20687EE43E10BC5CB3C8E51E54AE6B6EE207504B0304140006080800CC70623B55019EA25F0000007C00000007000000636E782E786D6C4DCB3B0E80201045D1AD90E915ED2CF8AC45050C11660C8261F98AB1B07AC9C97D42D718D865D3E909258CFD00CCE24AC6E326A164D74DC0B4128928FF326038
310
472BA13128B1252AC747C6BAB984FC68F0B87FE8960A5C09FE86CFB69FBA01504B0304140006080800CC70623BA24EB22D72010000D40300000C0000006662782F636F72652E786D6CC5535B6E833010BC8AE5DF0A6C5E49888CA3A6694ED00B38E05014B091B1518EDFE511A5A9D228FD2A1F60CDEC7A67C6986DCE4D8D7A
310
69BA4AAB0C073EC548AA5C17952A33ECECD15B61B4E1CC686DBF9561A44423333CC098B3D268D7CE50AE9595CA02AA74216750749DB418E5352C32DCE59FB211BE70162ABA93DF8AFC244AE9073ED050C759670D0840D390E18DF9F1706664C23973AE2A66B62A605A75ACA4C13C4976E1364A12EF355A2EBD384AF65EFA96
310
BC7B8BED2EA6719AAE16FB8491A199335B351775B991C2CA02F390D2D40B028F861F41BCA68B7518BFD0D59A524686F29B26D7164F36B94AD9289CE54E6D1DE6010819891F6E21228B3AD1831EC219194284CF98F06DD01008846CC5A1BEF83801D4CBDC6A1303536877A57A513B0953A94FC707FDBE6064EA84A9E3E6E0FA
310
EE8CF0E9198F7784A316AA0413C2C2F2E0ECA0934D1AE6D05A69BCDE9E91D2A611F573361E38FC1375157F5752AE6B6DFE4B11990F88CCBF0719EE23FF02504B0304140006080800CC70623B408A7D3B7C0000009D0000000B0000006662782F636E782E786D6C4DCCD10A83201886E15B91FFDC552A92A0064DBC8F581632
310
D3703A76F9ABD1C18E3E78F878E5F0D9027ABBFCF2292AE86E2D20171F69F6715550CB827B40839639A5F2770314A7CD293819B45C73AAFB45B35BA61ACAA1C1C7E7855C58C15BC331339661262CC762340413D68D77DA5B42298546CBE6573AF60CEB2F504B0304140006080800CC70623B449FB9BD290100001202000031
310
0000006662782F36394639363044362D344446342D343946362D394244322D3234314243333846323333332F636F72652E786D6C8D515B6EC32010BC0AE22B55850D98B871848994463E412FE002495162B07854397EA176A4F62F3F2C9A9D991D587EB84F37F0AD7D30CEF6905418026DA553C65E7A98E219ED203808EE9D
310
8B7F6810D871D23D2C3014FCE25D9A57483A1BB58D19B54EE9151C43D0110279CB971E06F9A5A7B11A53CC8C70ADE6515EC78BAE4895DB992778883E0700CB907242D17643D7E2538BD869608875438BBAE38922CAC8F1BDD90DB4691A5E2F42C153326A951B95E398B3D1FE599322163C9AE9115F7A3D46ADA0A018778810
310
84E907617BDCEE297BC5BB3DC6BC2EF47FA234AB2745C9D8D8D035EE220B50105E2F0DC1954B9FB747187D9F9D8FA0CCDB042D5FA0C015C65B42DF78BD10F3F3B363CB56C7109DCFDFBBB97E662ED92EB62D13BC2E1BCAE5777DB9966D8A1F504B0304140006080800CC70623BAD7543B64E01000033030000300000006662
310
782F36394639363044362D344446342D343946362D394244322D3234314243333846323333332F636E782E786D6CD593CD6EC32010845F0571AD6CE3D48AD20813A9873E410FBD12D82434182C7EAAE6EDBB2424CD25871E7B41D6EC30B3FA84F9E67BB2E40B4234DE8DB46F1925E094D7C6ED479AD3AE5951B2113C789FEE
310
6C943839C1488B4C05DF079FE72A69D8C96C13AAD6B8631503449F83828872B949AC57D26200B826A308D316B4064D6E46FCDA41C05550DC9E483A00797BFD207EFB092A45DE9514C1BBD22178396BD39D891265658C238DEA00936C654E5E433CB65A26D9F6EDB5EBC14EBF49A45CB856E66048291F6939A9A81BB5C89177
310
38143CA680F4AA299D66A042CEB3354A2684DC9D8D178FE0D9B8B41CAAD720F880EE7EF93C0C18769E099ECC04D5A102C8049A8A05632F4DDF376CF1DE0F6BB65C2F8627B65A33C6BB62177CEBBDAD973006829F89F22E814B54F4BC2BE347F8AA8F681390B50FA73F804400B5F542E796F19FF974E7F78DB802FE05E20750
310
4B0304140006080800CC70623B8D05915C650500003B100000340000006662782F36394639363044362D344446342D343946362D394244322D3234314243333846323333332F6F626A656374732E786D6CAD575B6FA33814FE2B887D06429276DA1565D4266D158D3A339A6846FB502932E050B66023DB74D2FDF5FB190C01
310
9276B2973C046C8ECFF53B17071F77456EBD502133CEAE6CDF9DD81665314F32965ED995DA3A17B6F5310C04E7AA47665B8C14F4CAD6DB7618A48257A5D94AE89654B91AEDDEDDFC61C998326A5B714EA4BCB265FC440BE2924AF184CA6737218AB8E976E7FA6E4338649B0A523E8D98964450A6A029F619B8588D52FE7039
310
B1BD30F0F4F730D0FF866AF6369557DB33949F31A9088B0F848DD8CCFCF9F2767A76E99CCDE733677E3EF59D9BBB9BA5E37F984D16E78BC5E5F5ED25044B25C0C96822E8D60EEFE11B91C581D77CEA34368A1F5329E68CD1B8B61F16D63A1B8E092D294B10C78C4A48EB593D192E7DED9BDEE7995E1B91FDEDD3ACEA9FE831
310
6A756F9F7D4D79F4274C90A7A04248AA51D5F8C718DAE06FB2F75AC4796EBE65D22A88A22223B995679120E2D50E41AA49C260C046A35368846B0BECD0DFF3EBEB8AD4F835768F69B9ADF25C43D30E6B646F807FAA64AD59F61715C7A54127C4AACA98BA3006A9D792DAE165E0D59B61A01FB3A9F9D838D2DAE62445C86166
310
F37564E842E7DE6A69879FEEA2DD5AE7E371E1A5E025154AC307D06A03D73EB5978C58FFA4C8E9033066E0F3BD53BEC1F39F91BE7B55103791EDE6BBB991A2046172CB4581D8B893FA674DDA17A77B3B7C413D1B511FD2743BFF8A38F03A658705E3ADF8015C3A3417FF3D7E439FF591DA0B5F18BC20C1B8981957AE6392A3
310
F43C640C01D1A0B4728E2DD4F26DB4B3C3152A252A3B4E913CEC1C72F012782FF88EFF8637AA552DBEF76408E8A8DE9E50F9E1CB3A2DA0DB1B6039A893B56063DC5B3E3FFB5F72E67AB9FEB4AEC496C4F4C1149625DD662C53E89D7BF0F6151A046260D1337DFDC94502430F83B0EE07A130A224BCAD7DAE1D9FB6CD422FF6
310
920702629C4BB9AE79C12F243C6432A6794E18E5552BA56B431AAB5D91317302B2B071E86C3A42B1A02F999E24061403B5D0EB639195DA655DD3EBEAB4FB862DDF579F014AD0E73C22F99E28DA57FB98E75C6CA2D74D53086D600F4786E0FE3144B771A8A7B900F03594DB8A633CBC49B2EDB69228BB479CF863B5E807AAAB
310
23872F6DFEB4129B949CA33823F58830E86D65621E10047D9DB34D862E8EAC3C2ABC2F7B2C40D67CDFE01F5545B92105AF983AC54D93D69E56FB8E797F88913F898A9FEC705D3F9D1B54EC8426FB500D40A03BD0119B06E1B95DDC7EB8F6975367793EBD70E66733DFB9BC982F9CE564727731999F5D4ECFCE3B8D6A4DC2A0
310
6D50FD148437D110834A64C6CDDF57FBACB5C307A2A477DFE4939736CFEF2B175371E0E10CF0DD1D5C15654E0BCA14D1E87DD02FF93782A162C0A3D95F1524A52770F972BF1EE9809D13CE7DD599467F8ECE9ADD85CE85A34CD45355448C64F9E8A031DC2D596ACC6E5DD93D9B82DE2EF5CAF81363A8E47996A0DE24564A79
310
4115AACE09C55E14540231FDA13C319787134EBF34E3A022514E5B4D9E0826E25C02D5805B15ABE1BEF51B26383D445DD9E875EE33FE4C22DA16427D65A3BCA92CA6D28DD01DF5DC53330704308475351050232CCD31583787BA75774AFB06E5070DD0C8EF484E19968C5D83BA5B90B244D31E54D55A372320FE4786B7EA58
310
44E135AA5467CB7EA333A61683CC6A8C3257034C10CF46F40EF9F5BE59BE5BD30C3C72D235E95D10345C1D45445A5F0BB47E46A5EBE5570F9380B5FA629579952296A773720405982B9DE04011506178964401AA8BDF1FBF0A8EAB6861DD6580C0E38217056766716DAEB2D6FA0917D3E4116581EADB879C4E7CFFB11EFACD
310
3D641311495D92C8676CB409A72D18610D803CE8A626049E8EC1887CB5B44CC39883690DDA8399B4B9855B481E7D71D4A9D22F96E5BB73BF5793020C02137BF837504B0304140006080000CC70623B000000000000000000000000350000006662782F36394639363044362D344446342D343946362D394244322D32343142
310
43333846323333332F76657274696365732E62696E504B0304140006080800CC70623BF270F1330600000004000000360000006662782F36394639363044362D344446342D343946362D394244322D3234314243333846323333332F747269616E676C65732E62696E636660600000504B0304140006080000CC70623B0000
310
00000000000000000000370000006662782F36394639363044362D344446342D343946362D394244322D3234314243333846323333332F617474726962757465732E62696E504B0304140006080800CC70623B08DA0BD19000000041010000360000006662782F36394639363044362D344446342D343946362D394244322D
310
3234314243333846323333332F6469726563746F72792E786D6C858F410AC3201045AF22B36F53E9A60B35CBEEBAE80D244E44489C6234F4F835464A48035D0DF398FF9F8AF63D0E6CC63039F212F8F9020C7D47C6792B21C5FE7403D62A1188E2E60C98D7234A5830286103A55745067B9D86B8A3CF9C7F90C11DE607FB14
310
4396D7B6A82D282E9A152AD114D5EF2CB866EEE831B8EEA07A7BB5A8D7D61A2BAAEB7FD5F70921FF497D00504B0304140006080800CC70623BCA768048FE000000A00100003B0000006662782F36394639363044362D344446342D343946362D394244322D3234314243333846323333332F7265736F75726365732F636F72
310
652E786D6C8D50596E833010BD0A9ADFCA60D600328E9AA639412F609909B1126CE4A5EAF16B0295DABFFECC8CDEA2797AECF8353F924FB44E193D409E5248504B332A3D0D10FC95B4901C39B3C6F85F3248B49871801506CE266BC2B243D2688FDA47549B11775038871E12F988C7004EDE7016A9083E2ADC3D5D84BC8B09
310
D33C8D74D471E6BC8D0192EDC93A815B742658898E651BCB59086ADC356A8C3FD555A1055ED7E7E254D615792D0F075295F585746FF53B694EE78A565DD736979A65AB9933AFE69F8CD2A2F038022F28ED489E135A7CE4554F9BBEA85E68DB53CAB255FEC71496F19FA6A0B42F8B3DEE6673C0F318E4497096AD7DC5F52C33
310
EEB55BFE0D504B010214000A0000080000CC70623B3DEE336E79000000790000001B00000000000000000000000000000000006175746F6465736B2D64657369676E2D7061636B6167652E786D6C504B01021400140006080800CC70623BD486FD9CA0000000F40000001300000000000000000000000000B20000005B436F
310
6E74656E745F54797065735D2E786D6C504B01021400140006080800CC70623BD9DDAED0EC0000007C010000080000000000000000000000000083010000636F72652E786D6C504B01021400140006080800CC70623B55019EA25F0000007C000000070000000000000000000000000095020000636E782E786D6C504B0102
310
1400140006080800CC70623BA24EB22D72010000D40300000C00000000000000000000000000190300006662782F636F72652E786D6C504B01021400140006080800CC70623B408A7D3B7C0000009D0000000B00000000000000000000000000B50400006662782F636E782E786D6C504B01021400140006080800CC70623B
310
449FB9BD290100001202000031000000000000000000000000005A0500006662782F36394639363044362D344446342D343946362D394244322D3234314243333846323333332F636F72652E786D6C504B01021400140006080800CC70623BAD7543B64E010000330300003000000000000000000000000000D20600006662
310
782F36394639363044362D344446342D343946362D394244322D3234314243333846323333332F636E782E786D6C504B01021400140006080800CC70623B8D05915C650500003B10000034000000000000000000000000006E0800006662782F36394639363044362D344446342D343946362D394244322D32343142433338
310
46323333332F6F626A656374732E786D6C504B01021400140006080000CC70623B0000000000000000000000003500000000000000000000000000250E00006662782F36394639363044362D344446342D343946362D394244322D3234314243333846323333332F76657274696365732E62696E504B010214001400060808
310
00CC70623BF270F13306000000040000003600000000000000000000000000780E00006662782F36394639363044362D344446342D343946362D394244322D3234314243333846323333332F747269616E676C65732E62696E504B01021400140006080000CC70623B00000000000000000000000037000000000000000000
310
00000000D20E00006662782F36394639363044362D344446342D343946362D394244322D3234314243333846323333332F617474726962757465732E62696E504B01021400140006080800CC70623B08DA0BD190000000410100003600000000000000000000000000270F00006662782F36394639363044362D344446342D
310
343946362D394244322D3234314243333846323333332F6469726563746F72792E786D6C504B01021400140006080800CC70623BCA768048FE000000A00100003B000000000000000000000000000B1000006662782F36394639363044362D344446342D343946362D394244322D3234314243333846323333332F7265736F
310
75726365732F636F72652E786D6C504B0506000000000E000E0080040000621100000000
  0
CELLSTYLEMAP
  5
E12
102
{ACAD_REACTORS
330
E11
102
}
330
E11
100
AcDbCellStyleMap
 90
        3
300
CELLSTYLE
  1
TABLEFORMAT_BEGIN
 90
        5
170
     1
 91
        0
 92
    32768
 62
   257
 93
        1
300
CONTENTFORMAT
  1
CONTENTFORMAT_BEGIN
 90
        0
 91
        0
 92
      512
 93
        0
300

 40
0.0
140
1.0
 94
        5
 62
     0
340
11
144
6.0
309
CONTENTFORMAT_END
171
     1
301
MARGIN
  1
CELLMARGIN_BEGIN
 40
1.5
 40
1.5
 40
1.5
 40
1.5
 40
4.5
 40
4.5
309
CELLMARGIN_END
 94
        6
 95
        1
302
GRIDFORMAT
  1
GRIDFORMAT_BEGIN
 90
        0
 91
        1
 62
     0
 92
       -2
340
14
 93
        0
 40
1.125
309
GRIDFORMAT_END
 95
        2
302
GRIDFORMAT
  1
GRIDFORMAT_BEGIN
 90
        0
 91
        1
 62
     0
 92
       -2
340
14
 93
        0
 40
1.125
309
GRIDFORMAT_END
 95
        4
302
GRIDFORMAT
  1
GRIDFORMAT_BEGIN
 90
        0
 91
        1
 62
     0
 92
       -2
340
14
 93
        0
 40
1.125
309
GRIDFORMAT_END
 95
        8
302
GRIDFORMAT
  1
GRIDFORMAT_BEGIN
 90
        0
 91
        1
 62
     0
 92
       -2
340
14
 93
        0
 40
1.125
309
GRIDFORMAT_END
 95
       16
302
GRIDFORMAT
  1
GRIDFORMAT_BEGIN
 90
        0
 91
        1
 62
     0
 92
       -2
340
14
 93
        0
 40
1.125
309
GRIDFORMAT_END
 95
       32
302
GRIDFORMAT
  1
GRIDFORMAT_BEGIN
 90
        0
 91
        1
 62
     0
 92
       -2
340
14
 93
        0
 40
1.125
309
GRIDFORMAT_END
309
TABLEFORMAT_END
  1
CELLSTYLE_BEGIN
 90
        1
 91
        1
300
_TITLE
309
CELLSTYLE_END
300
CELLSTYLE
  1
TABLEFORMAT_BEGIN
 90
        5
170
     1
 91
        0
 92
        0
 62
   257
 93
        1
300
CONTENTFORMAT
  1
CONTENTFORMAT_BEGIN
 90
        0
 91
        0
 92
      512
 93
        0
300

 40
0.0
140
1.0
 94
        5
 62
     0
340
11
144
4.5
309
CONTENTFORMAT_END
171
     1
301
MARGIN
  1
CELLMARGIN_BEGIN
 40
1.5
 40
1.5
 40
1.5
 40
1.5
 40
4.5
 40
4.5
309
CELLMARGIN_END
 94
        6
 95
        1
302
GRIDFORMAT
  1
GRIDFORMAT_BEGIN
 90
        0
 91
        1
 62
     0
 92
       -2
340
14
 93
        0
 40
1.125
309
GRIDFORMAT_END
 95
        2
302
GRIDFORMAT
  1
GRIDFORMAT_BEGIN
 90
        0
 91
        1
 62
     0
 92
       -2
340
14
 93
        0
 40
1.125
309
GRIDFORMAT_END
 95
        4
302
GRIDFORMAT
  1
GRIDFORMAT_BEGIN
 90
        0
 91
        1
 62
     0
 92
       -2
340
14
 93
        0
 40
1.125
309
GRIDFORMAT_END
 95
        8
302
GRIDFORMAT
  1
GRIDFORMAT_BEGIN
 90
        0
 91
        1
 62
     0
 92
       -2
340
14
 93
        0
 40
1.125
309
GRIDFORMAT_END
 95
       16
302
GRIDFORMAT
  1
GRIDFORMAT_BEGIN
 90
        0
 91
        1
 62
     0
 92
       -2
340
14
 93
        0
 40
1.125
309
GRIDFORMAT_END
 95
       32
302
GRIDFORMAT
  1
GRIDFORMAT_BEGIN
 90
        0
 91
        1
 62
     0
 92
       -2
340
14
 93
        0
 40
1.125
309
GRIDFORMAT_END
309
TABLEFORMAT_END
  1
CELLSTYLE_BEGIN
 90
        2
 91
        1
300
_HEADER
309
CELLSTYLE_END
300
CELLSTYLE
  1
TABLEFORMAT_BEGIN
 90
        5
170
     1
 91
        0
 92
        0
 62
   257
 93
        1
300
CONTENTFORMAT
  1
CONTENTFORMAT_BEGIN
 90
        0
 91
        0
 92
      512
 93
        0
300

 40
0.0
140
1.0
 94
        2
 62
     0
340
11
144
4.5
309
CONTENTFORMAT_END
171
     1
301
MARGIN
  1
CELLMARGIN_BEGIN
 40
1.5
 40
1.5
 40
1.5
 40
1.5
 40
4.5
 40
4.5
309
CELLMARGIN_END
 94
        6
 95
        1
302
GRIDFORMAT
  1
GRIDFORMAT_BEGIN
 90
        0
 91
        1
 62
     0
 92
       -2
340
14
 93
        0
 40
1.125
309
GRIDFORMAT_END
 95
        2
302
GRIDFORMAT
  1
GRIDFORMAT_BEGIN
 90
        0
 91
        1
 62
     0
 92
       -2
340
14
 93
        0
 40
1.125
309
GRIDFORMAT_END
 95
        4
302
GRIDFORMAT
  1
GRIDFORMAT_BEGIN
 90
        0
 91
        1
 62
     0
 92
       -2
340
14
 93
        0
 40
1.125
309
GRIDFORMAT_END
 95
        8
302
GRIDFORMAT
  1
GRIDFORMAT_BEGIN
 90
        0
 91
        1
 62
     0
 92
       -2
340
14
 93
        0
 40
1.125
309
GRIDFORMAT_END
 95
       16
302
GRIDFORMAT
  1
GRIDFORMAT_BEGIN
 90
        0
 91
        1
 62
     0
 92
       -2
340
14
 93
        0
 40
1.125
309
GRIDFORMAT_END
 95
       32
302
GRIDFORMAT
  1
GRIDFORMAT_BEGIN
 90
        0
 91
        1
 62
     0
 92
       -2
340
14
 93
        0
 40
1.125
309
GRIDFORMAT_END
309
TABLEFORMAT_END
  1
CELLSTYLE_BEGIN
 90
        3
 91
        2
300
_DATA
309
CELLSTYLE_END
  0
ENDSEC
  0
SECTION
  2
ACDSDATA
 70
     2
 71
     2
  0
ACDSSCHEMA
 90
        0
  1
AcDb_Thumbnail_Schema
  2
AcDbDs::ID
280
    10
 91
        8
  2
Thumbnail_Data
280
    15
 91
        0
101
ACDSRECORD
 95
        0
 90
        2
  2
AcDbDs::TreatedAsObjectData
280
     1
291
     1
101
ACDSRECORD
 95
        0
 90
        3
  2
AcDbDs::Legacy
280
     1
291
     1
101
ACDSRECORD
  1
AcDbDs::ID
 90
        4
  2
AcDs:Indexable
280
     1
291
     1
101
ACDSRECORD
  1
AcDbDs::ID
 90
        5
  2
AcDbDs::HandleAttribute
280
     7
282
     1
  0
ACDSSCHEMA
 90
        1
  1
AcDb3DSolid_ASM_Data
  2
AcDbDs::ID
280
    10
 91
        8
  2
ASM_Data
280
    15
 91
        0
101
ACDSRECORD
 95
        1
 90
        2
  2
AcDbDs::TreatedAsObjectData
280
     1
291
     1
101
ACDSRECORD
 95
        1
 90
        3
  2
AcDbDs::Legacy
280
     1
291
     1
101
ACDSRECORD
  1
AcDbDs::ID
 90
        4
  2
AcDs:Indexable
280
     1
291
     1
101
ACDSRECORD
  1
AcDbDs::ID
 90
        5
  2
AcDbDs::HandleAttribute
280
     7
282
     1
  0
ACDSSCHEMA
 90
        2
  1
AcDbDs::TreatedAsObjectDataSchema
  2
AcDbDs::TreatedAsObjectData
280
     1
 91
        0
  0
ACDSSCHEMA
 90
        3
  1
AcDbDs::LegacySchema
  2
AcDbDs::Legacy
280
     1
 91
        0
  0
ACDSSCHEMA
 90
        4
  1
AcDbDs::IndexedPropertySchema
  2
AcDs:Indexable
280
     1
 91
        0
  0
ACDSSCHEMA
 90
        5
  1
AcDbDs::HandleAttributeSchema
  2
AcDbDs::HandleAttribute
280
     7
 91
        1
284
     1
  0
ACDSRECORD
 90
        0
  2
AcDbDs::ID
280
    10
320
22
  2
Thumbnail_Data
280
    15
 94
     4693
310
89504E470D0A1A0A0000000D494844520000010000000065080300000095E2CD0900000300504C5445212830000000C8C8C80000000000000000000000000000000000000000000000000000330000660000990000CC0000FF0033000033330033660033990033CC0033FF0066000066330066660066990066CC0066FF0099
310
000099330099660099990099CC0099FF00CC0000CC3300CC6600CC9900CCCC00CCFF00FF0000FF3300FF6600FF9900FFCC00FFFF3300003300333300663300993300CC3300FF3333003333333333663333993333CC3333FF3366003366333366663366993366CC3366FF3399003399333399663399993399CC3399FF33CC00
310
33CC3333CC6633CC9933CCCC33CCFF33FF0033FF3333FF6633FF9933FFCC33FFFF6600006600336600666600996600CC6600FF6633006633336633666633996633CC6633FF6666006666336666666666996666CC6666FF6699006699336699666699996699CC6699FF66CC0066CC3366CC6666CC9966CCCC66CCFF66FF0066
310
FF3366FF6666FF9966FFCC66FFFF9900009900339900669900999900CC9900FF9933009933339933669933999933CC9933FF9966009966339966669966999966CC9966FF9999009999339999669999999999CC9999FF99CC0099CC3399CC6699CC9999CCCC99CCFF99FF0099FF3399FF6699FF9999FFCC99FFFFCC0000CC00
310
33CC0066CC0099CC00CCCC00FFCC3300CC3333CC3366CC3399CC33CCCC33FFCC6600CC6633CC6666CC6699CC66CCCC66FFCC9900CC9933CC9966CC9999CC99CCCC99FFCCCC00CCCC33CCCC66CCCC99CCCCCCCCCCFFCCFF00CCFF33CCFF66CCFF99CCFFCCCCFFFFFF0000FF0033FF0066FF0099FF00CCFF00FFFF3300FF3333
310
FF3366FF3399FF33CCFF33FFFF6600FF6633FF6666FF6699FF66CCFF66FFFF9900FF9933FF9966FF9999FF99CCFF99FFFFCC00FFCC33FFCC66FFCC99FFCCCCFFCCFFFFFF00FFFF33FFFF66FFFF99FFFFCCFFFFFF0000000D0D0D1A1A1A2828283535354343435050505D5D5D6B6B6B787878868686939393A1A1A1AEAEAEBB
310
BBBBC9C9C9D6D6D6E4E4E4F1F1F1FFFFFF000000000000000000000000000000000000000000000000000000000000B21171F600000F104944415478DACD5D6D6223B90AE406BA46EE7F009DA4AFC1FFB5F581AA00A97B32CE66BC3B3B7976D291101F45017A22FDA5F2E4A59ABFDBDEEFFFFD92AFF7BFFDAFF9A9C69F80AF
310
EBFBF57EC7DE7D7F5E4AE94F7E7DAE157E4FFF58E74BE4F5D3051FAAF49CF783C602710F7AB3A9F0BA5E2FD1ED772B2C48E6F6BFDE12B85EFF84EF86D54A13000B6A08A04940DAFEABC2E7AF2F0A4A402AED5B4D54E3AF42D27347AE4F4FFFBD91E3372BAEF1ABBDCEDFB9D6D88E10D4A20940FA7B4D015E7FD637BCDF2CA6
310
205D79F6FAD1F7CFFAD1FEC0693CD400B9F4623D92836A0F0B38AB8B360B5802E80B435590F716EB9416EB8734F1BCE4A34E3F58216969BA3E8E6BBE970269D903196CF72FA52F611AF13CC1FE1F5C2E98B85F72D78F211F329032052A6C0CF3BC4D02D753056087A1B4A0930CF69FCF4D69DBFE7C57A71ED8493505712A0E
310
92680E849DDC301F99120DFA51CA54AEC7EE1FDC97D7E13F97010BA0A9705D3E819EDE5CA4096099051E6BADC1C68300D8029A00DAFFBAE44F5F4BCAC24F7E2E03F6F6E6E3C6D14F1D5E8FAF41014044413FD881BC83E0B42DB3DDE1169B49CBB724309E52BE27033E8EA6C433062E1738ACB881000D02C03832E523669DA4
310
1FC5C500A74A7FB6F93716786B8D8E35922A3C96C15AFB080215F4753E6C04C1E9E71D089831101D4812036A1080ADF78FFDFF12C03B149A6CFD713C9081F28B4C5CBD3BEF4ECE8100618CA0D509009E5D43DC80D57E4700AF1FB99C1137A8A184648F101A0EA16F504610A4308D2080557C2A9FA1C4AE20EB6380905302CE
310
417C77FF0026BD12155AE2510D200EC1319105A8B944ADB5861880BE340101DD7F8C1CC3C50069FE1581C0E33440544310B407170FC5F7F2A313D4EEE3C029B8978C30E7A2241A8838FDC0B336F7014B1B31F0B0FF6938ACFAAF5F26014C06D5167464070CBC6280E1FCF967003915EF0E18D798FD943C06BE35E025E83AC3
310
8BC59FE515F70AC02268DBEF67C558C223AC4720497D22607ABA14B3988D7BD51016C272201EA2F7158718D823C35901BC08C6F6DBBF8220202C118C544F5E114560A9303C6E8200423C4B3D0C80800311079264660959EEA0770A40227885BD8E47F1304C00F1C0EDC1B69DAD0CC41689C72C045330671A2A6CDAD74882AA
310
9B18A82106BC9F33A2EA230FD8853B198B86D745113FA5311031D21124CD8F876C876A71220838C69E56967E2CFB2190B49C4B244A4C008F507033FB714A463B20926ABFA2149F6E4B5061B97507045296F260C0F49C510A92CC7F3488A0DE02C490F7F52CF05BB602C48B900B83E32610E0D0E71E5AE8CA663904D2A3BCA5
310
4D01F81860FA01EA0179D03B68BC77F24801CC92C62F12F5B9480AB51C1F576E5CAE6D75EC72E9306B950B1F0BE9A1F01D8826C437E346F76BD703D4BBB066258C5690B0ADE1B8DD59950CC6E5348B722288981DD36FC44895124158461D495688016F3C739F065AEC5F605B6398921004296AE720516F746E3DDD87C01103
310
C8B1D424062C22A97ADDACFCDE89FB43F57FFD96AAB0814548668453A0882346BA2796FBEF21F13246520ECB3E068AD4BA11C0030CD093FE5A9AF3EFE9A65447A68E1850290832D0179F7632A88B3C09E7194868DBBB0E246E63A0A31AA70BAC6A0CE25DD6F736A141380E8DACB49DA920A5E4B96A4D0949DB53708C2B1C40
310
96559C593952CD8BD7C50045B7C3C0E18EF95DDADF29467343D563CD52020C6E6B2014E2C3748291D470506A40EA853F0DF14814F844F091000C9FD549380F7A0153F5C5C771AAB69658234612E491343884A114C08C120A764130AFF8A006EB8C5DBC7FA937FB1F7F756B113E10C5A265C3599512605AE2C4482E4240C02E
310
8600410B981D066A241005A5E41106005F7081655599B2D0875502039910FF7470EE15F8067649E4A0EB4A99323E5F56F986CD0FC81752AD0140E49C850F0B282516130410ED2EF62F0190C34610F0FAA74EA4851B27714F1F14D6E04E501D8D3FBDA1D0DB310F4AB2709F65D7C0E24115698F7DFCC7CB305DADB1230DC4AC
310
B04430B63D4672DCBCAB17B89F35AA2810055910CC40804CAF766DEB9EDB106D058BB5D766648BAE53867198896852F226E8EC321E4405C25C510C056922280995AADD65D75D1E38B203A5CA818F8DB131A360F18D31D2D43602012B8B08BF29C99E35C4C315034AE440112421D136624029270DC0D42E258D035F5B91D157
310
2CEC6B56D49E058D229EE59394B29F09B2304BB43C886C2BC61D44577528A8D44670ECF63FD56624BE9ACB60D41A0D558AE10AD28FF6C9D2F784CF97E28A2944B4819313D7D0106ABD1AFC47F7AFCA3078A1A04DF45F990FD462428F4559A95A23C924A32DA77E404E4061BA2B5A712E90809C90A3379CA831EB8354793905
310
0F11803FDAEC7F5A6D77ED80837DA68702A876DEAAB43C21A2C499CEC8C94B4261900090585E1089BE5F354349B11A451A20DB82359CFF12418BF57963861AE13245B0F838B1C6370B1F580B0B454B5FF1E9C5776AE652682222FD1F4441B7299550B89C59E669FFCB142701382DA12E7E9C2B8254B45C20110949A63B571A
310
602089519003FACE85AE15C4422BA759C1EDE82203360D0B4938E88A2095101D61CD1569112543CD8EFC3940049595594B86E3122E51A1329092EBBE54C389A0E96D22804B25B4E8D591CF15312E28E35B5CD3191105D004659F1946DAB0DC0185A45412ED4157C850A66CB3242CED88A24CD7750115A95A35C440E1AA7648
310
047BE35FD9F0F915FBBA7C4FEBB6DCB629382665E5217A491B0135CD01159DB86408DE355F0D5316C15C751ADAA8592E36D8A5F548A330366098E8A9A40D4A4D58C8221BA220A502AF8B647921BBE119A512BA62300DC0524A45A4EF30522E00E98D2FC87FC5DE3E89A05B38EE212242E5DAF7045DD709EFE6857748D4C17E
310
808FC3A2D40123896E636081D6476A2A71AC6AD6802471E5E387EFCB61175844E8AD20DB782D716EC1F65FF2C60C24922684DEC7402CA7646C1F0A3F2DBAF1931405F0B01926A1F003C55B4AB2C4C2DDBB820EC2EA3D021F668A772AA72C8CC4C9F24106B77301FC88EBCA9B3A13A3087C8B62FBB2001FE28A29D5278254E0
310
488B2C92622439979E8570E3C902F68F6933028ADDAB88450E35999226F88A3C1293A1C8A438771FFBFF8BAF521F5B1457C2F8A0169C5A84D151314C279D290D502F488C060925BB9808F61030538C506E4B4012D74BF38AABAE66AB474D711B5DE812E825A2A42B86DBBE34222CE6511C1BAC2C00B1E4D2F5C646989735D5
310
5186E7AB16CF1B22777C90DCF3718C4ADD51619EAC690F6517908B818440801B73CC9A4F869936F9465F68DAE30B56E84714228C1B74349426D4B536320AA8CD7E4A20BB660CA1FE7FEB2FB7E524F90571EB7FDE1BAF81379610A61C48A41EB98991AA8548DFB8C33ECE0A6A1A1B4F573541616825F6642D8BD7DD56BE2782
310
6B544E42D55F92AE9850C72C3800150E0AF65F373130EDCBD5B4DE285980FCA6009608AC63D8E7A5217989186975A84C7CE019EB527C6FE32E112C61FE21A9374A489CBF2F80F0A03085E3939752B229469D5459888118031695A6210642FBEA563F4019181FFCC5FE53118484790FE3D2929D2B07800664435ED69153D5F7
310
646DB5CF61A4BF138044260A7BE74B19F9A668EC8AF1DDBB2561834524A61121C24CA67137FF2021B74255BAE4D32218C534D9367689F3850A7490237B814E4FDA3E4C00A1FF1FFC8786A2211663AFBF178017C185ED5C52DC1409B7052DF1B4AE8A2C113CF4DC606DA388EFC9F244D212069592AE0F08804560D4012F760E
310
6448CC9371DC4F32BC5CD7109C6F3CC51930A75E25D41B3574617D4401580496286561DA09400A7227501EC3017F8882F90CDCB1E70689026C2C950FF9C003A43ACF0F39821730F46AF39DDD9FB3F95B344BA810246D9834E1DAEA93FDEB674410C9C90DD543186966FE38E696B57D14D1ED00C8AE6D0CF3D21319F66D801C
310
A2E285E4936C704AA1B6CA2602AEC7D464F842886A4C6F0248692A1E6FFDAC00D2A8289A6800D73543570CA5112308E689A0A61725504190C90931AD50FDA007D88704D5ACA0E36A96A12B862CA41E2E0A5805A5F4E9E259EB89D4CE0250FD6448509C01F73845925110A6D2CE17050417A0E77AA36EEDF54326E05245811E
310
2BD148766AACBAD9001EB3459A3BB9BCF14BAC2FB7F2F096CA23017CC03842CFB7488AF343C95FFCEC819B807265A02A5E3F96407BDFBEBF2CC795C77F68FF69DAAD03276EA88C34114C67E0842E0AE0DE4F24DD557CBD9112A21F164052B21F370D007F2901C706055930C89E5A2C064E2E2DC748BB52CDAD003E86109D08
310
AE1E1602999AC5005836B5F2321B0CA3F04C24B58A7C4D86731654B87E5C034250D46B9EE0B698222A375D31DCE72BA5064672F45D72C316B5AA5511FD9F04C0FCA91F2E90B42B46E32D2C4BA1B91E9DC68011621142BBF1887A4C8455E5B310C95D27A07D429513965011D4806E6A3D81A41C23951219EB916E5D8F4B1F3F
310
230237052D191BEC4B3CEDE4E4ABBDF9C5202962246B49E28B245E79D4DD84D88F4064F88D57B8D36DD716C45446F387AF937B99F8573EFF20E10E86504D6A5EE13704400819EF46CB7A839DC7E6CE9E4A6D870104A403CCFEA200BDBBD3EBA745100AF95C1054A4D27C0CB8F0CE40D7FF0F445235A6245CB2763321A7223F
310
B47F0FC0A73F3C24829433D81766C47CE7A62A5593D411493C5A7E3CA69F13802386A553D3766F431E03132AAD4E175A03CC493034E589B773D23F66002C02C59B0770184670D257F61541DDB0C1504C89B778B4C9DFB39F53FD790908CD3C5C7C86D7C53160574F12DF5C4FEC47A5D18CA55DF51F5000D2669D3E67EDF88A
310
5C092782F651648AF832B6309D04C9E32913FA7F24B006EB24EC806FA291AC2DC8EE43D8EA87678A24191CFC1F51C049068A4CE9CD1CB4AF37D6AC274BE28D82E63CB908F96B16C0C503F8E2C21CA0C861068E2F0FF5055365B21CC885C61FC8F56FA80012865CC91D5FE2E4B24ABCB58AD2249954C0E6B21CBC60E6925F7B
310
69AA76B3774CDC4CECC53150F2397944773C0AE612C129ABEB37059099992B605B51F7BA364ECE2B2CDD3E082D176C01869C7E5100BABB595069C604083C888192110521065A63B21F2CFD2734E074DD2AF630804BE4724A3A3F146F14610174C55077C9D6EFC960D3B42754C60E79B1962B7269EE9B52FDC018304C4B7E59
310
04D8B29146623F094965C416217597086A7AD3C28A81F2EB1AC0B9FFC6144437AE633F273F33618494EDFFCFC02980FC70C2FB870E51342B451CBC2409202392C636BFBE54BF8200FCC88CFC3BC6708B4A914B0B456F47248D4737014C99E15DC537CBFA0F1D53E98AB9CBA2500000000049454E44AE426082
  0
ACDSRECORD
 90
        0
  2
AcDbDs::ID
280
    10
320
DF3
  2
Thumbnail_Data
280
    15
 94
     4675
310
89504E470D0A1A0A0000000D4948445200000100000000B5080300000087DCD12600000300504C5445FFFFFFFFFFFFFFFFFF0000000000000000000000000000000000000000000000000000330000660000990000CC0000FF0033000033330033660033990033CC0033FF0066000066330066660066990066CC0066FF0099
310
000099330099660099990099CC0099FF00CC0000CC3300CC6600CC9900CCCC00CCFF00FF0000FF3300FF6600FF9900FFCC00FFFF3300003300333300663300993300CC3300FF3333003333333333663333993333CC3333FF3366003366333366663366993366CC3366FF3399003399333399663399993399CC3399FF33CC00
310
33CC3333CC6633CC9933CCCC33CCFF33FF0033FF3333FF6633FF9933FFCC33FFFF6600006600336600666600996600CC6600FF6633006633336633666633996633CC6633FF6666006666336666666666996666CC6666FF6699006699336699666699996699CC6699FF66CC0066CC3366CC6666CC9966CCCC66CCFF66FF0066
310
FF3366FF6666FF9966FFCC66FFFF9900009900339900669900999900CC9900FF9933009933339933669933999933CC9933FF9966009966339966669966999966CC9966FF9999009999339999669999999999CC9999FF99CC0099CC3399CC6699CC9999CCCC99CCFF99FF0099FF3399FF6699FF9999FFCC99FFFFCC0000CC00
310
33CC0066CC0099CC00CCCC00FFCC3300CC3333CC3366CC3399CC33CCCC33FFCC6600CC6633CC6666CC6699CC66CCCC66FFCC9900CC9933CC9966CC9999CC99CCCC99FFCCCC00CCCC33CCCC66CCCC99CCCCCCCCCCFFCCFF00CCFF33CCFF66CCFF99CCFFCCCCFFFFFF0000FF0033FF0066FF0099FF00CCFF00FFFF3300FF3333
310
FF3366FF3399FF33CCFF33FFFF6600FF6633FF6666FF6699FF66CCFF66FFFF9900FF9933FF9966FF9999FF99CCFF99FFFFCC00FFCC33FFCC66FFCC99FFCCCCFFCCFFFFFF00FFFF33FFFF66FFFF99FFFFCCFFFFFF0000000D0D0D1A1A1A2828283535354343435050505D5D5D6B6B6B787878868686939393A1A1A1AEAEAEBB
310
BBBBC9C9C9D6D6D6E4E4E4F1F1F1FFFFFF000000000000000000000000000000000000000000000000000000000000AD4AB4E400000EFE4944415478DAED5D4976E33A0CC40D780DBF7FFFB54EC215D67D881F4B1C0A03295296ED389617E98E93D86209401506D2F48FBFFB41FF98BEF97101700170017001700170017001
310
70017001F0CD007C7D2EF0CD26700170017001F08100C418BF1A80F8F900182A5ABF50F98ED23F8D3F3E1181B7024062F92C9F4E98787F19F9F3012073D3D76FD6EF890B1276F5F7AF315FF109387C520C48169150FB1500E40B383128F96F43C542D64B4E6673C6DB7F02003132E3FA397DCD31E2E7CDDF04400EC6F1A900
310
14A6280084B05D7902E6A1777F0480CA624F4400222423001841E38B6340CC3E99DFF84C5A92C6B5AD92EE4BAEEBFF41A0C0416DB9F03400369714CF703CDFEF8BE3DFBF2800D28F7E9E0E44AF06203ABF1EF949816F33807CA552422600985F6E019E3E7B0EE563B467CD01F59997D3E0D31128716DF3F8409203824A267E
310
03006721B006BFD5C0CB3A29B35E02A4DA3DBF89059E6A0277E7270900CAE01AFBC144DE20851DF5C1A708C2587C3CDD680540B184350416857CFC9D8F0A211781C701D8CC196EAA31809C3BBE1D002BFE4ED083C99DF1B6D7B06F4810136478E7B9AB380A80A37D1E964359D4319221AEB8464016AC98A449CA89E652A3C3
310
B9008F49A419E1975F54A8DC10E472B3DD431925850648CDDE04407AF6882744AC00B110C12204D4C0202C43E98219184E0620152CE3B4F1C3A5B3F174961C906530FC05D58499E772E421007882F7A7224149F9B0BEB1793A9645D9CF03E0E7451E53F18D78A60B7862832792A5BD9C2FB08CFDE16EF9CBB268D320D73280
310
13CA3FC317310040436BF19CC534551F49B15B7158EE0FE91A21CB606D19FA368D1709760168A2C9034ED377C4E8DEBFFC86EBFA97404C500CF438607D5E99E9790070536CF340DCE802500D980500697919802A0FF03E6BCB30008C22B00B40134CE7AF6E374B08BB9E254B9EEB722A00220D10A5C120C831E80449A9C3A3
310
00F4722D36A1F1B63EF6092167BCA5C38191ADA8BD0C800D8175FD8C3E9A4A67551ED3C30070AFE2C89A1E6E1981DB0E21DC633F51AAED163BAF917D0560B131B04F8EEB159D0B007763095B8A5C21908EC00DD997897C5100480E5884A73764B02F9B46D9B80300F72BCEECCA84E4051586AC4B2314B962ADF42A3B2F8E95
310
91E11A023300445A376651589F192FD47601D8A1BA9654BA5520B69789A5D0B55D1A88FA0A80D4C43A04D45F5881919DB2AA0E4A581866C23E0053D94055EC1B009431E0A88369F946D979E180A402441EB4DD64F019532493BA718C095B00F020D37B6EB35EC1AD3CD6C65143597B00AC11BE0140328020C9B116C988C56D
310
1888030D00F64A8D718DE4BE44CED7704B41914C34AE0B76422090A02E856400DA0992D04B3C62043E003C04406CC15CFEF826A591497E9B1C900120CD014E82608A6436C33E04C04887887D45243068FB49897482C1D6FBB6949F4890D992A35B24DB104B45961D416E01E0F100DA83BA096275D7BA1C8F0316E3E9593721
310
390652EA80D064684F133B00308FE6B34EA97A00835CE94AEB743820F986E3E98A03188B644129EA0C40BF446301185F3FD51E86D0663B18D434765B265E75EE07494B6749828D04095342C65810A762C078AB29497AA3D0F630306247DC352A1CB030194F1FB08CBA0A4C1E8701985B3F472B449AFA40AD9F0000F2386081
310
524802860D3972C0908121508D178C01C0CC53B59468B2F436F3887C97A4DA151C80A6413C458E4E91EC000003B73E6ED7416A628582D3BFB5FC97B3BA2607A844B30E95569F69AA039245229AD101CDDBBF692F00201BA8C30172396D9D5800205109D0895E2F68083DB959004186380D007702064210974594AB204BF724
310
6A0382E2B85606E310799703729CB321402BAC110076DCBF4090D7BFF4B27412131C3E060E07C8002639807638005F8294778D00C0BB09F4B6E445ADBF1821915462B27EC3AD7C006AC260422108034012943258D74F45B0E4A96C7020F8FFBC685EBE12224BCD52C9B50C6AD981130239CF3E781CB058CB580C3954853593
310
0E0F21B040C0A957BD1800901C43931C55254F2285EF211DBBF400A176809590FA4C9C0160FF77E1F6D75444D8A03BCE486819ADB24ACAF8054DB0D711F513A48531414A0630724F870188116FBF67846C93F19CF811EF318D29ED899297DB2BD799A3E30127CE074471FB778C10CBB38A1CF7F4416D97180E10BD14C07831
310
EAE00900E0EDDF3036357C679425452C094C27752E219044082C9A465946A0C06E828461EAB4F9802A5B363B4D4E06955AC301108B7573833A66D0988C4CE438C0013C6100A31322A51A5900F8B9BF1D21B2FE6F7B1AE3D69E3A90962EBFAD215096422C3966E04F9B10C9B196AB1193A9D43A256C0440D62B2915707AAE40
310
3B1C2013A4A2E34E062046C9CB2A3CB57231B80E0000EE6695FDFDA1840A72735E4866883CE9013B00A4F13D1BABA90C7267752800085B08CC8AD1CB77C55E875645B54B8E5CFD4C7000CD18C01E00369D11DD4A5778B2044095FC9C40D796079C7608895902A748B6781C70C2989CA9B49093E961B70A4B9B28D0DC3626D9
310
3C80FAE428D45E287C82D28C6AB43E0D802AFF3AA5CDC564E96E08D4F60CF6DE2A2BE7640A07A18C4CC430336500FD0189453FA42B884A6D4E10658204DBBDF2BFEBCB64D94F2A77EEDB81E400F2CAE12904F01973826C01C0A4A75CB52783BD2127163D8F20374689F6CE8E2F74C8B186007A1880CD75C3E29B0164ED354E
310
64A55442A04C90081C468D050110ED62B62985989760B89C470160DD91140080EBA544204F37C2A0AB6EE3520D8DB67C9A63A2507BED766490925A4E8DD3C4B46E0380C872EE6E257C6900AA2993D7B9A42646CDC824711972DC517B2D4B0000580C4D13F3CC162E1F80881337F0BAE2EE4127DB889D32E8AA38C09223D4F6
310
548CDFA92B6772941C40A3C5AD1D0070A609C64D70C39E3142728B64AA8D8989A3C8F382507BEC486F2F5F101B2ACCD4F848CBB30D40F9B388077A484D436EFDC6E700489082098162CCCBEC936FDA813314410D0DD41956E800A0CBB5EC0EA85B89DA4C900C306E399CD9CD9D5BBEA0007045104F00207F37E6D302D4041A
310
AC5AEC6D272441150281041A219042631740AFEF5CA603B39CF0D64F531680788335F842440180C4C94A06FB1C600ACBAC9A88AA4FD022C7F25DA4475DA0D55B8E14D31587E06CEE17362942A0D90522AB6781B1B0CC3C4B8E666A7C7CEA6B6EC344DEE4646A7B52EDA165947957E820392170F18413396AAF438E9DD9C0CE
310
D4FF6851548F91C8C3B0BC6A4D150FB2861F9A00C83ABA225A530E6F9023314D78C04C67484E2E481F2DCB35A71BD0563E6D7080DB5C648F1C85A4A60E0634E501B31B27C11B206E3B150F95A52F3800EB7100E8A646399C06C9D10F01A7F406C56BC574D201864092E7BE88719902409B031613020BD14A720CDD31A8A75A
310
40592ECA0309809BA52747C81D243315821CE02448D42C85589B679A898107CF1061AF9983BD3D53A6A84331AE0C763749921C0EDF29851C3380C34768484E88B55B270513ED8F337AD5D7DE70B84A90B43A887321E081DDE3028268CB145E835BB52DD59493D34373060083D83CA637D0BF0E00C108E5E4174C981539B2AE
310
6C3A1C20CE49CA96019EEEA6CE90B037778DF33300C01DC2B114AFA1524B2CF37D5C70B9CF8D1D522E30921CD92B854C9FE3F1E0919A785A83A084E0D7F04BBA9B1B09301C4DED196851F3237D8A8ED46853F7FF8433451D894C5E82945AC201FA03920417CC6BEDF6D989D47982044F3954558743D6155C9FB8884BFAEB6E
310
127584532B41D247EEBD18000141743223C80FC88640AB0F5A472898E6A2F480CEFA9F0D004060CE01742680D9ED2E86920791DD3E0B7950102D07550A99CB044F04408443B181B59520415A673BDCBE7012C3E15090E19D9532F10B0050021900D0AD3426B29EBE386A4F25CFF93716871CB933EECBF4120BB03942F5871C
310
B682DE230924C8762AA4C10176F68AB8B74F94F965002808B643727C7254893F74CBBB9651AA8722CC96265C7C3B00B264127167679303CCA948EA08055D6E81794DBD3DA2510E7E2900C808DB79975E618B3CD3C83DC60E39BAE5D332C319E3340B3EE774795D3B743AFF72834C1DEEF08F50B01C10C0322A00F31EF0ACE3
310
F521395113C08603587744F9D6DA21A5E772B5071C58FF133F5F20A78A658DA11902655AB7E0EED1F606A1CA01EE10D79B2D40C5C3960A24AF7E181B1C001D24BB3B60691F78F53E004CF130FA1B848003B8CE6153D90FEE7100FC60E96E0F789F0BF8D9324400511DD29EEE55960500A406550F65422F0040A68A70A3A35B
310
2613B3477A3412C8D14EC71F8C812FF990153B7F504FC836533179EB549DBAB32170311CD00380DF0E400B02AFB928C9D1ECCF23B34772370410FD0200EC8544BFEF5300207D24086D3B84547711B760FF6E005A7B02EE2B8B519D1C5E9A89C4D5115A09521DD68F3457117F0D0B7403523E1EDFE3803A039DCAA714D84990
310
402FC583F7E5C934B87342893F03ED1656DD04A92602BF12006F77187B21D10981D4388C40A6CEB0A1F87702E00EF5A8493CD2EA80D8DB21E47EDC0204855FE9025E22E03A03EC25D48381DCEA2EB2D8527FB8C3F97C16481FA0478EFFBB1038DB4012071428D773FA1833A1831FB8F4321ADC3E18C794689D2D69891CC99E
310
357D6784B0D50BEE00241951CE14C82FF41F3C8E006003177E0C641DC69BB53AEE1C25A1B2853639DE372E4400000F552E005059FC110070EB7FF5B8BA74C616DD0152C00F4CF49DC157078503A2DE9E6501288F4300D801753B18D93B737B401A79036EC6176219BDF1F75BB23846145A440F02E049D87C68023FFEB93E48
310
8EB46707100223CEC5A9FD21AA31743A00E2FC6B3EE7239560DA69241E0000AAA32214630E82351A8A88281F470020E6534CA072A3D3B76067BF76CD1CD5816981B0B6BA35064E06E0B9FA60E2044222755A1B53A935E79B3303C07F7D16187A9CA50FF66A59510E4544114B0962C30702D0C9D87D3B60FC38AE7D000EEB80
310
170230D261C2D0190B000128B54EC8FC25007C3BA03CF510E0B9B5867E8A10FA6500D87800BEBF8DE45069223C4307FC8E47FB3C3EBB63F44F0240D4DA3869C744FF28001E06510B093E211BFC443BA0FCF16A7C463DE0537D8163A4435B3F3E0D80B61DD081CAF06702E0C683EDE3A5BE06000F8323A5F14F06C06210BF0E
310
0047267E1D00128356DDE36F0300187C2D0019836F06808898BF33063C88D95F04E04FE70297055C005C005C009C0DC0573F7E00A06F7E5C005C005C005C005C005C005C005C005C007C3300DF9E0B7CF9E37F71C8479463DE6B110000000049454E44AE426082
  0
ENDSEC
  0
EOF
